Damn it! RAM
50.238442 180.076447 47.200000
82000.000000 10.030000 33
6568.216500 1 100000 6418.216500
1500.000000 8 1 0.000000
0.000000 4945.025800
100.000000 4944.760100
200.000000 4944.427100
300.000000 4942.462200
400.000000 4939.349500
500.000000 4938.123000
600.000000 4938.349200
700.000000 4936.960800
800.000000 4935.045900
900.000000 4933.898100
1000.000000 4931.335700
1100.000000 4926.804000
1200.000000 4921.411900
1300.000000 4917.539600
1400.000000 4915.776300
1500.000000 4914.358500
1600.000000 4912.905700
1700.000000 4912.926500
1800.000000 4914.345500
1900.000000 4916.668400
2000.000000 4920.178400
2100.000000 4924.790500
2200.000000 4930.471400
2300.000000 4936.638300
2400.000000 4944.615600
2500.000000 4954.510500
2600.000000 4960.751600
2700.000000 4963.594700
2800.000000 4970.113600
2900.000000 4978.046700
3000.000000 4989.799700
3100.000000 5001.283500
3200.000000 5009.187800
3300.000000 5018.851500
3400.000000 5028.229000
3500.000000 5035.539700
3600.000000 5040.462700
3700.000000 5045.473200
3800.000000 5055.923800
3900.000000 5067.179600
4000.000000 5079.812000
4100.000000 5090.665200
4200.000000 5106.311000
4300.000000 5121.995000
4400.000000 5135.982100
4500.000000 5143.381900
4600.000000 5154.022400
4700.000000 5167.939800
4800.000000 5182.993500
4900.000000 5198.048500
5000.000000 5213.463500
5100.000000 5225.352700
5200.000000 5241.061500
5300.000000 5258.797200
5400.000000 5268.803600
5500.000000 5270.870800
5600.000000 5270.285200
5700.000000 5270.747700
5800.000000 5273.062500
5900.000000 5275.454300
6000.000000 5277.247100
6100.000000 5277.832900
6200.000000 5276.439500
6300.000000 5272.869000
6400.000000 5269.700900
6500.000000 5268.400600
6600.000000 5269.626500
6700.000000 5270.280000
6800.000000 5269.024700
6900.000000 5266.099800
7000.000000 5266.243100
7100.000000 5266.769500
7200.000000 5266.926100
7300.000000 5268.529400
7400.000000 5270.930300
7500.000000 5272.158800
7600.000000 5272.175300
7700.000000 5272.309700
7800.000000 5272.559100
7900.000000 5271.782500
8000.000000 5269.619600
8100.000000 5264.337600
8200.000000 5261.118400
8300.000000 5265.182400
8400.000000 5268.470400
8500.000000 5273.247900
8600.000000 5276.043700
8700.000000 5271.997300
8800.000000 5268.418100
8900.000000 5268.500200
9000.000000 5259.313700
9100.000000 5248.462800
9200.000000 5238.135000
9300.000000 5227.488800
9400.000000 5220.076700
9500.000000 5214.856000
9600.000000 5209.002200
9700.000000 5202.186900
9800.000000 5198.783600
9900.000000 5199.127600
10000.000000 5201.270300
10100.000000 5201.135200
10200.000000 5199.425900
10300.000000 5187.085300
10400.000000 5166.992400
10500.000000 5145.996300
10600.000000 5136.169300
10700.000000 5130.041500
10800.000000 5118.621800
10900.000000 5108.475800
11000.000000 5104.142200
11100.000000 5099.613000
11200.000000 5092.982200
11300.000000 5088.563200
11400.000000 5088.514400
11500.000000 5089.854900
11600.000000 5090.931600
11700.000000 5092.435800
11800.000000 5089.782300
11900.000000 5082.894200
12000.000000 5080.013500
12100.000000 5083.834800
12200.000000 5085.352800
12300.000000 5080.596700
12400.000000 5072.503700
12500.000000 5073.654500
12600.000000 5076.861000
12700.000000 5074.820400
12800.000000 5069.081200
12900.000000 5053.029200
13000.000000 5040.739800
13100.000000 5032.244300
13200.000000 5031.119400
13300.000000 5022.081000
13400.000000 5009.377700
13500.000000 4995.422900
13600.000000 4979.513700
13700.000000 4959.207700
13800.000000 4934.711800
13900.000000 4906.424500
14000.000000 4881.257500
14100.000000 4857.125100
14200.000000 4848.155100
14300.000000 4841.298200
14400.000000 4836.973000
14500.000000 4863.431800
14600.000000 4879.746600
14700.000000 4895.032800
14800.000000 4905.893700
14900.000000 4916.133100
15000.000000 4927.436100
15100.000000 4942.394300
15200.000000 4973.727100
15300.000000 5015.743300
15400.000000 5067.496400
15500.000000 5123.647300
15600.000000 5187.575400
15700.000000 5228.262600
15800.000000 5241.685600
15900.000000 5244.337600
16000.000000 5243.658700
16100.000000 5242.695100
16200.000000 5245.691100
16300.000000 5247.225100
16400.000000 5245.455300
16500.000000 5240.444000
16600.000000 5233.006600
16700.000000 5223.962900
16800.000000 5218.084300
16900.000000 5219.858700
17000.000000 5223.350000
17100.000000 5225.279000
17200.000000 5227.846500
17300.000000 5232.005700
17400.000000 5233.201800
17500.000000 5227.295800
17600.000000 5223.075500
17700.000000 5221.096000
17800.000000 5222.373000
17900.000000 5223.637000
18000.000000 5192.591300
18100.000000 5163.814400
18200.000000 5145.213200
18300.000000 5137.142300
18400.000000 5130.717300
18500.000000 5125.836400
18600.000000 5127.943300
18700.000000 5134.136600
18800.000000 5141.260700
18900.000000 5145.859200
19000.000000 5150.837800
19100.000000 5158.490200
19200.000000 5178.074100
19300.000000 5199.253500
19400.000000 5219.202000
19500.000000 5236.009000
19600.000000 5246.224600
19700.000000 5251.169600
19800.000000 5253.394900
19900.000000 5255.221600
20000.000000 5253.609700
20100.000000 5247.408000
20200.000000 5238.947100
20300.000000 5231.634600
20400.000000 5225.358100
20500.000000 5219.688100
20600.000000 5212.044500
20700.000000 5203.625300
20800.000000 5198.326800
20900.000000 5196.420500
21000.000000 5194.851100
21100.000000 5200.094700
21200.000000 5213.852000
21300.000000 5228.881100
21400.000000 5239.557600
21500.000000 5241.315000
21600.000000 5240.401100
21700.000000 5240.404400
21800.000000 5240.680900
21900.000000 5240.693200
22000.000000 5240.631600
22100.000000 5240.973400
22200.000000 5239.954000
22300.000000 5238.922000
22400.000000 5239.504800
22500.000000 5241.342200
22600.000000 5242.401800
22700.000000 5238.244200
22800.000000 5234.172600
22900.000000 5230.139200
23000.000000 5227.733800
23100.000000 5225.073200
23200.000000 5222.992800
23300.000000 5221.261900
23400.000000 5219.549400
23500.000000 5220.319000
23600.000000 5222.465400
23700.000000 5222.253400
23800.000000 5219.625000
23900.000000 5215.315900
24000.000000 5209.323500
24100.000000 5197.948400
24200.000000 5182.545000
24300.000000 5167.371100
24400.000000 5154.217200
24500.000000 5146.198200
24600.000000 5143.938200
24700.000000 5145.218700
24800.000000 5147.737900
24900.000000 5149.387100
25000.000000 5148.294400
25100.000000 5147.518900
25200.000000 5147.332300
25300.000000 5146.640000
25400.000000 5146.756900
25500.000000 5147.030700
25600.000000 5145.760600
25700.000000 5146.084000
25800.000000 5145.135600
25900.000000 5142.986400
26000.000000 5143.721100
26100.000000 5149.169900
26200.000000 5142.452700
26300.000000 5131.807100
26400.000000 5123.733400
26500.000000 5121.126600
26600.000000 5124.443400
26700.000000 5134.957300
26800.000000 5149.690200
26900.000000 5166.341000
27000.000000 5183.915800
27100.000000 5204.969300
27200.000000 5222.332700
27300.000000 5216.766500
27400.000000 5220.600100
27500.000000 5235.614900
27600.000000 5244.479500
27700.000000 5245.656900
27800.000000 5242.663600
27900.000000 5244.190800
28000.000000 5244.091900
28100.000000 5242.929000
28200.000000 5243.195100
28300.000000 5244.241600
28400.000000 5244.592500
28500.000000 5243.512800
28600.000000 5244.158500
28700.000000 5245.227500
28800.000000 5245.246100
28900.000000 5245.850600
29000.000000 5247.146000
29100.000000 5248.229900
29200.000000 5249.283100
29300.000000 5249.841900
29400.000000 5250.007900
29500.000000 5251.686100
29600.000000 5254.073900
29700.000000 5254.805100
29800.000000 5255.038500
29900.000000 5255.976600
30000.000000 5256.847900
30100.000000 5258.031300
30200.000000 5259.087900
30300.000000 5259.605700
30400.000000 5260.015800
30500.000000 5260.653900
30600.000000 5261.058000
30700.000000 5261.117500
30800.000000 5261.119700
30900.000000 5261.212100
31000.000000 5261.644700
31100.000000 5261.296600
31200.000000 5261.031500
31300.000000 5260.383500
31400.000000 5259.825700
31500.000000 5260.166600
31600.000000 5259.233900
31700.000000 5259.282700
31800.000000 5258.370600
31900.000000 5257.732400
32000.000000 5256.946500
32100.000000 5254.814900
32200.000000 5252.260100
32300.000000 5250.287500
32400.000000 5250.046200
32500.000000 5249.129800
32600.000000 5248.694800
32700.000000 5248.045900
32800.000000 5246.888300
32900.000000 5246.123200
33000.000000 5243.943300
33100.000000 5240.922900
33200.000000 5238.467900
33300.000000 5232.382200
33400.000000 5215.688200
33500.000000 5193.677800
33600.000000 5176.485900
33700.000000 5163.257400
33800.000000 5149.926200
33900.000000 5136.286700
34000.000000 5125.429100
34100.000000 5117.480600
34200.000000 5108.587600
34300.000000 5099.865400
34400.000000 5095.266400
34500.000000 5094.893700
34600.000000 5096.347800
34700.000000 5095.354800
34800.000000 5090.436900
34900.000000 5083.818900
35000.000000 5079.068100
35100.000000 5072.370000
35200.000000 5066.143700
35300.000000 5057.269000
35400.000000 5047.232800
35500.000000 5039.327000
35600.000000 5039.545100
35700.000000 5039.495600
35800.000000 5036.484000
35900.000000 5035.852500
36000.000000 5034.990800
36100.000000 5028.705400
36200.000000 5027.345400
36300.000000 5025.678000
36400.000000 5025.015100
36500.000000 5023.457600
36600.000000 5020.466200
36700.000000 5019.640200
36800.000000 5019.937600
36900.000000 5019.561300
37000.000000 5018.741700
37100.000000 5018.159200
37200.000000 5017.303000
37300.000000 5015.844000
37400.000000 5015.624700
37500.000000 5015.258500
37600.000000 5013.088800
37700.000000 5011.526600
37800.000000 5010.867700
37900.000000 5009.480100
38000.000000 5008.139700
38100.000000 5007.330800
38200.000000 5006.485800
38300.000000 5005.808900
38400.000000 5005.535300
38500.000000 5005.099400
38600.000000 5004.119300
38700.000000 5003.558000
38800.000000 5002.298200
38900.000000 5001.116100
39000.000000 5000.439200
39100.000000 5000.246800
39200.000000 4999.842700
39300.000000 4999.450900
39400.000000 5000.078600
39500.000000 4999.908300
39600.000000 4998.019100
39700.000000 4998.195100
39800.000000 4997.140400
39900.000000 4993.856900
40000.000000 4994.060700
40100.000000 4997.044700
40200.000000 4997.913000
40300.000000 4996.064100
40400.000000 4992.342800
40500.000000 4987.566200
40600.000000 4978.289100
40700.000000 4962.035300
40800.000000 4947.145200
40900.000000 4935.791000
41000.000000 4920.729800
41100.000000 4902.849200
41200.000000 4884.608500
41300.000000 4868.170400
41400.000000 4856.567400
41500.000000 4845.167900
41600.000000 4831.702800
41700.000000 4826.156000
41800.000000 4835.574700
41900.000000 4846.990000
42000.000000 4854.172600
42100.000000 4860.347100
42200.000000 4866.714400
42300.000000 4870.803100
42400.000000 4871.737700
42500.000000 4879.364100
42600.000000 4886.871500
42700.000000 4895.383000
42800.000000 4905.390000
42900.000000 4920.101500
43000.000000 4928.956100
43100.000000 4929.803500
43200.000000 4927.124300
43300.000000 4925.940900
43400.000000 4925.228800
43500.000000 4924.163600
43600.000000 4923.283400
43700.000000 4922.507300
43800.000000 4921.470400
43900.000000 4920.255800
44000.000000 4920.295700
44100.000000 4921.706100
44200.000000 4922.057400
44300.000000 4921.173000
44400.000000 4921.000900
44500.000000 4922.377000
44600.000000 4925.274700
44700.000000 4927.699300
44800.000000 4927.879900
44900.000000 4928.325100
45000.000000 4929.122000
45100.000000 4925.355900
45200.000000 4922.678600
45300.000000 4920.473800
45400.000000 4906.578800
45500.000000 4892.426500
45600.000000 4881.713900
45700.000000 4883.909900
45800.000000 4891.627300
45900.000000 4895.460400
46000.000000 4894.315600
46100.000000 4895.830500
46200.000000 4902.459400
46300.000000 4908.113600
46400.000000 4910.337600
46500.000000 4911.790000
46600.000000 4912.028700
46700.000000 4910.893500
46800.000000 4909.869200
46900.000000 4909.519600
47000.000000 4910.053500
47100.000000 4911.070000
47200.000000 4909.034800
47300.000000 4903.405200
47400.000000 4899.838400
47500.000000 4893.870700
47600.000000 4885.375700
47700.000000 4874.007500
47800.000000 4860.302500
47900.000000 4843.743800
48000.000000 4830.510700
48100.000000 4825.390700
48200.000000 4823.732100
48300.000000 4823.424600
48400.000000 4823.652200
48500.000000 4824.478900
48600.000000 4826.212300
48700.000000 4827.753800
48800.000000 4828.541000
48900.000000 4831.419200
49000.000000 4829.720300
49100.000000 4830.525300
49200.000000 4831.349700
49300.000000 4832.223600
49400.000000 4833.682500
49500.000000 4832.849400
49600.000000 4829.743100
49700.000000 4828.264700
49800.000000 4829.754800
49900.000000 4831.176400
50000.000000 4825.039800
50100.000000 4804.279600
50200.000000 4779.358600
50300.000000 4762.030100
50400.000000 4777.530500
50500.000000 4800.275800
50600.000000 4800.221700
50700.000000 4800.894800
50800.000000 4804.253700
50900.000000 4806.374700
51000.000000 4804.052700
51100.000000 4798.739800
51200.000000 4792.928600
51300.000000 4789.006000
51400.000000 4786.242400
51500.000000 4781.108900
51600.000000 4771.964400
51700.000000 4763.691800
51800.000000 4761.181000
51900.000000 4759.397900
52000.000000 4753.952100
52100.000000 4746.209800
52200.000000 4738.745800
52300.000000 4734.388600
52400.000000 4731.365000
52500.000000 4726.882200
52600.000000 4722.511000
52700.000000 4715.778900
52800.000000 4706.394900
52900.000000 4699.813100
53000.000000 4695.955400
53100.000000 4697.224300
53200.000000 4699.552400
53300.000000 4699.827000
53400.000000 4701.216800
53500.000000 4702.707700
53600.000000 4691.459400
53700.000000 4684.082900
53800.000000 4674.116100
53900.000000 4673.937700
54000.000000 4677.546300
54100.000000 4681.682500
54200.000000 4685.363100
54300.000000 4688.192000
54400.000000 4689.652200
54500.000000 4689.281800
54600.000000 4688.069800
54700.000000 4687.586300
54800.000000 4687.690300
54900.000000 4687.037900
55000.000000 4687.401200
55100.000000 4689.583100
55200.000000 4690.328000
55300.000000 4693.645100
55400.000000 4697.054200
55500.000000 4702.679700
55600.000000 4712.666100
55700.000000 4719.470200
55800.000000 4715.966700
55900.000000 4704.840600
56000.000000 4697.154400
56100.000000 4693.109100
56200.000000 4684.497800
56300.000000 4670.750700
56400.000000 4656.896000
56500.000000 4644.830100
56600.000000 4639.515300
56700.000000 4640.549800
56800.000000 4642.901100
56900.000000 4643.601900
57000.000000 4644.386300
57100.000000 4640.387900
57200.000000 4638.510700
57300.000000 4636.188400
57400.000000 4631.581100
57500.000000 4623.244700
57600.000000 4608.684500
57700.000000 4593.870600
57800.000000 4586.301000
57900.000000 4573.938600
58000.000000 4545.730400
58100.000000 4522.166200
58200.000000 4510.020500
58300.000000 4510.571200
58400.000000 4513.625300
58500.000000 4516.791500
58600.000000 4519.054300
58700.000000 4524.975900
58800.000000 4530.407600
58900.000000 4537.510500
59000.000000 4548.079300
59100.000000 4559.822100
59200.000000 4569.578100
59300.000000 4576.668100
59400.000000 4582.759800
59500.000000 4587.981000
59600.000000 4589.411600
59700.000000 4589.427400
59800.000000 4594.957800
59900.000000 4590.487400
60000.000000 4585.637600
60100.000000 4588.995200
60200.000000 4593.827700
60300.000000 4600.373400
60400.000000 4603.507400
60500.000000 4607.777500
60600.000000 4614.990500
60700.000000 4621.904700
60800.000000 4626.778100
60900.000000 4630.879900
61000.000000 4631.363300
61100.000000 4626.240700
61200.000000 4630.576800
61300.000000 4636.404700
61400.000000 4634.038700
61500.000000 4635.763100
61600.000000 4643.269500
61700.000000 4654.784200
61800.000000 4671.006000
61900.000000 4687.893300
62000.000000 4698.405400
62100.000000 4704.039800
62200.000000 4715.970500
62300.000000 4731.355500
62400.000000 4740.724700
62500.000000 4747.618100
62600.000000 4757.892900
62700.000000 4768.280800
62800.000000 4775.765400
62900.000000 4778.615600
63000.000000 4775.631900
63100.000000 4772.463000
63200.000000 4786.340200
63300.000000 4797.265400
63400.000000 4804.622700
63500.000000 4809.697800
63600.000000 4818.430700
63700.000000 4826.379300
63800.000000 4827.797900
63900.000000 4824.106400
64000.000000 4823.213500
64100.000000 4828.142000
64200.000000 4836.624800
64300.000000 4850.898000
64400.000000 4872.098700
64500.000000 4888.761800
64600.000000 4892.536300
64700.000000 4895.011700
64800.000000 4903.124600
64900.000000 4901.458900
65000.000000 4897.801400
65100.000000 4893.010800
65200.000000 4895.750700
65300.000000 4899.296000
65400.000000 4901.567200
65500.000000 4902.186800
65600.000000 4902.575800
65700.000000 4903.135400
65800.000000 4903.858100
65900.000000 4904.858500
66000.000000 4906.014900
66100.000000 4908.556100
66200.000000 4913.265100
66300.000000 4917.750100
66400.000000 4922.673800
66500.000000 4930.085200
66600.000000 4935.980400
66700.000000 4920.302600
66800.000000 4918.994900
66900.000000 4928.837600
67000.000000 4940.449600
67100.000000 4926.188600
67200.000000 4916.679600
67300.000000 4906.027000
67400.000000 4901.157900
67500.000000 4899.412800
67600.000000 4901.286600
67700.000000 4907.546300
67800.000000 4911.530600
67900.000000 4911.725700
68000.000000 4913.575400
68100.000000 4914.440000
68200.000000 4911.993400
68300.000000 4911.640200
68400.000000 4914.775400
68500.000000 4917.545000
68600.000000 4917.715600
68700.000000 4917.205900
68800.000000 4916.316300
68900.000000 4915.002700
69000.000000 4913.616900
69100.000000 4912.132000
69200.000000 4912.639800
69300.000000 4915.743700
69400.000000 4923.458800
69500.000000 4925.849900
69600.000000 4926.505100
69700.000000 4926.986400
69800.000000 4929.172500
69900.000000 4935.215900
70000.000000 4943.813000
70100.000000 4952.387800
70200.000000 4960.228300
70300.000000 4967.807700
70400.000000 4975.338800
70500.000000 4983.659300
70600.000000 4993.054600
70700.000000 5000.948300
70800.000000 5009.094800
70900.000000 5019.681700
71000.000000 5022.971800
71100.000000 5025.131400
71200.000000 5027.793600
71300.000000 5028.770500
71400.000000 5035.173300
71500.000000 5042.435300
71600.000000 5050.770600
71700.000000 5058.672000
71800.000000 5068.445100
71900.000000 5077.488800
72000.000000 5084.271500
72100.000000 5092.731500
72200.000000 5103.338300
72300.000000 5113.378100
72400.000000 5122.001900
72500.000000 5127.494700
72600.000000 5129.398100
72700.000000 5131.128300
72800.000000 5132.677400
72900.000000 5132.903900
73000.000000 5135.092200
73100.000000 5138.139500
73200.000000 5141.806300
73300.000000 5145.937500
73400.000000 5145.762800
73500.000000 5146.934900
73600.000000 5148.090500
73700.000000 5148.634100
73800.000000 5147.647500
73900.000000 5144.007800
74000.000000 5142.995900
74100.000000 5146.535800
74200.000000 5148.336700
74300.000000 5148.429000
74400.000000 5146.281000
74500.000000 5140.302600
74600.000000 5135.013200
74700.000000 5133.836100
74800.000000 5132.256600
74900.000000 5125.181700
75000.000000 5118.678500
75100.000000 5119.671600
75200.000000 5124.334900
75300.000000 5128.786300
75400.000000 5124.593700
75500.000000 5123.250900
75600.000000 5126.300100
75700.000000 5133.721000
75800.000000 5146.748500
75900.000000 5165.280600
76000.000000 5177.521400
76100.000000 5186.266200
76200.000000 5190.774000
76300.000000 5197.449800
76400.000000 5205.394900
76500.000000 5212.994200
76600.000000 5220.592300
76700.000000 5221.861500
76800.000000 5229.604300
76900.000000 5240.513700
77000.000000 5251.423000
77100.000000 5262.332400
77200.000000 5273.241700
77300.000000 5284.151000
77400.000000 5295.060400
77500.000000 5305.969700
77600.000000 5316.879100
77700.000000 5327.788400
77800.000000 5338.697700
77900.000000 5349.607100
78000.000000 5357.375600
78100.000000 5358.466000
78200.000000 5359.624300
78300.000000 5360.900800
78400.000000 5360.247600
78500.000000 5347.251300
78600.000000 5330.322400
78700.000000 5323.995000
78800.000000 5319.310700
78900.000000 5312.365200
79000.000000 5304.266200
79100.000000 5297.668200
79200.000000 5304.409500
79300.000000 5323.111000
79400.000000 5348.936300
79500.000000 5378.090700
79600.000000 5400.746900
79700.000000 5416.870900
79800.000000 5433.354100
79900.000000 5447.141800
80000.000000 5453.461100
80100.000000 5455.252100
80200.000000 5456.973800
80300.000000 5459.056600
80400.000000 5460.542800
80500.000000 5461.270400
80600.000000 5462.478600
80700.000000 5460.308200
80800.000000 5458.921600
80900.000000 5463.401600
81000.000000 5464.118500
81100.000000 5463.384000
81200.000000 5460.818300
81300.000000 5457.262300
81400.000000 5454.330900
81500.000000 5451.203900
81600.000000 5441.992800
81700.000000 5429.991200
81800.000000 5418.427700
81900.000000 5407.456600
82000.000000 5394.613300
-1 -1
0.000000 1543.870000
5.000000 1543.875500
10.000000 1543.944300
15.000000 1544.027700
20.000000 1544.102900
25.000000 1544.191600
30.000000 1544.282300
35.000000 1544.371000
40.000000 1544.461900
45.000000 1544.550300
50.000000 1544.627700
55.000000 1544.667100
60.000000 1544.621300
65.000000 1544.454800
70.000000 1544.079400
75.000000 1543.559400
80.000000 1542.991900
85.000000 1542.367700
90.000000 1541.710300
95.000000 1541.098100
100.000000 1540.577700
105.000000 1540.046100
110.000000 1539.378100
115.000000 1538.690600
120.000000 1537.999000
125.000000 1537.102900
130.000000 1536.193500
135.000000 1535.393500
140.000000 1534.739000
145.000000 1534.097100
150.000000 1533.267400
155.000000 1532.188100
160.000000 1530.655200
165.000000 1528.976800
170.000000 1527.310300
175.000000 1525.617100
180.000000 1524.066500
185.000000 1522.868400
190.000000 1522.212900
195.000000 1521.716100
200.000000 1521.126800
220.000000 1515.926500
240.000000 1508.614500
260.000000 1504.445200
280.000000 1501.435500
300.000000 1497.818700
320.000000 1495.595200
340.000000 1494.453500
360.000000 1493.397700
380.000000 1492.228400
400.000000 1491.077400
420.000000 1489.924500
440.000000 1489.232600
460.000000 1487.161900
480.000000 1485.540300
500.000000 1485.070600
550.000000 1484.458100
600.000000 1484.741600
650.000000 1484.826100
700.000000 1484.617400
750.000000 1484.465200
800.000000 1484.502900
850.000000 1484.442900
900.000000 1484.625200
950.000000 1484.556100
1000.000000 1484.500300
1050.000000 1484.507700
1100.000000 1484.531000
1150.000000 1484.518100
1200.000000 1484.671700
1250.000000 1484.748600
1300.000000 1485.102600
1350.000000 1485.298200
1400.000000 1485.692700
1450.000000 1486.136000
1500.000000 1486.524700
1550.000000 1486.944400
1600.000000 1487.552600
1650.000000 1488.022300
1700.000000 1488.490800
1750.000000 1488.973400
1800.000000 1489.484500
1850.000000 1489.967300
1900.000000 1490.368300
1950.000000 1491.072900
2000.000000 1491.671700
2050.000000 1492.158100
2100.000000 1492.745300
2150.000000 1493.480100
2200.000000 1494.120200
2250.000000 1494.826500
2300.000000 1495.507000
2350.000000 1496.177000
2400.000000 1496.959100
2450.000000 1497.672900
2500.000000 1498.397900
2550.000000 1499.119400
2600.000000 1499.872000
2650.000000 1500.608300
2700.000000 1501.433000
2750.000000 1502.271700
2800.000000 1503.060200
2850.000000 1503.881600
2900.000000 1504.706400
2950.000000 1505.487700
3000.000000 1506.303900
3050.000000 1507.120600
3100.000000 1507.921700
3150.000000 1508.768800
3200.000000 1509.596800
3250.000000 1510.451700
3300.000000 1511.326000
3350.000000 1512.158300
3400.000000 1513.012600
3450.000000 1513.846900
3500.000000 1514.700900
3550.000000 1515.556200
3600.000000 1516.406700
3650.000000 1517.255100
3700.000000 1518.137000
3750.000000 1519.006100
3800.000000 1519.878300
3850.000000 1520.746600
3900.000000 1521.632900
3950.000000 1522.488000
4000.000000 1523.337200
4050.000000 1524.228100
4100.000000 1525.115900
4150.000000 1526.008600
4200.000000 1526.898400
4250.000000 1527.792600
4300.000000 1528.699700
4350.000000 1529.601900
4400.000000 1530.516800
4450.000000 1531.427500
4500.000000 1532.342900
4550.000000 1533.259900
4600.000000 1534.151500
4650.000000 1535.116300
4700.000000 1536.037900
4750.000000 1536.959600
4800.000000 1537.881200
4850.000000 1538.802800
4900.000000 1539.724400
4950.000000 1540.646000
5000.000000 1541.567600
5050.000000 1542.489300
5100.000000 1543.410900
5150.000000 1544.332500
5200.000000 1545.254100
5250.000000 1546.175700
5300.000000 1547.097400
5350.000000 1548.019000
5400.000000 1548.940600
5450.000000 1549.862200
5500.000000 1550.783800
5550.000000 1551.705400
5600.000000 1552.627100
5650.000000 1553.548700
5700.000000 1554.470300
5750.000000 1555.391900
5800.000000 1556.313500
5850.000000 1557.235100
5900.000000 1558.156800
5950.000000 1559.078400
6000.000000 1560.000000
-1 -1
0.0000000 0.0000401
5.0000000 0.0000401
10.0000000 0.0000401
15.0000000 0.0000401
20.0000000 0.0000401
25.0000000 0.0000401
30.0000000 0.0000401
35.0000000 0.0000401
40.0000000 0.0000401
45.0000000 0.0000402
50.0000000 0.0000403
55.0000000 0.0000406
60.0000000 0.0000413
65.0000000 0.0000418
70.0000000 0.0000419
75.0000000 0.0000421
80.0000000 0.0000424
85.0000000 0.0000426
90.0000000 0.0000431
95.0000000 0.0000433
100.0000000 0.0000436
105.0000000 0.0000439
110.0000000 0.0000442
115.0000000 0.0000444
120.0000000 0.0000447
125.0000000 0.0000451
130.0000000 0.0000456
135.0000000 0.0000461
140.0000000 0.0000463
145.0000000 0.0000469
150.0000000 0.0000481
155.0000000 0.0000490
160.0000000 0.0000494
165.0000000 0.0000496
170.0000000 0.0000498
175.0000000 0.0000506
180.0000000 0.0000514
185.0000000 0.0000517
190.0000000 0.0000524
195.0000000 0.0000538
200.0000000 0.0000554
220.0000000 0.0000581
240.0000000 0.0000599
260.0000000 0.0000619
280.0000000 0.0000621
300.0000000 0.0000620
320.0000000 0.0000615
340.0000000 0.0000612
360.0000000 0.0000603
380.0000000 0.0000594
400.0000000 0.0000587
420.0000000 0.0000576
440.0000000 0.0000569
460.0000000 0.0000561
480.0000000 0.0000554
500.0000000 0.0000549
550.0000000 0.0000529
600.0000000 0.0000507
650.0000000 0.0000485
700.0000000 0.0000464
750.0000000 0.0000445
800.0000000 0.0000425
850.0000000 0.0000408
900.0000000 0.0000392
950.0000000 0.0000376
1000.0000000 0.0000360
1050.0000000 0.0000368
1100.0000000 0.0000377
1150.0000000 0.0000385
1200.0000000 0.0000394
1250.0000000 0.0000403
1300.0000000 0.0000411
1350.0000000 0.0000420
1400.0000000 0.0000429
1450.0000000 0.0000438
1500.0000000 0.0000447
1550.0000000 0.0000456
1600.0000000 0.0000465
1650.0000000 0.0000475
1700.0000000 0.0000485
1750.0000000 0.0000495
1800.0000000 0.0000505
1850.0000000 0.0000516
1900.0000000 0.0000527
1950.0000000 0.0000538
2000.0000000 0.0000549
2050.0000000 0.0000553
2100.0000000 0.0000556
2150.0000000 0.0000559
2200.0000000 0.0000562
2250.0000000 0.0000565
2300.0000000 0.0000568
2350.0000000 0.0000571
2400.0000000 0.0000574
2450.0000000 0.0000577
2500.0000000 0.0000581
2550.0000000 0.0000584
2600.0000000 0.0000587
2650.0000000 0.0000590
2700.0000000 0.0000593
2750.0000000 0.0000596
2800.0000000 0.0000599
2850.0000000 0.0000602
2900.0000000 0.0000605
2950.0000000 0.0000608
3000.0000000 0.0000611
3050.0000000 0.0000614
3100.0000000 0.0000618
3150.0000000 0.0000621
3200.0000000 0.0000624
3250.0000000 0.0000627
3300.0000000 0.0000630
3350.0000000 0.0000634
3400.0000000 0.0000637
3450.0000000 0.0000640
3500.0000000 0.0000643
3550.0000000 0.0000643
3600.0000000 0.0000643
3650.0000000 0.0000643
3700.0000000 0.0000642
3750.0000000 0.0000642
3800.0000000 0.0000642
3850.0000000 0.0000641
3900.0000000 0.0000641
3950.0000000 0.0000641
4000.0000000 0.0000641
4050.0000000 0.0000640
4100.0000000 0.0000640
4150.0000000 0.0000640
4200.0000000 0.0000639
4250.0000000 0.0000639
4300.0000000 0.0000639
4350.0000000 0.0000638
4400.0000000 0.0000638
4450.0000000 0.0000638
4500.0000000 0.0000637
4550.0000000 0.0000637
4600.0000000 0.0000637
4650.0000000 0.0000636
4700.0000000 0.0000636
4750.0000000 0.0000636
4800.0000000 0.0000635
4850.0000000 0.0000635
4900.0000000 0.0000635
4950.0000000 0.0000635
5000.0000000 0.0000634
5050.0000000 0.0000634
5100.0000000 0.0000634
5150.0000000 0.0000634
5200.0000000 0.0000633
5250.0000000 0.0000633
5300.0000000 0.0000633
5350.0000000 0.0000633
5400.0000000 0.0000632
5450.0000000 0.0000632
5500.0000000 0.0000632
5550.0000000 0.0000632
5600.0000000 0.0000632
5650.0000000 0.0000631
5700.0000000 0.0000631
5750.0000000 0.0000631
5800.0000000 0.0000631
5850.0000000 0.0000630
5900.0000000 0.0000630
5950.0000000 0.0000630
6000.0000000 0.0000630
-1 -1
0.000000 1700.000000
-1 -1
0.000000 1.871582
-1 -1
0.000000 0.400000
1074.098000 0.400000
1104.098000 10.000000
-1 -1
1000.000000
0.000000 1543.677153
5.000000 1543.799859
10.000000 1543.906958
15.000000 1544.003395
20.000000 1544.105530
25.000000 1544.194692
30.000000 1544.284404
35.000000 1544.372339
40.000000 1544.462155
45.000000 1544.549487
50.000000 1544.624321
55.000000 1544.660980
60.000000 1544.612869
65.000000 1544.440870
70.000000 1544.074666
75.000000 1543.574557
80.000000 1543.026565
85.000000 1542.427499
90.000000 1541.800843
95.000000 1541.217378
100.000000 1540.709521
105.000000 1540.192680
110.000000 1539.541940
115.000000 1538.863095
120.000000 1538.149803
125.000000 1537.260843
130.000000 1536.376784
135.000000 1535.548256
140.000000 1534.830515
145.000000 1534.127940
150.000000 1533.293363
155.000000 1532.250863
160.000000 1530.770048
165.000000 1529.115092
170.000000 1527.476053
175.000000 1525.790057
180.000000 1524.200218
185.000000 1522.899973
190.000000 1522.063181
195.000000 1521.380801
200.000000 1520.617349
220.000000 1515.126009
240.000000 1508.104077
260.000000 1503.932259
280.000000 1501.002407
300.000000 1497.520042
320.000000 1495.353041
340.000000 1494.173362
360.000000 1493.139412
380.000000 1492.033130
400.000000 1490.924764
420.000000 1489.859522
440.000000 1489.176818
460.000000 1487.308990
480.000000 1485.807337
500.000000 1485.264738
550.000000 1484.616697
600.000000 1484.794035
650.000000 1484.862964
700.000000 1484.630262
750.000000 1484.478875
800.000000 1484.542027
850.000000 1484.510460
900.000000 1484.651928
950.000000 1484.557136
1000.000000 1484.486115
1050.000000 1484.505803
1100.000000 1484.528577
1150.000000 1484.556351
1200.000000 1484.662711
1250.000000 1484.747341
1300.000000 1485.102600
1350.000000 1485.298200
1400.000000 1485.692700
1450.000000 1486.136000
1500.000000 1486.524700
1550.000000 1486.944400
1600.000000 1487.552600
1650.000000 1488.022300
1700.000000 1488.490800
1750.000000 1488.973400
1800.000000 1489.484500
1850.000000 1489.967300
1900.000000 1490.368300
1950.000000 1491.072900
2000.000000 1491.671700
2050.000000 1492.158100
2100.000000 1492.745300
2150.000000 1493.480100
2200.000000 1494.120200
2250.000000 1494.826500
2300.000000 1495.507000
2350.000000 1496.177000
2400.000000 1496.959100
2450.000000 1497.672900
2500.000000 1498.397900
2550.000000 1499.119400
2600.000000 1499.872000
2650.000000 1500.608300
2700.000000 1501.433000
2750.000000 1502.271700
2800.000000 1503.060200
2850.000000 1503.881600
2900.000000 1504.706400
2950.000000 1505.487700
3000.000000 1506.303900
3050.000000 1507.120600
3100.000000 1507.921700
3150.000000 1508.768800
3200.000000 1509.596800
3250.000000 1510.451700
3300.000000 1511.326000
3350.000000 1512.158300
3400.000000 1513.012600
3450.000000 1513.846900
3500.000000 1514.700900
3550.000000 1515.556200
3600.000000 1516.406700
3650.000000 1517.255100
3700.000000 1518.137000
3750.000000 1519.006100
3800.000000 1519.878300
3850.000000 1520.746600
3900.000000 1521.632900
3950.000000 1522.488000
4000.000000 1523.337200
4050.000000 1524.228100
4100.000000 1525.115900
4150.000000 1526.008600
4200.000000 1526.898400
4250.000000 1527.792600
4300.000000 1528.699700
4350.000000 1529.601900
4400.000000 1530.516800
4450.000000 1531.427500
4500.000000 1532.342900
4550.000000 1533.259900
4600.000000 1534.151500
4650.000000 1535.116300
4700.000000 1536.037900
4750.000000 1536.959600
4800.000000 1537.881200
4850.000000 1538.802800
4900.000000 1539.724400
4950.000000 1540.646000
5000.000000 1541.567600
5050.000000 1542.489300
5100.000000 1543.410900
5150.000000 1544.332500
5200.000000 1545.254100
5250.000000 1546.175700
5300.000000 1547.097400
5350.000000 1548.019000
5400.000000 1548.940600
5450.000000 1549.862200
5500.000000 1550.783800
5550.000000 1551.705400
5600.000000 1552.627100
5650.000000 1553.548700
5700.000000 1554.470300
5750.000000 1555.391900
5800.000000 1556.313500
5850.000000 1557.235100
5900.000000 1558.156800
5950.000000 1559.078400
6000.000000 1560.000000
-1 -1
0.0000000 0.0000401
5.0000000 0.0000401
10.0000000 0.0000401
15.0000000 0.0000401
20.0000000 0.0000401
25.0000000 0.0000401
30.0000000 0.0000401
35.0000000 0.0000401
40.0000000 0.0000401
45.0000000 0.0000402
50.0000000 0.0000403
55.0000000 0.0000406
60.0000000 0.0000413
65.0000000 0.0000418
70.0000000 0.0000419
75.0000000 0.0000421
80.0000000 0.0000424
85.0000000 0.0000426
90.0000000 0.0000431
95.0000000 0.0000433
100.0000000 0.0000436
105.0000000 0.0000439
110.0000000 0.0000442
115.0000000 0.0000444
120.0000000 0.0000447
125.0000000 0.0000451
130.0000000 0.0000456
135.0000000 0.0000461
140.0000000 0.0000463
145.0000000 0.0000469
150.0000000 0.0000481
155.0000000 0.0000490
160.0000000 0.0000494
165.0000000 0.0000496
170.0000000 0.0000498
175.0000000 0.0000506
180.0000000 0.0000514
185.0000000 0.0000517
190.0000000 0.0000524
195.0000000 0.0000538
200.0000000 0.0000554
220.0000000 0.0000581
240.0000000 0.0000599
260.0000000 0.0000619
280.0000000 0.0000621
300.0000000 0.0000620
320.0000000 0.0000615
340.0000000 0.0000612
360.0000000 0.0000603
380.0000000 0.0000594
400.0000000 0.0000587
420.0000000 0.0000576
440.0000000 0.0000569
460.0000000 0.0000561
480.0000000 0.0000554
500.0000000 0.0000549
550.0000000 0.0000529
600.0000000 0.0000507
650.0000000 0.0000485
700.0000000 0.0000464
750.0000000 0.0000445
800.0000000 0.0000425
850.0000000 0.0000408
900.0000000 0.0000392
950.0000000 0.0000376
1000.0000000 0.0000360
1050.0000000 0.0000368
1100.0000000 0.0000377
1150.0000000 0.0000385
1200.0000000 0.0000394
1250.0000000 0.0000403
1300.0000000 0.0000411
1350.0000000 0.0000420
1400.0000000 0.0000429
1450.0000000 0.0000438
1500.0000000 0.0000447
1550.0000000 0.0000456
1600.0000000 0.0000465
1650.0000000 0.0000475
1700.0000000 0.0000485
1750.0000000 0.0000495
1800.0000000 0.0000505
1850.0000000 0.0000516
1900.0000000 0.0000527
1950.0000000 0.0000538
2000.0000000 0.0000549
2050.0000000 0.0000553
2100.0000000 0.0000556
2150.0000000 0.0000559
2200.0000000 0.0000562
2250.0000000 0.0000565
2300.0000000 0.0000568
2350.0000000 0.0000571
2400.0000000 0.0000574
2450.0000000 0.0000577
2500.0000000 0.0000581
2550.0000000 0.0000584
2600.0000000 0.0000587
2650.0000000 0.0000590
2700.0000000 0.0000593
2750.0000000 0.0000596
2800.0000000 0.0000599
2850.0000000 0.0000602
2900.0000000 0.0000605
2950.0000000 0.0000608
3000.0000000 0.0000611
3050.0000000 0.0000614
3100.0000000 0.0000618
3150.0000000 0.0000621
3200.0000000 0.0000624
3250.0000000 0.0000627
3300.0000000 0.0000630
3350.0000000 0.0000634
3400.0000000 0.0000637
3450.0000000 0.0000640
3500.0000000 0.0000643
3550.0000000 0.0000643
3600.0000000 0.0000643
3650.0000000 0.0000643
3700.0000000 0.0000642
3750.0000000 0.0000642
3800.0000000 0.0000642
3850.0000000 0.0000641
3900.0000000 0.0000641
3950.0000000 0.0000641
4000.0000000 0.0000641
4050.0000000 0.0000640
4100.0000000 0.0000640
4150.0000000 0.0000640
4200.0000000 0.0000639
4250.0000000 0.0000639
4300.0000000 0.0000639
4350.0000000 0.0000638
4400.0000000 0.0000638
4450.0000000 0.0000638
4500.0000000 0.0000637
4550.0000000 0.0000637
4600.0000000 0.0000637
4650.0000000 0.0000636
4700.0000000 0.0000636
4750.0000000 0.0000636
4800.0000000 0.0000635
4850.0000000 0.0000635
4900.0000000 0.0000635
4950.0000000 0.0000635
5000.0000000 0.0000634
5050.0000000 0.0000634
5100.0000000 0.0000634
5150.0000000 0.0000634
5200.0000000 0.0000633
5250.0000000 0.0000633
5300.0000000 0.0000633
5350.0000000 0.0000633
5400.0000000 0.0000632
5450.0000000 0.0000632
5500.0000000 0.0000632
5550.0000000 0.0000632
5600.0000000 0.0000632
5650.0000000 0.0000631
5700.0000000 0.0000631
5750.0000000 0.0000631
5800.0000000 0.0000631
5850.0000000 0.0000630
5900.0000000 0.0000630
5950.0000000 0.0000630
6000.0000000 0.0000630
-1 -1
0.000000 1699.721548
-1 -1
0.000000 1.871582
-1 -1
0.000000 0.399934
1074.098000 0.399934
1104.098000 10.000000
-1 -1
2000.000000
0.000000 1543.484306
5.000000 1543.724219
10.000000 1543.869616
15.000000 1543.979090
20.000000 1544.108159
25.000000 1544.197784
30.000000 1544.286508
35.000000 1544.373678
40.000000 1544.462410
45.000000 1544.548674
50.000000 1544.620942
55.000000 1544.654860
60.000000 1544.604438
65.000000 1544.426941
70.000000 1544.069933
75.000000 1543.589714
80.000000 1543.061229
85.000000 1542.487297
90.000000 1541.891385
95.000000 1541.336657
100.000000 1540.841343
105.000000 1540.339260
110.000000 1539.705781
115.000000 1539.035589
120.000000 1538.300607
125.000000 1537.418787
130.000000 1536.560069
135.000000 1535.703012
140.000000 1534.922029
145.000000 1534.158779
150.000000 1533.319325
155.000000 1532.313626
160.000000 1530.884895
165.000000 1529.253384
170.000000 1527.641806
175.000000 1525.963014
180.000000 1524.333936
185.000000 1522.931545
190.000000 1521.913461
195.000000 1521.045502
200.000000 1520.107898
220.000000 1514.325518
240.000000 1507.593653
260.000000 1503.419317
280.000000 1500.569314
300.000000 1497.221384
320.000000 1495.110883
340.000000 1493.893223
360.000000 1492.881125
380.000000 1491.837861
400.000000 1490.772128
420.000000 1489.794543
440.000000 1489.121036
460.000000 1487.456080
480.000000 1486.074375
500.000000 1485.458876
550.000000 1484.775294
600.000000 1484.846471
650.000000 1484.899828
700.000000 1484.643124
750.000000 1484.492549
800.000000 1484.581154
850.000000 1484.578020
900.000000 1484.678655
950.000000 1484.558172
1000.000000 1484.471931
1050.000000 1484.503907
1100.000000 1484.526155
1150.000000 1484.594601
1200.000000 1484.653722
1250.000000 1484.746082
1300.000000 1485.102600
1350.000000 1485.298200
1400.000000 1485.692700
1450.000000 1486.136000
1500.000000 1486.524700
1550.000000 1486.944400
1600.000000 1487.552600
1650.000000 1488.022300
1700.000000 1488.490800
1750.000000 1488.973400
1800.000000 1489.484500
1850.000000 1489.967300
1900.000000 1490.368300
1950.000000 1491.072900
2000.000000 1491.671700
2050.000000 1492.158100
2100.000000 1492.745300
2150.000000 1493.480100
2200.000000 1494.120200
2250.000000 1494.826500
2300.000000 1495.507000
2350.000000 1496.177000
2400.000000 1496.959100
2450.000000 1497.672900
2500.000000 1498.397900
2550.000000 1499.119400
2600.000000 1499.872000
2650.000000 1500.608300
2700.000000 1501.433000
2750.000000 1502.271700
2800.000000 1503.060200
2850.000000 1503.881600
2900.000000 1504.706400
2950.000000 1505.487700
3000.000000 1506.303900
3050.000000 1507.120600
3100.000000 1507.921700
3150.000000 1508.768800
3200.000000 1509.596800
3250.000000 1510.451700
3300.000000 1511.326000
3350.000000 1512.158300
3400.000000 1513.012600
3450.000000 1513.846900
3500.000000 1514.700900
3550.000000 1515.556200
3600.000000 1516.406700
3650.000000 1517.255100
3700.000000 1518.137000
3750.000000 1519.006100
3800.000000 1519.878300
3850.000000 1520.746600
3900.000000 1521.632900
3950.000000 1522.488000
4000.000000 1523.337200
4050.000000 1524.228100
4100.000000 1525.115900
4150.000000 1526.008600
4200.000000 1526.898400
4250.000000 1527.792600
4300.000000 1528.699700
4350.000000 1529.601900
4400.000000 1530.516800
4450.000000 1531.427500
4500.000000 1532.342900
4550.000000 1533.259900
4600.000000 1534.151500
4650.000000 1535.116300
4700.000000 1536.037900
4750.000000 1536.959600
4800.000000 1537.881200
4850.000000 1538.802800
4900.000000 1539.724400
4950.000000 1540.646000
5000.000000 1541.567600
5050.000000 1542.489300
5100.000000 1543.410900
5150.000000 1544.332500
5200.000000 1545.254100
5250.000000 1546.175700
5300.000000 1547.097400
5350.000000 1548.019000
5400.000000 1548.940600
5450.000000 1549.862200
5500.000000 1550.783800
5550.000000 1551.705400
5600.000000 1552.627100
5650.000000 1553.548700
5700.000000 1554.470300
5750.000000 1555.391900
5800.000000 1556.313500
5850.000000 1557.235100
5900.000000 1558.156800
5950.000000 1559.078400
6000.000000 1560.000000
-1 -1
0.0000000 0.0000401
5.0000000 0.0000401
10.0000000 0.0000401
15.0000000 0.0000401
20.0000000 0.0000401
25.0000000 0.0000401
30.0000000 0.0000401
35.0000000 0.0000401
40.0000000 0.0000401
45.0000000 0.0000402
50.0000000 0.0000403
55.0000000 0.0000406
60.0000000 0.0000413
65.0000000 0.0000418
70.0000000 0.0000419
75.0000000 0.0000421
80.0000000 0.0000424
85.0000000 0.0000426
90.0000000 0.0000431
95.0000000 0.0000433
100.0000000 0.0000436
105.0000000 0.0000439
110.0000000 0.0000442
115.0000000 0.0000444
120.0000000 0.0000447
125.0000000 0.0000451
130.0000000 0.0000456
135.0000000 0.0000461
140.0000000 0.0000463
145.0000000 0.0000469
150.0000000 0.0000481
155.0000000 0.0000490
160.0000000 0.0000494
165.0000000 0.0000496
170.0000000 0.0000498
175.0000000 0.0000506
180.0000000 0.0000514
185.0000000 0.0000517
190.0000000 0.0000524
195.0000000 0.0000538
200.0000000 0.0000554
220.0000000 0.0000581
240.0000000 0.0000599
260.0000000 0.0000619
280.0000000 0.0000621
300.0000000 0.0000620
320.0000000 0.0000615
340.0000000 0.0000612
360.0000000 0.0000603
380.0000000 0.0000594
400.0000000 0.0000587
420.0000000 0.0000576
440.0000000 0.0000569
460.0000000 0.0000561
480.0000000 0.0000554
500.0000000 0.0000549
550.0000000 0.0000529
600.0000000 0.0000507
650.0000000 0.0000485
700.0000000 0.0000464
750.0000000 0.0000445
800.0000000 0.0000425
850.0000000 0.0000408
900.0000000 0.0000392
950.0000000 0.0000376
1000.0000000 0.0000360
1050.0000000 0.0000368
1100.0000000 0.0000377
1150.0000000 0.0000385
1200.0000000 0.0000394
1250.0000000 0.0000403
1300.0000000 0.0000411
1350.0000000 0.0000420
1400.0000000 0.0000429
1450.0000000 0.0000438
1500.0000000 0.0000447
1550.0000000 0.0000456
1600.0000000 0.0000465
1650.0000000 0.0000475
1700.0000000 0.0000485
1750.0000000 0.0000495
1800.0000000 0.0000505
1850.0000000 0.0000516
1900.0000000 0.0000527
1950.0000000 0.0000538
2000.0000000 0.0000549
2050.0000000 0.0000553
2100.0000000 0.0000556
2150.0000000 0.0000559
2200.0000000 0.0000562
2250.0000000 0.0000565
2300.0000000 0.0000568
2350.0000000 0.0000571
2400.0000000 0.0000574
2450.0000000 0.0000577
2500.0000000 0.0000581
2550.0000000 0.0000584
2600.0000000 0.0000587
2650.0000000 0.0000590
2700.0000000 0.0000593
2750.0000000 0.0000596
2800.0000000 0.0000599
2850.0000000 0.0000602
2900.0000000 0.0000605
2950.0000000 0.0000608
3000.0000000 0.0000611
3050.0000000 0.0000614
3100.0000000 0.0000618
3150.0000000 0.0000621
3200.0000000 0.0000624
3250.0000000 0.0000627
3300.0000000 0.0000630
3350.0000000 0.0000634
3400.0000000 0.0000637
3450.0000000 0.0000640
3500.0000000 0.0000643
3550.0000000 0.0000643
3600.0000000 0.0000643
3650.0000000 0.0000643
3700.0000000 0.0000642
3750.0000000 0.0000642
3800.0000000 0.0000642
3850.0000000 0.0000641
3900.0000000 0.0000641
3950.0000000 0.0000641
4000.0000000 0.0000641
4050.0000000 0.0000640
4100.0000000 0.0000640
4150.0000000 0.0000640
4200.0000000 0.0000639
4250.0000000 0.0000639
4300.0000000 0.0000639
4350.0000000 0.0000638
4400.0000000 0.0000638
4450.0000000 0.0000638
4500.0000000 0.0000637
4550.0000000 0.0000637
4600.0000000 0.0000637
4650.0000000 0.0000636
4700.0000000 0.0000636
4750.0000000 0.0000636
4800.0000000 0.0000635
4850.0000000 0.0000635
4900.0000000 0.0000635
4950.0000000 0.0000635
5000.0000000 0.0000634
5050.0000000 0.0000634
5100.0000000 0.0000634
5150.0000000 0.0000634
5200.0000000 0.0000633
5250.0000000 0.0000633
5300.0000000 0.0000633
5350.0000000 0.0000633
5400.0000000 0.0000632
5450.0000000 0.0000632
5500.0000000 0.0000632
5550.0000000 0.0000632
5600.0000000 0.0000632
5650.0000000 0.0000631
5700.0000000 0.0000631
5750.0000000 0.0000631
5800.0000000 0.0000631
5850.0000000 0.0000630
5900.0000000 0.0000630
5950.0000000 0.0000630
6000.0000000 0.0000630
-1 -1
0.000000 1699.494612
-1 -1
0.000000 1.871582
-1 -1
0.000000 0.399881
1074.098000 0.399881
1104.098000 10.000000
-1 -1
3000.000000
0.000000 1543.291459
5.000000 1543.648578
10.000000 1543.832273
15.000000 1543.954785
20.000000 1544.110789
25.000000 1544.200876
30.000000 1544.288611
35.000000 1544.375016
40.000000 1544.462665
45.000000 1544.547862
50.000000 1544.617564
55.000000 1544.648740
60.000000 1544.596007
65.000000 1544.413011
70.000000 1544.065199
75.000000 1543.604870
80.000000 1543.095894
85.000000 1542.547096
90.000000 1541.981928
95.000000 1541.455935
100.000000 1540.973164
105.000000 1540.485839
110.000000 1539.869621
115.000000 1539.208084
120.000000 1538.451410
125.000000 1537.576730
130.000000 1536.743353
135.000000 1535.857767
140.000000 1535.013544
145.000000 1534.189619
150.000000 1533.345288
155.000000 1532.376389
160.000000 1530.999743
165.000000 1529.391676
170.000000 1527.807559
175.000000 1526.135970
180.000000 1524.467654
185.000000 1522.963118
190.000000 1521.763742
195.000000 1520.710203
200.000000 1519.598447
220.000000 1513.525027
240.000000 1507.083230
260.000000 1502.906376
280.000000 1500.136220
300.000000 1496.922726
320.000000 1494.868724
340.000000 1493.613085
360.000000 1492.622837
380.000000 1491.642591
400.000000 1490.619492
420.000000 1489.729565
440.000000 1489.065253
460.000000 1487.603169
480.000000 1486.341412
500.000000 1485.653014
550.000000 1484.933891
600.000000 1484.898906
650.000000 1484.936692
700.000000 1484.655985
750.000000 1484.506224
800.000000 1484.620282
850.000000 1484.645581
900.000000 1484.705383
950.000000 1484.559208
1000.000000 1484.457746
1050.000000 1484.502010
1100.000000 1484.523732
1150.000000 1484.632852
1200.000000 1484.644733
1250.000000 1484.744823
1300.000000 1485.102600
1350.000000 1485.298200
1400.000000 1485.692700
1450.000000 1486.136000
1500.000000 1486.524700
1550.000000 1486.944400
1600.000000 1487.552600
1650.000000 1488.022300
1700.000000 1488.490800
1750.000000 1488.973400
1800.000000 1489.484500
1850.000000 1489.967300
1900.000000 1490.368300
1950.000000 1491.072900
2000.000000 1491.671700
2050.000000 1492.158100
2100.000000 1492.745300
2150.000000 1493.480100
2200.000000 1494.120200
2250.000000 1494.826500
2300.000000 1495.507000
2350.000000 1496.177000
2400.000000 1496.959100
2450.000000 1497.672900
2500.000000 1498.397900
2550.000000 1499.119400
2600.000000 1499.872000
2650.000000 1500.608300
2700.000000 1501.433000
2750.000000 1502.271700
2800.000000 1503.060200
2850.000000 1503.881600
2900.000000 1504.706400
2950.000000 1505.487700
3000.000000 1506.303900
3050.000000 1507.120600
3100.000000 1507.921700
3150.000000 1508.768800
3200.000000 1509.596800
3250.000000 1510.451700
3300.000000 1511.326000
3350.000000 1512.158300
3400.000000 1513.012600
3450.000000 1513.846900
3500.000000 1514.700900
3550.000000 1515.556200
3600.000000 1516.406700
3650.000000 1517.255100
3700.000000 1518.137000
3750.000000 1519.006100
3800.000000 1519.878300
3850.000000 1520.746600
3900.000000 1521.632900
3950.000000 1522.488000
4000.000000 1523.337200
4050.000000 1524.228100
4100.000000 1525.115900
4150.000000 1526.008600
4200.000000 1526.898400
4250.000000 1527.792600
4300.000000 1528.699700
4350.000000 1529.601900
4400.000000 1530.516800
4450.000000 1531.427500
4500.000000 1532.342900
4550.000000 1533.259900
4600.000000 1534.151500
4650.000000 1535.116300
4700.000000 1536.037900
4750.000000 1536.959600
4800.000000 1537.881200
4850.000000 1538.802800
4900.000000 1539.724400
4950.000000 1540.646000
5000.000000 1541.567600
5050.000000 1542.489300
5100.000000 1543.410900
5150.000000 1544.332500
5200.000000 1545.254100
5250.000000 1546.175700
5300.000000 1547.097400
5350.000000 1548.019000
5400.000000 1548.940600
5450.000000 1549.862200
5500.000000 1550.783800
5550.000000 1551.705400
5600.000000 1552.627100
5650.000000 1553.548700
5700.000000 1554.470300
5750.000000 1555.391900
5800.000000 1556.313500
5850.000000 1557.235100
5900.000000 1558.156800
5950.000000 1559.078400
6000.000000 1560.000000
-1 -1
0.0000000 0.0000401
5.0000000 0.0000401
10.0000000 0.0000401
15.0000000 0.0000401
20.0000000 0.0000401
25.0000000 0.0000401
30.0000000 0.0000401
35.0000000 0.0000401
40.0000000 0.0000401
45.0000000 0.0000402
50.0000000 0.0000403
55.0000000 0.0000406
60.0000000 0.0000413
65.0000000 0.0000418
70.0000000 0.0000419
75.0000000 0.0000421
80.0000000 0.0000424
85.0000000 0.0000426
90.0000000 0.0000431
95.0000000 0.0000433
100.0000000 0.0000436
105.0000000 0.0000439
110.0000000 0.0000442
115.0000000 0.0000444
120.0000000 0.0000447
125.0000000 0.0000451
130.0000000 0.0000456
135.0000000 0.0000461
140.0000000 0.0000463
145.0000000 0.0000469
150.0000000 0.0000481
155.0000000 0.0000490
160.0000000 0.0000494
165.0000000 0.0000496
170.0000000 0.0000498
175.0000000 0.0000506
180.0000000 0.0000514
185.0000000 0.0000517
190.0000000 0.0000524
195.0000000 0.0000538
200.0000000 0.0000554
220.0000000 0.0000581
240.0000000 0.0000599
260.0000000 0.0000619
280.0000000 0.0000621
300.0000000 0.0000620
320.0000000 0.0000615
340.0000000 0.0000612
360.0000000 0.0000603
380.0000000 0.0000594
400.0000000 0.0000587
420.0000000 0.0000576
440.0000000 0.0000569
460.0000000 0.0000561
480.0000000 0.0000554
500.0000000 0.0000549
550.0000000 0.0000529
600.0000000 0.0000507
650.0000000 0.0000485
700.0000000 0.0000464
750.0000000 0.0000445
800.0000000 0.0000425
850.0000000 0.0000408
900.0000000 0.0000392
950.0000000 0.0000376
1000.0000000 0.0000360
1050.0000000 0.0000368
1100.0000000 0.0000377
1150.0000000 0.0000385
1200.0000000 0.0000394
1250.0000000 0.0000403
1300.0000000 0.0000411
1350.0000000 0.0000420
1400.0000000 0.0000429
1450.0000000 0.0000438
1500.0000000 0.0000447
1550.0000000 0.0000456
1600.0000000 0.0000465
1650.0000000 0.0000475
1700.0000000 0.0000485
1750.0000000 0.0000495
1800.0000000 0.0000505
1850.0000000 0.0000516
1900.0000000 0.0000527
1950.0000000 0.0000538
2000.0000000 0.0000549
2050.0000000 0.0000553
2100.0000000 0.0000556
2150.0000000 0.0000559
2200.0000000 0.0000562
2250.0000000 0.0000565
2300.0000000 0.0000568
2350.0000000 0.0000571
2400.0000000 0.0000574
2450.0000000 0.0000577
2500.0000000 0.0000581
2550.0000000 0.0000584
2600.0000000 0.0000587
2650.0000000 0.0000590
2700.0000000 0.0000593
2750.0000000 0.0000596
2800.0000000 0.0000599
2850.0000000 0.0000602
2900.0000000 0.0000605
2950.0000000 0.0000608
3000.0000000 0.0000611
3050.0000000 0.0000614
3100.0000000 0.0000618
3150.0000000 0.0000621
3200.0000000 0.0000624
3250.0000000 0.0000627
3300.0000000 0.0000630
3350.0000000 0.0000634
3400.0000000 0.0000637
3450.0000000 0.0000640
3500.0000000 0.0000643
3550.0000000 0.0000643
3600.0000000 0.0000643
3650.0000000 0.0000643
3700.0000000 0.0000642
3750.0000000 0.0000642
3800.0000000 0.0000642
3850.0000000 0.0000641
3900.0000000 0.0000641
3950.0000000 0.0000641
4000.0000000 0.0000641
4050.0000000 0.0000640
4100.0000000 0.0000640
4150.0000000 0.0000640
4200.0000000 0.0000639
4250.0000000 0.0000639
4300.0000000 0.0000639
4350.0000000 0.0000638
4400.0000000 0.0000638
4450.0000000 0.0000638
4500.0000000 0.0000637
4550.0000000 0.0000637
4600.0000000 0.0000637
4650.0000000 0.0000636
4700.0000000 0.0000636
4750.0000000 0.0000636
4800.0000000 0.0000635
4850.0000000 0.0000635
4900.0000000 0.0000635
4950.0000000 0.0000635
5000.0000000 0.0000634
5050.0000000 0.0000634
5100.0000000 0.0000634
5150.0000000 0.0000634
5200.0000000 0.0000633
5250.0000000 0.0000633
5300.0000000 0.0000633
5350.0000000 0.0000633
5400.0000000 0.0000632
5450.0000000 0.0000632
5500.0000000 0.0000632
5550.0000000 0.0000632
5600.0000000 0.0000632
5650.0000000 0.0000631
5700.0000000 0.0000631
5750.0000000 0.0000631
5800.0000000 0.0000631
5850.0000000 0.0000630
5900.0000000 0.0000630
5950.0000000 0.0000630
6000.0000000 0.0000630
-1 -1
0.000000 1700.910687
-1 -1
0.000000 1.871582
-1 -1
0.000000 0.400214
1074.098000 0.400214
1104.098000 10.000000
-1 -1
4000.000000
0.000000 1543.098612
5.000000 1543.572937
10.000000 1543.794931
15.000000 1543.930480
20.000000 1544.113419
25.000000 1544.203968
30.000000 1544.290715
35.000000 1544.376355
40.000000 1544.462920
45.000000 1544.547049
50.000000 1544.614185
55.000000 1544.642620
60.000000 1544.587576
65.000000 1544.399082
70.000000 1544.060466
75.000000 1543.620027
80.000000 1543.130559
85.000000 1542.606894
90.000000 1542.072470
95.000000 1541.575213
100.000000 1541.104985
105.000000 1540.632419
110.000000 1540.033461
115.000000 1539.380578
120.000000 1538.602213
125.000000 1537.734674
130.000000 1536.926638
135.000000 1536.012523
140.000000 1535.105059
145.000000 1534.220458
150.000000 1533.371251
155.000000 1532.439152
160.000000 1531.114591
165.000000 1529.529968
170.000000 1527.973312
175.000000 1526.308927
180.000000 1524.601372
185.000000 1522.994691
190.000000 1521.614022
195.000000 1520.374904
200.000000 1519.088996
220.000000 1512.724536
240.000000 1506.572807
260.000000 1502.393434
280.000000 1499.703127
300.000000 1496.624068
320.000000 1494.626566
340.000000 1493.332947
360.000000 1492.364549
380.000000 1491.447321
400.000000 1490.466856
420.000000 1489.664587
440.000000 1489.009471
460.000000 1487.750259
480.000000 1486.608450
500.000000 1485.847152
550.000000 1485.092487
600.000000 1484.951341
650.000000 1484.973556
700.000000 1484.668847
750.000000 1484.519898
800.000000 1484.659409
850.000000 1484.713141
900.000000 1484.732111
950.000000 1484.560244
1000.000000 1484.443562
1050.000000 1484.500114
1100.000000 1484.521310
1150.000000 1484.671103
1200.000000 1484.635744
1250.000000 1484.743564
1300.000000 1485.102600
1350.000000 1485.298200
1400.000000 1485.692700
1450.000000 1486.136000
1500.000000 1486.524700
1550.000000 1486.944400
1600.000000 1487.552600
1650.000000 1488.022300
1700.000000 1488.490800
1750.000000 1488.973400
1800.000000 1489.484500
1850.000000 1489.967300
1900.000000 1490.368300
1950.000000 1491.072900
2000.000000 1491.671700
2050.000000 1492.158100
2100.000000 1492.745300
2150.000000 1493.480100
2200.000000 1494.120200
2250.000000 1494.826500
2300.000000 1495.507000
2350.000000 1496.177000
2400.000000 1496.959100
2450.000000 1497.672900
2500.000000 1498.397900
2550.000000 1499.119400
2600.000000 1499.872000
2650.000000 1500.608300
2700.000000 1501.433000
2750.000000 1502.271700
2800.000000 1503.060200
2850.000000 1503.881600
2900.000000 1504.706400
2950.000000 1505.487700
3000.000000 1506.303900
3050.000000 1507.120600
3100.000000 1507.921700
3150.000000 1508.768800
3200.000000 1509.596800
3250.000000 1510.451700
3300.000000 1511.326000
3350.000000 1512.158300
3400.000000 1513.012600
3450.000000 1513.846900
3500.000000 1514.700900
3550.000000 1515.556200
3600.000000 1516.406700
3650.000000 1517.255100
3700.000000 1518.137000
3750.000000 1519.006100
3800.000000 1519.878300
3850.000000 1520.746600
3900.000000 1521.632900
3950.000000 1522.488000
4000.000000 1523.337200
4050.000000 1524.228100
4100.000000 1525.115900
4150.000000 1526.008600
4200.000000 1526.898400
4250.000000 1527.792600
4300.000000 1528.699700
4350.000000 1529.601900
4400.000000 1530.516800
4450.000000 1531.427500
4500.000000 1532.342900
4550.000000 1533.259900
4600.000000 1534.151500
4650.000000 1535.116300
4700.000000 1536.037900
4750.000000 1536.959600
4800.000000 1537.881200
4850.000000 1538.802800
4900.000000 1539.724400
4950.000000 1540.646000
5000.000000 1541.567600
5050.000000 1542.489300
5100.000000 1543.410900
5150.000000 1544.332500
5200.000000 1545.254100
5250.000000 1546.175700
5300.000000 1547.097400
5350.000000 1548.019000
5400.000000 1548.940600
5450.000000 1549.862200
5500.000000 1550.783800
5550.000000 1551.705400
5600.000000 1552.627100
5650.000000 1553.548700
5700.000000 1554.470300
5750.000000 1555.391900
5800.000000 1556.313500
5850.000000 1557.235100
5900.000000 1558.156800
5950.000000 1559.078400
6000.000000 1560.000000
-1 -1
0.0000000 0.0000401
5.0000000 0.0000401
10.0000000 0.0000401
15.0000000 0.0000401
20.0000000 0.0000401
25.0000000 0.0000401
30.0000000 0.0000401
35.0000000 0.0000401
40.0000000 0.0000401
45.0000000 0.0000402
50.0000000 0.0000403
55.0000000 0.0000406
60.0000000 0.0000413
65.0000000 0.0000418
70.0000000 0.0000419
75.0000000 0.0000421
80.0000000 0.0000424
85.0000000 0.0000426
90.0000000 0.0000431
95.0000000 0.0000433
100.0000000 0.0000436
105.0000000 0.0000439
110.0000000 0.0000442
115.0000000 0.0000444
120.0000000 0.0000447
125.0000000 0.0000451
130.0000000 0.0000456
135.0000000 0.0000461
140.0000000 0.0000463
145.0000000 0.0000469
150.0000000 0.0000481
155.0000000 0.0000490
160.0000000 0.0000494
165.0000000 0.0000496
170.0000000 0.0000498
175.0000000 0.0000506
180.0000000 0.0000514
185.0000000 0.0000517
190.0000000 0.0000524
195.0000000 0.0000538
200.0000000 0.0000554
220.0000000 0.0000581
240.0000000 0.0000599
260.0000000 0.0000619
280.0000000 0.0000621
300.0000000 0.0000620
320.0000000 0.0000615
340.0000000 0.0000612
360.0000000 0.0000603
380.0000000 0.0000594
400.0000000 0.0000587
420.0000000 0.0000576
440.0000000 0.0000569
460.0000000 0.0000561
480.0000000 0.0000554
500.0000000 0.0000549
550.0000000 0.0000529
600.0000000 0.0000507
650.0000000 0.0000485
700.0000000 0.0000464
750.0000000 0.0000445
800.0000000 0.0000425
850.0000000 0.0000408
900.0000000 0.0000392
950.0000000 0.0000376
1000.0000000 0.0000360
1050.0000000 0.0000368
1100.0000000 0.0000377
1150.0000000 0.0000385
1200.0000000 0.0000394
1250.0000000 0.0000403
1300.0000000 0.0000411
1350.0000000 0.0000420
1400.0000000 0.0000429
1450.0000000 0.0000438
1500.0000000 0.0000447
1550.0000000 0.0000456
1600.0000000 0.0000465
1650.0000000 0.0000475
1700.0000000 0.0000485
1750.0000000 0.0000495
1800.0000000 0.0000505
1850.0000000 0.0000516
1900.0000000 0.0000527
1950.0000000 0.0000538
2000.0000000 0.0000549
2050.0000000 0.0000553
2100.0000000 0.0000556
2150.0000000 0.0000559
2200.0000000 0.0000562
2250.0000000 0.0000565
2300.0000000 0.0000568
2350.0000000 0.0000571
2400.0000000 0.0000574
2450.0000000 0.0000577
2500.0000000 0.0000581
2550.0000000 0.0000584
2600.0000000 0.0000587
2650.0000000 0.0000590
2700.0000000 0.0000593
2750.0000000 0.0000596
2800.0000000 0.0000599
2850.0000000 0.0000602
2900.0000000 0.0000605
2950.0000000 0.0000608
3000.0000000 0.0000611
3050.0000000 0.0000614
3100.0000000 0.0000618
3150.0000000 0.0000621
3200.0000000 0.0000624
3250.0000000 0.0000627
3300.0000000 0.0000630
3350.0000000 0.0000634
3400.0000000 0.0000637
3450.0000000 0.0000640
3500.0000000 0.0000643
3550.0000000 0.0000643
3600.0000000 0.0000643
3650.0000000 0.0000643
3700.0000000 0.0000642
3750.0000000 0.0000642
3800.0000000 0.0000642
3850.0000000 0.0000641
3900.0000000 0.0000641
3950.0000000 0.0000641
4000.0000000 0.0000641
4050.0000000 0.0000640
4100.0000000 0.0000640
4150.0000000 0.0000640
4200.0000000 0.0000639
4250.0000000 0.0000639
4300.0000000 0.0000639
4350.0000000 0.0000638
4400.0000000 0.0000638
4450.0000000 0.0000638
4500.0000000 0.0000637
4550.0000000 0.0000637
4600.0000000 0.0000637
4650.0000000 0.0000636
4700.0000000 0.0000636
4750.0000000 0.0000636
4800.0000000 0.0000635
4850.0000000 0.0000635
4900.0000000 0.0000635
4950.0000000 0.0000635
5000.0000000 0.0000634
5050.0000000 0.0000634
5100.0000000 0.0000634
5150.0000000 0.0000634
5200.0000000 0.0000633
5250.0000000 0.0000633
5300.0000000 0.0000633
5350.0000000 0.0000633
5400.0000000 0.0000632
5450.0000000 0.0000632
5500.0000000 0.0000632
5550.0000000 0.0000632
5600.0000000 0.0000632
5650.0000000 0.0000631
5700.0000000 0.0000631
5750.0000000 0.0000631
5800.0000000 0.0000631
5850.0000000 0.0000630
5900.0000000 0.0000630
5950.0000000 0.0000630
6000.0000000 0.0000630
-1 -1
0.000000 1702.741620
-1 -1
0.000000 1.871582
-1 -1
0.000000 0.400645
1074.098000 0.400645
1104.098000 10.000000
-1 -1
5000.000000
0.000000 1542.905764
5.000000 1543.497297
10.000000 1543.757589
15.000000 1543.906174
20.000000 1544.116049
25.000000 1544.207060
30.000000 1544.292819
35.000000 1544.377694
40.000000 1544.463175
45.000000 1544.546236
50.000000 1544.610806
55.000000 1544.636499
60.000000 1544.579145
65.000000 1544.385152
70.000000 1544.055732
75.000000 1543.635184
80.000000 1543.165223
85.000000 1542.666693
90.000000 1542.163013
95.000000 1541.694492
100.000000 1541.236807
105.000000 1540.778999
110.000000 1540.197302
115.000000 1539.553073
120.000000 1538.753016
125.000000 1537.892617
130.000000 1537.109922
135.000000 1536.167279
140.000000 1535.196574
145.000000 1534.251298
150.000000 1533.397213
155.000000 1532.501915
160.000000 1531.229438
165.000000 1529.668261
170.000000 1528.139065
175.000000 1526.481884
180.000000 1524.735090
185.000000 1523.026264
190.000000 1521.464303
195.000000 1520.039605
200.000000 1518.579544
220.000000 1511.924046
240.000000 1506.062383
260.000000 1501.880493
280.000000 1499.270034
300.000000 1496.325410
320.000000 1494.384407
340.000000 1493.052808
360.000000 1492.106262
380.000000 1491.252052
400.000000 1490.314219
420.000000 1489.599608
440.000000 1488.953689
460.000000 1487.897349
480.000000 1486.875487
500.000000 1486.041290
550.000000 1485.251084
600.000000 1485.003776
650.000000 1485.010420
700.000000 1484.681709
750.000000 1484.533573
800.000000 1484.698536
850.000000 1484.780701
900.000000 1484.758838
950.000000 1484.561280
1000.000000 1484.429377
1050.000000 1484.498217
1100.000000 1484.518887
1150.000000 1484.709353
1200.000000 1484.626755
1250.000000 1484.742305
1300.000000 1485.102600
1350.000000 1485.298200
1400.000000 1485.692700
1450.000000 1486.136000
1500.000000 1486.524700
1550.000000 1486.944400
1600.000000 1487.552600
1650.000000 1488.022300
1700.000000 1488.490800
1750.000000 1488.973400
1800.000000 1489.484500
1850.000000 1489.967300
1900.000000 1490.368300
1950.000000 1491.072900
2000.000000 1491.671700
2050.000000 1492.158100
2100.000000 1492.745300
2150.000000 1493.480100
2200.000000 1494.120200
2250.000000 1494.826500
2300.000000 1495.507000
2350.000000 1496.177000
2400.000000 1496.959100
2450.000000 1497.672900
2500.000000 1498.397900
2550.000000 1499.119400
2600.000000 1499.872000
2650.000000 1500.608300
2700.000000 1501.433000
2750.000000 1502.271700
2800.000000 1503.060200
2850.000000 1503.881600
2900.000000 1504.706400
2950.000000 1505.487700
3000.000000 1506.303900
3050.000000 1507.120600
3100.000000 1507.921700
3150.000000 1508.768800
3200.000000 1509.596800
3250.000000 1510.451700
3300.000000 1511.326000
3350.000000 1512.158300
3400.000000 1513.012600
3450.000000 1513.846900
3500.000000 1514.700900
3550.000000 1515.556200
3600.000000 1516.406700
3650.000000 1517.255100
3700.000000 1518.137000
3750.000000 1519.006100
3800.000000 1519.878300
3850.000000 1520.746600
3900.000000 1521.632900
3950.000000 1522.488000
4000.000000 1523.337200
4050.000000 1524.228100
4100.000000 1525.115900
4150.000000 1526.008600
4200.000000 1526.898400
4250.000000 1527.792600
4300.000000 1528.699700
4350.000000 1529.601900
4400.000000 1530.516800
4450.000000 1531.427500
4500.000000 1532.342900
4550.000000 1533.259900
4600.000000 1534.151500
4650.000000 1535.116300
4700.000000 1536.037900
4750.000000 1536.959600
4800.000000 1537.881200
4850.000000 1538.802800
4900.000000 1539.724400
4950.000000 1540.646000
5000.000000 1541.567600
5050.000000 1542.489300
5100.000000 1543.410900
5150.000000 1544.332500
5200.000000 1545.254100
5250.000000 1546.175700
5300.000000 1547.097400
5350.000000 1548.019000
5400.000000 1548.940600
5450.000000 1549.862200
5500.000000 1550.783800
5550.000000 1551.705400
5600.000000 1552.627100
5650.000000 1553.548700
5700.000000 1554.470300
5750.000000 1555.391900
5800.000000 1556.313500
5850.000000 1557.235100
5900.000000 1558.156800
5950.000000 1559.078400
6000.000000 1560.000000
-1 -1
0.0000000 0.0000401
5.0000000 0.0000401
10.0000000 0.0000401
15.0000000 0.0000401
20.0000000 0.0000401
25.0000000 0.0000401
30.0000000 0.0000401
35.0000000 0.0000401
40.0000000 0.0000401
45.0000000 0.0000402
50.0000000 0.0000403
55.0000000 0.0000406
60.0000000 0.0000413
65.0000000 0.0000418
70.0000000 0.0000419
75.0000000 0.0000421
80.0000000 0.0000424
85.0000000 0.0000426
90.0000000 0.0000431
95.0000000 0.0000433
100.0000000 0.0000436
105.0000000 0.0000439
110.0000000 0.0000442
115.0000000 0.0000444
120.0000000 0.0000447
125.0000000 0.0000451
130.0000000 0.0000456
135.0000000 0.0000461
140.0000000 0.0000463
145.0000000 0.0000469
150.0000000 0.0000481
155.0000000 0.0000490
160.0000000 0.0000494
165.0000000 0.0000496
170.0000000 0.0000498
175.0000000 0.0000506
180.0000000 0.0000514
185.0000000 0.0000517
190.0000000 0.0000524
195.0000000 0.0000538
200.0000000 0.0000554
220.0000000 0.0000581
240.0000000 0.0000599
260.0000000 0.0000619
280.0000000 0.0000621
300.0000000 0.0000620
320.0000000 0.0000615
340.0000000 0.0000612
360.0000000 0.0000603
380.0000000 0.0000594
400.0000000 0.0000587
420.0000000 0.0000576
440.0000000 0.0000569
460.0000000 0.0000561
480.0000000 0.0000554
500.0000000 0.0000549
550.0000000 0.0000529
600.0000000 0.0000507
650.0000000 0.0000485
700.0000000 0.0000464
750.0000000 0.0000445
800.0000000 0.0000425
850.0000000 0.0000408
900.0000000 0.0000392
950.0000000 0.0000376
1000.0000000 0.0000360
1050.0000000 0.0000368
1100.0000000 0.0000377
1150.0000000 0.0000385
1200.0000000 0.0000394
1250.0000000 0.0000403
1300.0000000 0.0000411
1350.0000000 0.0000420
1400.0000000 0.0000429
1450.0000000 0.0000438
1500.0000000 0.0000447
1550.0000000 0.0000456
1600.0000000 0.0000465
1650.0000000 0.0000475
1700.0000000 0.0000485
1750.0000000 0.0000495
1800.0000000 0.0000505
1850.0000000 0.0000516
1900.0000000 0.0000527
1950.0000000 0.0000538
2000.0000000 0.0000549
2050.0000000 0.0000553
2100.0000000 0.0000556
2150.0000000 0.0000559
2200.0000000 0.0000562
2250.0000000 0.0000565
2300.0000000 0.0000568
2350.0000000 0.0000571
2400.0000000 0.0000574
2450.0000000 0.0000577
2500.0000000 0.0000581
2550.0000000 0.0000584
2600.0000000 0.0000587
2650.0000000 0.0000590
2700.0000000 0.0000593
2750.0000000 0.0000596
2800.0000000 0.0000599
2850.0000000 0.0000602
2900.0000000 0.0000605
2950.0000000 0.0000608
3000.0000000 0.0000611
3050.0000000 0.0000614
3100.0000000 0.0000618
3150.0000000 0.0000621
3200.0000000 0.0000624
3250.0000000 0.0000627
3300.0000000 0.0000630
3350.0000000 0.0000634
3400.0000000 0.0000637
3450.0000000 0.0000640
3500.0000000 0.0000643
3550.0000000 0.0000643
3600.0000000 0.0000643
3650.0000000 0.0000643
3700.0000000 0.0000642
3750.0000000 0.0000642
3800.0000000 0.0000642
3850.0000000 0.0000641
3900.0000000 0.0000641
3950.0000000 0.0000641
4000.0000000 0.0000641
4050.0000000 0.0000640
4100.0000000 0.0000640
4150.0000000 0.0000640
4200.0000000 0.0000639
4250.0000000 0.0000639
4300.0000000 0.0000639
4350.0000000 0.0000638
4400.0000000 0.0000638
4450.0000000 0.0000638
4500.0000000 0.0000637
4550.0000000 0.0000637
4600.0000000 0.0000637
4650.0000000 0.0000636
4700.0000000 0.0000636
4750.0000000 0.0000636
4800.0000000 0.0000635
4850.0000000 0.0000635
4900.0000000 0.0000635
4950.0000000 0.0000635
5000.0000000 0.0000634
5050.0000000 0.0000634
5100.0000000 0.0000634
5150.0000000 0.0000634
5200.0000000 0.0000633
5250.0000000 0.0000633
5300.0000000 0.0000633
5350.0000000 0.0000633
5400.0000000 0.0000632
5450.0000000 0.0000632
5500.0000000 0.0000632
5550.0000000 0.0000632
5600.0000000 0.0000632
5650.0000000 0.0000631
5700.0000000 0.0000631
5750.0000000 0.0000631
5800.0000000 0.0000631
5850.0000000 0.0000630
5900.0000000 0.0000630
5950.0000000 0.0000630
6000.0000000 0.0000630
-1 -1
0.000000 1705.460050
-1 -1
0.000000 1.871582
-1 -1
0.000000 0.401285
1074.098000 0.401285
1104.098000 10.000000
-1 -1
6000.000000
0.000000 1542.712917
5.000000 1543.421656
10.000000 1543.720247
15.000000 1543.881869
20.000000 1544.118678
25.000000 1544.210152
30.000000 1544.294923
35.000000 1544.379033
40.000000 1544.463430
45.000000 1544.545423
50.000000 1544.607427
55.000000 1544.630379
60.000000 1544.570713
65.000000 1544.371222
70.000000 1544.050999
75.000000 1543.650341
80.000000 1543.199888
85.000000 1542.726491
90.000000 1542.253555
95.000000 1541.813770
100.000000 1541.368628
105.000000 1540.925579
110.000000 1540.361142
115.000000 1539.725567
120.000000 1538.903820
125.000000 1538.050560
130.000000 1537.293207
135.000000 1536.322035
140.000000 1535.288088
145.000000 1534.282138
150.000000 1533.423176
155.000000 1532.564678
160.000000 1531.344286
165.000000 1529.806553
170.000000 1528.304817
175.000000 1526.654841
180.000000 1524.868808
185.000000 1523.057836
190.000000 1521.314583
195.000000 1519.704306
200.000000 1518.070093
220.000000 1511.123555
240.000000 1505.551960
260.000000 1501.367551
280.000000 1498.836941
300.000000 1496.026752
320.000000 1494.142248
340.000000 1492.772670
360.000000 1491.847974
380.000000 1491.056782
400.000000 1490.161583
420.000000 1489.534630
440.000000 1488.897907
460.000000 1488.044439
480.000000 1487.142525
500.000000 1486.235429
550.000000 1485.409681
600.000000 1485.056212
650.000000 1485.047284
700.000000 1484.694571
750.000000 1484.547248
800.000000 1484.737663
850.000000 1484.848261
900.000000 1484.785566
950.000000 1484.562316
1000.000000 1484.415192
1050.000000 1484.496320
1100.000000 1484.516465
1150.000000 1484.747604
1200.000000 1484.617767
1250.000000 1484.741045
1300.000000 1485.102600
1350.000000 1485.298200
1400.000000 1485.692700
1450.000000 1486.136000
1500.000000 1486.524700
1550.000000 1486.944400
1600.000000 1487.552600
1650.000000 1488.022300
1700.000000 1488.490800
1750.000000 1488.973400
1800.000000 1489.484500
1850.000000 1489.967300
1900.000000 1490.368300
1950.000000 1491.072900
2000.000000 1491.671700
2050.000000 1492.158100
2100.000000 1492.745300
2150.000000 1493.480100
2200.000000 1494.120200
2250.000000 1494.826500
2300.000000 1495.507000
2350.000000 1496.177000
2400.000000 1496.959100
2450.000000 1497.672900
2500.000000 1498.397900
2550.000000 1499.119400
2600.000000 1499.872000
2650.000000 1500.608300
2700.000000 1501.433000
2750.000000 1502.271700
2800.000000 1503.060200
2850.000000 1503.881600
2900.000000 1504.706400
2950.000000 1505.487700
3000.000000 1506.303900
3050.000000 1507.120600
3100.000000 1507.921700
3150.000000 1508.768800
3200.000000 1509.596800
3250.000000 1510.451700
3300.000000 1511.326000
3350.000000 1512.158300
3400.000000 1513.012600
3450.000000 1513.846900
3500.000000 1514.700900
3550.000000 1515.556200
3600.000000 1516.406700
3650.000000 1517.255100
3700.000000 1518.137000
3750.000000 1519.006100
3800.000000 1519.878300
3850.000000 1520.746600
3900.000000 1521.632900
3950.000000 1522.488000
4000.000000 1523.337200
4050.000000 1524.228100
4100.000000 1525.115900
4150.000000 1526.008600
4200.000000 1526.898400
4250.000000 1527.792600
4300.000000 1528.699700
4350.000000 1529.601900
4400.000000 1530.516800
4450.000000 1531.427500
4500.000000 1532.342900
4550.000000 1533.259900
4600.000000 1534.151500
4650.000000 1535.116300
4700.000000 1536.037900
4750.000000 1536.959600
4800.000000 1537.881200
4850.000000 1538.802800
4900.000000 1539.724400
4950.000000 1540.646000
5000.000000 1541.567600
5050.000000 1542.489300
5100.000000 1543.410900
5150.000000 1544.332500
5200.000000 1545.254100
5250.000000 1546.175700
5300.000000 1547.097400
5350.000000 1548.019000
5400.000000 1548.940600
5450.000000 1549.862200
5500.000000 1550.783800
5550.000000 1551.705400
5600.000000 1552.627100
5650.000000 1553.548700
5700.000000 1554.470300
5750.000000 1555.391900
5800.000000 1556.313500
5850.000000 1557.235100
5900.000000 1558.156800
5950.000000 1559.078400
6000.000000 1560.000000
-1 -1
0.0000000 0.0000401
5.0000000 0.0000401
10.0000000 0.0000401
15.0000000 0.0000401
20.0000000 0.0000401
25.0000000 0.0000401
30.0000000 0.0000401
35.0000000 0.0000401
40.0000000 0.0000401
45.0000000 0.0000402
50.0000000 0.0000403
55.0000000 0.0000406
60.0000000 0.0000413
65.0000000 0.0000418
70.0000000 0.0000419
75.0000000 0.0000421
80.0000000 0.0000424
85.0000000 0.0000426
90.0000000 0.0000431
95.0000000 0.0000433
100.0000000 0.0000436
105.0000000 0.0000439
110.0000000 0.0000442
115.0000000 0.0000444
120.0000000 0.0000447
125.0000000 0.0000451
130.0000000 0.0000456
135.0000000 0.0000461
140.0000000 0.0000463
145.0000000 0.0000469
150.0000000 0.0000481
155.0000000 0.0000490
160.0000000 0.0000494
165.0000000 0.0000496
170.0000000 0.0000498
175.0000000 0.0000506
180.0000000 0.0000514
185.0000000 0.0000517
190.0000000 0.0000524
195.0000000 0.0000538
200.0000000 0.0000554
220.0000000 0.0000581
240.0000000 0.0000599
260.0000000 0.0000619
280.0000000 0.0000621
300.0000000 0.0000620
320.0000000 0.0000615
340.0000000 0.0000612
360.0000000 0.0000603
380.0000000 0.0000594
400.0000000 0.0000587
420.0000000 0.0000576
440.0000000 0.0000569
460.0000000 0.0000561
480.0000000 0.0000554
500.0000000 0.0000549
550.0000000 0.0000529
600.0000000 0.0000507
650.0000000 0.0000485
700.0000000 0.0000464
750.0000000 0.0000445
800.0000000 0.0000425
850.0000000 0.0000408
900.0000000 0.0000392
950.0000000 0.0000376
1000.0000000 0.0000360
1050.0000000 0.0000368
1100.0000000 0.0000377
1150.0000000 0.0000385
1200.0000000 0.0000394
1250.0000000 0.0000403
1300.0000000 0.0000411
1350.0000000 0.0000420
1400.0000000 0.0000429
1450.0000000 0.0000438
1500.0000000 0.0000447
1550.0000000 0.0000456
1600.0000000 0.0000465
1650.0000000 0.0000475
1700.0000000 0.0000485
1750.0000000 0.0000495
1800.0000000 0.0000505
1850.0000000 0.0000516
1900.0000000 0.0000527
1950.0000000 0.0000538
2000.0000000 0.0000549
2050.0000000 0.0000553
2100.0000000 0.0000556
2150.0000000 0.0000559
2200.0000000 0.0000562
2250.0000000 0.0000565
2300.0000000 0.0000568
2350.0000000 0.0000571
2400.0000000 0.0000574
2450.0000000 0.0000577
2500.0000000 0.0000581
2550.0000000 0.0000584
2600.0000000 0.0000587
2650.0000000 0.0000590
2700.0000000 0.0000593
2750.0000000 0.0000596
2800.0000000 0.0000599
2850.0000000 0.0000602
2900.0000000 0.0000605
2950.0000000 0.0000608
3000.0000000 0.0000611
3050.0000000 0.0000614
3100.0000000 0.0000618
3150.0000000 0.0000621
3200.0000000 0.0000624
3250.0000000 0.0000627
3300.0000000 0.0000630
3350.0000000 0.0000634
3400.0000000 0.0000637
3450.0000000 0.0000640
3500.0000000 0.0000643
3550.0000000 0.0000643
3600.0000000 0.0000643
3650.0000000 0.0000643
3700.0000000 0.0000642
3750.0000000 0.0000642
3800.0000000 0.0000642
3850.0000000 0.0000641
3900.0000000 0.0000641
3950.0000000 0.0000641
4000.0000000 0.0000641
4050.0000000 0.0000640
4100.0000000 0.0000640
4150.0000000 0.0000640
4200.0000000 0.0000639
4250.0000000 0.0000639
4300.0000000 0.0000639
4350.0000000 0.0000638
4400.0000000 0.0000638
4450.0000000 0.0000638
4500.0000000 0.0000637
4550.0000000 0.0000637
4600.0000000 0.0000637
4650.0000000 0.0000636
4700.0000000 0.0000636
4750.0000000 0.0000636
4800.0000000 0.0000635
4850.0000000 0.0000635
4900.0000000 0.0000635
4950.0000000 0.0000635
5000.0000000 0.0000634
5050.0000000 0.0000634
5100.0000000 0.0000634
5150.0000000 0.0000634
5200.0000000 0.0000633
5250.0000000 0.0000633
5300.0000000 0.0000633
5350.0000000 0.0000633
5400.0000000 0.0000632
5450.0000000 0.0000632
5500.0000000 0.0000632
5550.0000000 0.0000632
5600.0000000 0.0000632
5650.0000000 0.0000631
5700.0000000 0.0000631
5750.0000000 0.0000631
5800.0000000 0.0000631
5850.0000000 0.0000630
5900.0000000 0.0000630
5950.0000000 0.0000630
6000.0000000 0.0000630
-1 -1
0.000000 1706.757449
-1 -1
0.000000 1.871582
-1 -1
0.000000 0.401590
1074.098000 0.401590
1104.098000 10.000000
-1 -1
7000.000000
0.000000 1542.701092
5.000000 1543.417424
10.000000 1543.718225
15.000000 1543.880468
20.000000 1544.118849
25.000000 1544.210105
30.000000 1544.294628
35.000000 1544.378612
40.000000 1544.462575
45.000000 1544.542688
50.000000 1544.600971
55.000000 1544.616286
60.000000 1544.548398
65.000000 1544.342227
70.000000 1544.022369
75.000000 1543.626621
80.000000 1543.182262
85.000000 1542.720376
90.000000 1542.264151
95.000000 1541.841432
100.000000 1541.408141
105.000000 1540.976414
110.000000 1540.425133
115.000000 1539.787997
120.000000 1538.953335
125.000000 1538.091010
130.000000 1537.324447
135.000000 1536.336060
140.000000 1535.277670
145.000000 1534.258799
150.000000 1533.403326
155.000000 1532.559971
160.000000 1531.366716
165.000000 1529.846441
170.000000 1528.358729
175.000000 1526.718323
180.000000 1524.935641
185.000000 1523.111835
190.000000 1521.324270
195.000000 1519.671453
200.000000 1517.993411
220.000000 1510.963798
240.000000 1505.463599
260.000000 1501.266813
280.000000 1498.714068
300.000000 1495.953930
320.000000 1494.076996
340.000000 1492.687037
360.000000 1491.781917
380.000000 1491.006477
400.000000 1490.122242
420.000000 1489.516563
440.000000 1488.867543
460.000000 1488.067635
480.000000 1487.209883
500.000000 1486.297212
550.000000 1485.474658
600.000000 1485.085129
650.000000 1485.062615
700.000000 1484.717250
750.000000 1484.564363
800.000000 1484.751968
850.000000 1484.871574
900.000000 1484.799378
950.000000 1484.572192
1000.000000 1484.419425
1050.000000 1484.499281
1100.000000 1484.529594
1150.000000 1484.768714
1200.000000 1484.616770
1250.000000 1484.740459
1300.000000 1485.102600
1350.000000 1485.298200
1400.000000 1485.692700
1450.000000 1486.136000
1500.000000 1486.524700
1550.000000 1486.944400
1600.000000 1487.552600
1650.000000 1488.022300
1700.000000 1488.490800
1750.000000 1488.973400
1800.000000 1489.484500
1850.000000 1489.967300
1900.000000 1490.368300
1950.000000 1491.072900
2000.000000 1491.671700
2050.000000 1492.158100
2100.000000 1492.745300
2150.000000 1493.480100
2200.000000 1494.120200
2250.000000 1494.826500
2300.000000 1495.507000
2350.000000 1496.177000
2400.000000 1496.959100
2450.000000 1497.672900
2500.000000 1498.397900
2550.000000 1499.119400
2600.000000 1499.872000
2650.000000 1500.608300
2700.000000 1501.433000
2750.000000 1502.271700
2800.000000 1503.060200
2850.000000 1503.881600
2900.000000 1504.706400
2950.000000 1505.487700
3000.000000 1506.303900
3050.000000 1507.120600
3100.000000 1507.921700
3150.000000 1508.768800
3200.000000 1509.596800
3250.000000 1510.451700
3300.000000 1511.326000
3350.000000 1512.158300
3400.000000 1513.012600
3450.000000 1513.846900
3500.000000 1514.700900
3550.000000 1515.556200
3600.000000 1516.406700
3650.000000 1517.255100
3700.000000 1518.137000
3750.000000 1519.006100
3800.000000 1519.878300
3850.000000 1520.746600
3900.000000 1521.632900
3950.000000 1522.488000
4000.000000 1523.337200
4050.000000 1524.228100
4100.000000 1525.115900
4150.000000 1526.008600
4200.000000 1526.898400
4250.000000 1527.792600
4300.000000 1528.699700
4350.000000 1529.601900
4400.000000 1530.516800
4450.000000 1531.427500
4500.000000 1532.342900
4550.000000 1533.259900
4600.000000 1534.151500
4650.000000 1535.116300
4700.000000 1536.037900
4750.000000 1536.959600
4800.000000 1537.881200
4850.000000 1538.802800
4900.000000 1539.724400
4950.000000 1540.646000
5000.000000 1541.567600
5050.000000 1542.489300
5100.000000 1543.410900
5150.000000 1544.332500
5200.000000 1545.254100
5250.000000 1546.175700
5300.000000 1547.097400
5350.000000 1548.019000
5400.000000 1548.940600
5450.000000 1549.862200
5500.000000 1550.783800
5550.000000 1551.705400
5600.000000 1552.627100
5650.000000 1553.548700
5700.000000 1554.470300
5750.000000 1555.391900
5800.000000 1556.313500
5850.000000 1557.235100
5900.000000 1558.156800
5950.000000 1559.078400
6000.000000 1560.000000
-1 -1
0.0000000 0.0000401
5.0000000 0.0000401
10.0000000 0.0000401
15.0000000 0.0000401
20.0000000 0.0000401
25.0000000 0.0000401
30.0000000 0.0000401
35.0000000 0.0000401
40.0000000 0.0000401
45.0000000 0.0000402
50.0000000 0.0000403
55.0000000 0.0000406
60.0000000 0.0000413
65.0000000 0.0000418
70.0000000 0.0000419
75.0000000 0.0000421
80.0000000 0.0000424
85.0000000 0.0000426
90.0000000 0.0000431
95.0000000 0.0000433
100.0000000 0.0000436
105.0000000 0.0000439
110.0000000 0.0000442
115.0000000 0.0000444
120.0000000 0.0000447
125.0000000 0.0000451
130.0000000 0.0000456
135.0000000 0.0000461
140.0000000 0.0000463
145.0000000 0.0000469
150.0000000 0.0000481
155.0000000 0.0000490
160.0000000 0.0000494
165.0000000 0.0000496
170.0000000 0.0000498
175.0000000 0.0000506
180.0000000 0.0000514
185.0000000 0.0000517
190.0000000 0.0000524
195.0000000 0.0000538
200.0000000 0.0000554
220.0000000 0.0000581
240.0000000 0.0000599
260.0000000 0.0000619
280.0000000 0.0000621
300.0000000 0.0000620
320.0000000 0.0000615
340.0000000 0.0000612
360.0000000 0.0000603
380.0000000 0.0000594
400.0000000 0.0000587
420.0000000 0.0000576
440.0000000 0.0000569
460.0000000 0.0000561
480.0000000 0.0000554
500.0000000 0.0000549
550.0000000 0.0000529
600.0000000 0.0000507
650.0000000 0.0000485
700.0000000 0.0000464
750.0000000 0.0000445
800.0000000 0.0000425
850.0000000 0.0000408
900.0000000 0.0000392
950.0000000 0.0000376
1000.0000000 0.0000360
1050.0000000 0.0000368
1100.0000000 0.0000377
1150.0000000 0.0000385
1200.0000000 0.0000394
1250.0000000 0.0000403
1300.0000000 0.0000411
1350.0000000 0.0000420
1400.0000000 0.0000429
1450.0000000 0.0000438
1500.0000000 0.0000447
1550.0000000 0.0000456
1600.0000000 0.0000465
1650.0000000 0.0000475
1700.0000000 0.0000485
1750.0000000 0.0000495
1800.0000000 0.0000505
1850.0000000 0.0000516
1900.0000000 0.0000527
1950.0000000 0.0000538
2000.0000000 0.0000549
2050.0000000 0.0000553
2100.0000000 0.0000556
2150.0000000 0.0000559
2200.0000000 0.0000562
2250.0000000 0.0000565
2300.0000000 0.0000568
2350.0000000 0.0000571
2400.0000000 0.0000574
2450.0000000 0.0000577
2500.0000000 0.0000581
2550.0000000 0.0000584
2600.0000000 0.0000587
2650.0000000 0.0000590
2700.0000000 0.0000593
2750.0000000 0.0000596
2800.0000000 0.0000599
2850.0000000 0.0000602
2900.0000000 0.0000605
2950.0000000 0.0000608
3000.0000000 0.0000611
3050.0000000 0.0000614
3100.0000000 0.0000618
3150.0000000 0.0000621
3200.0000000 0.0000624
3250.0000000 0.0000627
3300.0000000 0.0000630
3350.0000000 0.0000634
3400.0000000 0.0000637
3450.0000000 0.0000640
3500.0000000 0.0000643
3550.0000000 0.0000643
3600.0000000 0.0000643
3650.0000000 0.0000643
3700.0000000 0.0000642
3750.0000000 0.0000642
3800.0000000 0.0000642
3850.0000000 0.0000641
3900.0000000 0.0000641
3950.0000000 0.0000641
4000.0000000 0.0000641
4050.0000000 0.0000640
4100.0000000 0.0000640
4150.0000000 0.0000640
4200.0000000 0.0000639
4250.0000000 0.0000639
4300.0000000 0.0000639
4350.0000000 0.0000638
4400.0000000 0.0000638
4450.0000000 0.0000638
4500.0000000 0.0000637
4550.0000000 0.0000637
4600.0000000 0.0000637
4650.0000000 0.0000636
4700.0000000 0.0000636
4750.0000000 0.0000636
4800.0000000 0.0000635
4850.0000000 0.0000635
4900.0000000 0.0000635
4950.0000000 0.0000635
5000.0000000 0.0000634
5050.0000000 0.0000634
5100.0000000 0.0000634
5150.0000000 0.0000634
5200.0000000 0.0000633
5250.0000000 0.0000633
5300.0000000 0.0000633
5350.0000000 0.0000633
5400.0000000 0.0000632
5450.0000000 0.0000632
5500.0000000 0.0000632
5550.0000000 0.0000632
5600.0000000 0.0000632
5650.0000000 0.0000631
5700.0000000 0.0000631
5750.0000000 0.0000631
5800.0000000 0.0000631
5850.0000000 0.0000630
5900.0000000 0.0000630
5950.0000000 0.0000630
6000.0000000 0.0000630
-1 -1
0.000000 1706.533607
-1 -1
0.000000 1.871582
-1 -1
0.000000 0.401537
1074.098000 0.401537
1104.098000 10.000000
-1 -1
8000.000000
0.000000 1542.757724
5.000000 1543.440196
10.000000 1543.729561
15.000000 1543.887729
20.000000 1544.118089
25.000000 1544.208871
30.000000 1544.293426
35.000000 1544.377525
40.000000 1544.461299
45.000000 1544.539225
50.000000 1544.593351
55.000000 1544.599176
60.000000 1544.520833
65.000000 1544.307534
70.000000 1543.984702
75.000000 1543.588199
80.000000 1543.144862
85.000000 1542.689335
90.000000 1542.244514
95.000000 1541.834447
100.000000 1541.412745
105.000000 1540.991041
110.000000 1540.451363
115.000000 1539.808804
120.000000 1538.964546
125.000000 1538.087028
130.000000 1537.298189
135.000000 1536.296864
140.000000 1535.228704
145.000000 1534.214971
150.000000 1533.366152
155.000000 1532.529749
160.000000 1531.354197
165.000000 1529.849116
170.000000 1528.370345
175.000000 1526.740404
180.000000 1524.977180
185.000000 1523.174314
190.000000 1521.394241
195.000000 1519.752975
200.000000 1518.080390
220.000000 1511.046347
240.000000 1505.534850
260.000000 1501.321958
280.000000 1498.708510
300.000000 1495.966514
320.000000 1494.078644
340.000000 1492.674960
360.000000 1491.788557
380.000000 1491.010994
400.000000 1490.125746
420.000000 1489.516236
440.000000 1488.846792
460.000000 1488.043978
480.000000 1487.201729
500.000000 1486.308944
550.000000 1485.504231
600.000000 1485.105153
650.000000 1485.069802
700.000000 1484.743641
750.000000 1484.582780
800.000000 1484.756885
850.000000 1484.878153
900.000000 1484.808305
950.000000 1484.585410
1000.000000 1484.430622
1050.000000 1484.504079
1100.000000 1484.548605
1150.000000 1484.783341
1200.000000 1484.618796
1250.000000 1484.740128
1300.000000 1485.102600
1350.000000 1485.298200
1400.000000 1485.692700
1450.000000 1486.136000
1500.000000 1486.524700
1550.000000 1486.944400
1600.000000 1487.552600
1650.000000 1488.022300
1700.000000 1488.490800
1750.000000 1488.973400
1800.000000 1489.484500
1850.000000 1489.967300
1900.000000 1490.368300
1950.000000 1491.072900
2000.000000 1491.671700
2050.000000 1492.158100
2100.000000 1492.745300
2150.000000 1493.480100
2200.000000 1494.120200
2250.000000 1494.826500
2300.000000 1495.507000
2350.000000 1496.177000
2400.000000 1496.959100
2450.000000 1497.672900
2500.000000 1498.397900
2550.000000 1499.119400
2600.000000 1499.872000
2650.000000 1500.608300
2700.000000 1501.433000
2750.000000 1502.271700
2800.000000 1503.060200
2850.000000 1503.881600
2900.000000 1504.706400
2950.000000 1505.487700
3000.000000 1506.303900
3050.000000 1507.120600
3100.000000 1507.921700
3150.000000 1508.768800
3200.000000 1509.596800
3250.000000 1510.451700
3300.000000 1511.326000
3350.000000 1512.158300
3400.000000 1513.012600
3450.000000 1513.846900
3500.000000 1514.700900
3550.000000 1515.556200
3600.000000 1516.406700
3650.000000 1517.255100
3700.000000 1518.137000
3750.000000 1519.006100
3800.000000 1519.878300
3850.000000 1520.746600
3900.000000 1521.632900
3950.000000 1522.488000
4000.000000 1523.337200
4050.000000 1524.228100
4100.000000 1525.115900
4150.000000 1526.008600
4200.000000 1526.898400
4250.000000 1527.792600
4300.000000 1528.699700
4350.000000 1529.601900
4400.000000 1530.516800
4450.000000 1531.427500
4500.000000 1532.342900
4550.000000 1533.259900
4600.000000 1534.151500
4650.000000 1535.116300
4700.000000 1536.037900
4750.000000 1536.959600
4800.000000 1537.881200
4850.000000 1538.802800
4900.000000 1539.724400
4950.000000 1540.646000
5000.000000 1541.567600
5050.000000 1542.489300
5100.000000 1543.410900
5150.000000 1544.332500
5200.000000 1545.254100
5250.000000 1546.175700
5300.000000 1547.097400
5350.000000 1548.019000
5400.000000 1548.940600
5450.000000 1549.862200
5500.000000 1550.783800
5550.000000 1551.705400
5600.000000 1552.627100
5650.000000 1553.548700
5700.000000 1554.470300
5750.000000 1555.391900
5800.000000 1556.313500
5850.000000 1557.235100
5900.000000 1558.156800
5950.000000 1559.078400
6000.000000 1560.000000
-1 -1
0.0000000 0.0000401
5.0000000 0.0000401
10.0000000 0.0000401
15.0000000 0.0000401
20.0000000 0.0000401
25.0000000 0.0000401
30.0000000 0.0000401
35.0000000 0.0000401
40.0000000 0.0000401
45.0000000 0.0000402
50.0000000 0.0000403
55.0000000 0.0000406
60.0000000 0.0000413
65.0000000 0.0000418
70.0000000 0.0000419
75.0000000 0.0000421
80.0000000 0.0000424
85.0000000 0.0000426
90.0000000 0.0000431
95.0000000 0.0000433
100.0000000 0.0000436
105.0000000 0.0000439
110.0000000 0.0000442
115.0000000 0.0000444
120.0000000 0.0000447
125.0000000 0.0000451
130.0000000 0.0000456
135.0000000 0.0000461
140.0000000 0.0000463
145.0000000 0.0000469
150.0000000 0.0000481
155.0000000 0.0000490
160.0000000 0.0000494
165.0000000 0.0000496
170.0000000 0.0000498
175.0000000 0.0000506
180.0000000 0.0000514
185.0000000 0.0000517
190.0000000 0.0000524
195.0000000 0.0000538
200.0000000 0.0000554
220.0000000 0.0000581
240.0000000 0.0000599
260.0000000 0.0000619
280.0000000 0.0000621
300.0000000 0.0000620
320.0000000 0.0000615
340.0000000 0.0000612
360.0000000 0.0000603
380.0000000 0.0000594
400.0000000 0.0000587
420.0000000 0.0000576
440.0000000 0.0000569
460.0000000 0.0000561
480.0000000 0.0000554
500.0000000 0.0000549
550.0000000 0.0000529
600.0000000 0.0000507
650.0000000 0.0000485
700.0000000 0.0000464
750.0000000 0.0000445
800.0000000 0.0000425
850.0000000 0.0000408
900.0000000 0.0000392
950.0000000 0.0000376
1000.0000000 0.0000360
1050.0000000 0.0000368
1100.0000000 0.0000377
1150.0000000 0.0000385
1200.0000000 0.0000394
1250.0000000 0.0000403
1300.0000000 0.0000411
1350.0000000 0.0000420
1400.0000000 0.0000429
1450.0000000 0.0000438
1500.0000000 0.0000447
1550.0000000 0.0000456
1600.0000000 0.0000465
1650.0000000 0.0000475
1700.0000000 0.0000485
1750.0000000 0.0000495
1800.0000000 0.0000505
1850.0000000 0.0000516
1900.0000000 0.0000527
1950.0000000 0.0000538
2000.0000000 0.0000549
2050.0000000 0.0000553
2100.0000000 0.0000556
2150.0000000 0.0000559
2200.0000000 0.0000562
2250.0000000 0.0000565
2300.0000000 0.0000568
2350.0000000 0.0000571
2400.0000000 0.0000574
2450.0000000 0.0000577
2500.0000000 0.0000581
2550.0000000 0.0000584
2600.0000000 0.0000587
2650.0000000 0.0000590
2700.0000000 0.0000593
2750.0000000 0.0000596
2800.0000000 0.0000599
2850.0000000 0.0000602
2900.0000000 0.0000605
2950.0000000 0.0000608
3000.0000000 0.0000611
3050.0000000 0.0000614
3100.0000000 0.0000618
3150.0000000 0.0000621
3200.0000000 0.0000624
3250.0000000 0.0000627
3300.0000000 0.0000630
3350.0000000 0.0000634
3400.0000000 0.0000637
3450.0000000 0.0000640
3500.0000000 0.0000643
3550.0000000 0.0000643
3600.0000000 0.0000643
3650.0000000 0.0000643
3700.0000000 0.0000642
3750.0000000 0.0000642
3800.0000000 0.0000642
3850.0000000 0.0000641
3900.0000000 0.0000641
3950.0000000 0.0000641
4000.0000000 0.0000641
4050.0000000 0.0000640
4100.0000000 0.0000640
4150.0000000 0.0000640
4200.0000000 0.0000639
4250.0000000 0.0000639
4300.0000000 0.0000639
4350.0000000 0.0000638
4400.0000000 0.0000638
4450.0000000 0.0000638
4500.0000000 0.0000637
4550.0000000 0.0000637
4600.0000000 0.0000637
4650.0000000 0.0000636
4700.0000000 0.0000636
4750.0000000 0.0000636
4800.0000000 0.0000635
4850.0000000 0.0000635
4900.0000000 0.0000635
4950.0000000 0.0000635
5000.0000000 0.0000634
5050.0000000 0.0000634
5100.0000000 0.0000634
5150.0000000 0.0000634
5200.0000000 0.0000633
5250.0000000 0.0000633
5300.0000000 0.0000633
5350.0000000 0.0000633
5400.0000000 0.0000632
5450.0000000 0.0000632
5500.0000000 0.0000632
5550.0000000 0.0000632
5600.0000000 0.0000632
5650.0000000 0.0000631
5700.0000000 0.0000631
5750.0000000 0.0000631
5800.0000000 0.0000631
5850.0000000 0.0000630
5900.0000000 0.0000630
5950.0000000 0.0000630
6000.0000000 0.0000630
-1 -1
0.000000 1706.602292
-1 -1
0.000000 1.871582
-1 -1
0.000000 0.401553
1074.098000 0.401553
1104.098000 10.000000
-1 -1
9000.000000
0.000000 1542.814356
5.000000 1543.462969
10.000000 1543.740896
15.000000 1543.894990
20.000000 1544.117329
25.000000 1544.207637
30.000000 1544.292225
35.000000 1544.376438
40.000000 1544.460024
45.000000 1544.535763
50.000000 1544.585731
55.000000 1544.582067
60.000000 1544.493268
65.000000 1544.272841
70.000000 1543.947034
75.000000 1543.549776
80.000000 1543.107462
85.000000 1542.658293
90.000000 1542.224877
95.000000 1541.827463
100.000000 1541.417349
105.000000 1541.005669
110.000000 1540.477593
115.000000 1539.829610
120.000000 1538.975757
125.000000 1538.083045
130.000000 1537.271932
135.000000 1536.257668
140.000000 1535.179739
145.000000 1534.171144
150.000000 1533.328977
155.000000 1532.499527
160.000000 1531.341679
165.000000 1529.851791
170.000000 1528.381962
175.000000 1526.762486
180.000000 1525.018719
185.000000 1523.236794
190.000000 1521.464211
195.000000 1519.834497
200.000000 1518.167368
220.000000 1511.128896
240.000000 1505.606100
260.000000 1501.377103
280.000000 1498.702953
300.000000 1495.979097
320.000000 1494.080293
340.000000 1492.662883
360.000000 1491.795196
380.000000 1491.015511
400.000000 1490.129250
420.000000 1489.515909
440.000000 1488.826040
460.000000 1488.020322
480.000000 1487.193575
500.000000 1486.320676
550.000000 1485.533804
600.000000 1485.125177
650.000000 1485.076989
700.000000 1484.770032
750.000000 1484.601197
800.000000 1484.761803
850.000000 1484.884733
900.000000 1484.817233
950.000000 1484.598629
1000.000000 1484.441820
1050.000000 1484.508876
1100.000000 1484.567616
1150.000000 1484.797969
1200.000000 1484.620822
1250.000000 1484.739796
1300.000000 1485.102600
1350.000000 1485.298200
1400.000000 1485.692700
1450.000000 1486.136000
1500.000000 1486.524700
1550.000000 1486.944400
1600.000000 1487.552600
1650.000000 1488.022300
1700.000000 1488.490800
1750.000000 1488.973400
1800.000000 1489.484500
1850.000000 1489.967300
1900.000000 1490.368300
1950.000000 1491.072900
2000.000000 1491.671700
2050.000000 1492.158100
2100.000000 1492.745300
2150.000000 1493.480100
2200.000000 1494.120200
2250.000000 1494.826500
2300.000000 1495.507000
2350.000000 1496.177000
2400.000000 1496.959100
2450.000000 1497.672900
2500.000000 1498.397900
2550.000000 1499.119400
2600.000000 1499.872000
2650.000000 1500.608300
2700.000000 1501.433000
2750.000000 1502.271700
2800.000000 1503.060200
2850.000000 1503.881600
2900.000000 1504.706400
2950.000000 1505.487700
3000.000000 1506.303900
3050.000000 1507.120600
3100.000000 1507.921700
3150.000000 1508.768800
3200.000000 1509.596800
3250.000000 1510.451700
3300.000000 1511.326000
3350.000000 1512.158300
3400.000000 1513.012600
3450.000000 1513.846900
3500.000000 1514.700900
3550.000000 1515.556200
3600.000000 1516.406700
3650.000000 1517.255100
3700.000000 1518.137000
3750.000000 1519.006100
3800.000000 1519.878300
3850.000000 1520.746600
3900.000000 1521.632900
3950.000000 1522.488000
4000.000000 1523.337200
4050.000000 1524.228100
4100.000000 1525.115900
4150.000000 1526.008600
4200.000000 1526.898400
4250.000000 1527.792600
4300.000000 1528.699700
4350.000000 1529.601900
4400.000000 1530.516800
4450.000000 1531.427500
4500.000000 1532.342900
4550.000000 1533.259900
4600.000000 1534.151500
4650.000000 1535.116300
4700.000000 1536.037900
4750.000000 1536.959600
4800.000000 1537.881200
4850.000000 1538.802800
4900.000000 1539.724400
4950.000000 1540.646000
5000.000000 1541.567600
5050.000000 1542.489300
5100.000000 1543.410900
5150.000000 1544.332500
5200.000000 1545.254100
5250.000000 1546.175700
5300.000000 1547.097400
5350.000000 1548.019000
5400.000000 1548.940600
5450.000000 1549.862200
5500.000000 1550.783800
5550.000000 1551.705400
5600.000000 1552.627100
5650.000000 1553.548700
5700.000000 1554.470300
5750.000000 1555.391900
5800.000000 1556.313500
5850.000000 1557.235100
5900.000000 1558.156800
5950.000000 1559.078400
6000.000000 1560.000000
-1 -1
0.0000000 0.0000401
5.0000000 0.0000401
10.0000000 0.0000401
15.0000000 0.0000401
20.0000000 0.0000401
25.0000000 0.0000401
30.0000000 0.0000401
35.0000000 0.0000401
40.0000000 0.0000401
45.0000000 0.0000402
50.0000000 0.0000403
55.0000000 0.0000406
60.0000000 0.0000413
65.0000000 0.0000418
70.0000000 0.0000419
75.0000000 0.0000421
80.0000000 0.0000424
85.0000000 0.0000426
90.0000000 0.0000431
95.0000000 0.0000433
100.0000000 0.0000436
105.0000000 0.0000439
110.0000000 0.0000442
115.0000000 0.0000444
120.0000000 0.0000447
125.0000000 0.0000451
130.0000000 0.0000456
135.0000000 0.0000461
140.0000000 0.0000463
145.0000000 0.0000469
150.0000000 0.0000481
155.0000000 0.0000490
160.0000000 0.0000494
165.0000000 0.0000496
170.0000000 0.0000498
175.0000000 0.0000506
180.0000000 0.0000514
185.0000000 0.0000517
190.0000000 0.0000524
195.0000000 0.0000538
200.0000000 0.0000554
220.0000000 0.0000581
240.0000000 0.0000599
260.0000000 0.0000619
280.0000000 0.0000621
300.0000000 0.0000620
320.0000000 0.0000615
340.0000000 0.0000612
360.0000000 0.0000603
380.0000000 0.0000594
400.0000000 0.0000587
420.0000000 0.0000576
440.0000000 0.0000569
460.0000000 0.0000561
480.0000000 0.0000554
500.0000000 0.0000549
550.0000000 0.0000529
600.0000000 0.0000507
650.0000000 0.0000485
700.0000000 0.0000464
750.0000000 0.0000445
800.0000000 0.0000425
850.0000000 0.0000408
900.0000000 0.0000392
950.0000000 0.0000376
1000.0000000 0.0000360
1050.0000000 0.0000368
1100.0000000 0.0000377
1150.0000000 0.0000385
1200.0000000 0.0000394
1250.0000000 0.0000403
1300.0000000 0.0000411
1350.0000000 0.0000420
1400.0000000 0.0000429
1450.0000000 0.0000438
1500.0000000 0.0000447
1550.0000000 0.0000456
1600.0000000 0.0000465
1650.0000000 0.0000475
1700.0000000 0.0000485
1750.0000000 0.0000495
1800.0000000 0.0000505
1850.0000000 0.0000516
1900.0000000 0.0000527
1950.0000000 0.0000538
2000.0000000 0.0000549
2050.0000000 0.0000553
2100.0000000 0.0000556
2150.0000000 0.0000559
2200.0000000 0.0000562
2250.0000000 0.0000565
2300.0000000 0.0000568
2350.0000000 0.0000571
2400.0000000 0.0000574
2450.0000000 0.0000577
2500.0000000 0.0000581
2550.0000000 0.0000584
2600.0000000 0.0000587
2650.0000000 0.0000590
2700.0000000 0.0000593
2750.0000000 0.0000596
2800.0000000 0.0000599
2850.0000000 0.0000602
2900.0000000 0.0000605
2950.0000000 0.0000608
3000.0000000 0.0000611
3050.0000000 0.0000614
3100.0000000 0.0000618
3150.0000000 0.0000621
3200.0000000 0.0000624
3250.0000000 0.0000627
3300.0000000 0.0000630
3350.0000000 0.0000634
3400.0000000 0.0000637
3450.0000000 0.0000640
3500.0000000 0.0000643
3550.0000000 0.0000643
3600.0000000 0.0000643
3650.0000000 0.0000643
3700.0000000 0.0000642
3750.0000000 0.0000642
3800.0000000 0.0000642
3850.0000000 0.0000641
3900.0000000 0.0000641
3950.0000000 0.0000641
4000.0000000 0.0000641
4050.0000000 0.0000640
4100.0000000 0.0000640
4150.0000000 0.0000640
4200.0000000 0.0000639
4250.0000000 0.0000639
4300.0000000 0.0000639
4350.0000000 0.0000638
4400.0000000 0.0000638
4450.0000000 0.0000638
4500.0000000 0.0000637
4550.0000000 0.0000637
4600.0000000 0.0000637
4650.0000000 0.0000636
4700.0000000 0.0000636
4750.0000000 0.0000636
4800.0000000 0.0000635
4850.0000000 0.0000635
4900.0000000 0.0000635
4950.0000000 0.0000635
5000.0000000 0.0000634
5050.0000000 0.0000634
5100.0000000 0.0000634
5150.0000000 0.0000634
5200.0000000 0.0000633
5250.0000000 0.0000633
5300.0000000 0.0000633
5350.0000000 0.0000633
5400.0000000 0.0000632
5450.0000000 0.0000632
5500.0000000 0.0000632
5550.0000000 0.0000632
5600.0000000 0.0000632
5650.0000000 0.0000631
5700.0000000 0.0000631
5750.0000000 0.0000631
5800.0000000 0.0000631
5850.0000000 0.0000630
5900.0000000 0.0000630
5950.0000000 0.0000630
6000.0000000 0.0000630
-1 -1
0.000000 1706.392650
-1 -1
0.000000 1.871582
-1 -1
0.000000 0.401504
1074.098000 0.401504
1104.098000 10.000000
-1 -1
10000.000000
0.000000 1542.870988
5.000000 1543.485741
10.000000 1543.752232
15.000000 1543.902251
20.000000 1544.116570
25.000000 1544.206403
30.000000 1544.291023
35.000000 1544.375352
40.000000 1544.458748
45.000000 1544.532301
50.000000 1544.578111
55.000000 1544.564958
60.000000 1544.465702
65.000000 1544.238148
70.000000 1543.909367
75.000000 1543.511354
80.000000 1543.070062
85.000000 1542.627251
90.000000 1542.205240
95.000000 1541.820478
100.000000 1541.421953
105.000000 1541.020297
110.000000 1540.503823
115.000000 1539.850417
120.000000 1538.986969
125.000000 1538.079062
130.000000 1537.245674
135.000000 1536.218472
140.000000 1535.130773
145.000000 1534.127316
150.000000 1533.291803
155.000000 1532.469305
160.000000 1531.329160
165.000000 1529.854466
170.000000 1528.393578
175.000000 1526.784568
180.000000 1525.060259
185.000000 1523.299273
190.000000 1521.534182
195.000000 1519.916020
200.000000 1518.254347
220.000000 1511.211445
240.000000 1505.677350
260.000000 1501.432247
280.000000 1498.697396
300.000000 1495.991680
320.000000 1494.081941
340.000000 1492.650806
360.000000 1491.801835
380.000000 1491.020028
400.000000 1490.132754
420.000000 1489.515582
440.000000 1488.805289
460.000000 1487.996665
480.000000 1487.185421
500.000000 1486.332407
550.000000 1485.563377
600.000000 1485.145201
650.000000 1485.084177
700.000000 1484.796424
750.000000 1484.619614
800.000000 1484.766720
850.000000 1484.891312
900.000000 1484.826161
950.000000 1484.611848
1000.000000 1484.453017
1050.000000 1484.513674
1100.000000 1484.586627
1150.000000 1484.812597
1200.000000 1484.622848
1250.000000 1484.739465
1300.000000 1485.102600
1350.000000 1485.298200
1400.000000 1485.692700
1450.000000 1486.136000
1500.000000 1486.524700
1550.000000 1486.944400
1600.000000 1487.552600
1650.000000 1488.022300
1700.000000 1488.490800
1750.000000 1488.973400
1800.000000 1489.484500
1850.000000 1489.967300
1900.000000 1490.368300
1950.000000 1491.072900
2000.000000 1491.671700
2050.000000 1492.158100
2100.000000 1492.745300
2150.000000 1493.480100
2200.000000 1494.120200
2250.000000 1494.826500
2300.000000 1495.507000
2350.000000 1496.177000
2400.000000 1496.959100
2450.000000 1497.672900
2500.000000 1498.397900
2550.000000 1499.119400
2600.000000 1499.872000
2650.000000 1500.608300
2700.000000 1501.433000
2750.000000 1502.271700
2800.000000 1503.060200
2850.000000 1503.881600
2900.000000 1504.706400
2950.000000 1505.487700
3000.000000 1506.303900
3050.000000 1507.120600
3100.000000 1507.921700
3150.000000 1508.768800
3200.000000 1509.596800
3250.000000 1510.451700
3300.000000 1511.326000
3350.000000 1512.158300
3400.000000 1513.012600
3450.000000 1513.846900
3500.000000 1514.700900
3550.000000 1515.556200
3600.000000 1516.406700
3650.000000 1517.255100
3700.000000 1518.137000
3750.000000 1519.006100
3800.000000 1519.878300
3850.000000 1520.746600
3900.000000 1521.632900
3950.000000 1522.488000
4000.000000 1523.337200
4050.000000 1524.228100
4100.000000 1525.115900
4150.000000 1526.008600
4200.000000 1526.898400
4250.000000 1527.792600
4300.000000 1528.699700
4350.000000 1529.601900
4400.000000 1530.516800
4450.000000 1531.427500
4500.000000 1532.342900
4550.000000 1533.259900
4600.000000 1534.151500
4650.000000 1535.116300
4700.000000 1536.037900
4750.000000 1536.959600
4800.000000 1537.881200
4850.000000 1538.802800
4900.000000 1539.724400
4950.000000 1540.646000
5000.000000 1541.567600
5050.000000 1542.489300
5100.000000 1543.410900
5150.000000 1544.332500
5200.000000 1545.254100
5250.000000 1546.175700
5300.000000 1547.097400
5350.000000 1548.019000
5400.000000 1548.940600
5450.000000 1549.862200
5500.000000 1550.783800
5550.000000 1551.705400
5600.000000 1552.627100
5650.000000 1553.548700
5700.000000 1554.470300
5750.000000 1555.391900
5800.000000 1556.313500
5850.000000 1557.235100
5900.000000 1558.156800
5950.000000 1559.078400
6000.000000 1560.000000
-1 -1
0.0000000 0.0000401
5.0000000 0.0000401
10.0000000 0.0000401
15.0000000 0.0000401
20.0000000 0.0000401
25.0000000 0.0000401
30.0000000 0.0000401
35.0000000 0.0000401
40.0000000 0.0000401
45.0000000 0.0000402
50.0000000 0.0000403
55.0000000 0.0000406
60.0000000 0.0000413
65.0000000 0.0000418
70.0000000 0.0000419
75.0000000 0.0000421
80.0000000 0.0000424
85.0000000 0.0000426
90.0000000 0.0000431
95.0000000 0.0000433
100.0000000 0.0000436
105.0000000 0.0000439
110.0000000 0.0000442
115.0000000 0.0000444
120.0000000 0.0000447
125.0000000 0.0000451
130.0000000 0.0000456
135.0000000 0.0000461
140.0000000 0.0000463
145.0000000 0.0000469
150.0000000 0.0000481
155.0000000 0.0000490
160.0000000 0.0000494
165.0000000 0.0000496
170.0000000 0.0000498
175.0000000 0.0000506
180.0000000 0.0000514
185.0000000 0.0000517
190.0000000 0.0000524
195.0000000 0.0000538
200.0000000 0.0000554
220.0000000 0.0000581
240.0000000 0.0000599
260.0000000 0.0000619
280.0000000 0.0000621
300.0000000 0.0000620
320.0000000 0.0000615
340.0000000 0.0000612
360.0000000 0.0000603
380.0000000 0.0000594
400.0000000 0.0000587
420.0000000 0.0000576
440.0000000 0.0000569
460.0000000 0.0000561
480.0000000 0.0000554
500.0000000 0.0000549
550.0000000 0.0000529
600.0000000 0.0000507
650.0000000 0.0000485
700.0000000 0.0000464
750.0000000 0.0000445
800.0000000 0.0000425
850.0000000 0.0000408
900.0000000 0.0000392
950.0000000 0.0000376
1000.0000000 0.0000360
1050.0000000 0.0000368
1100.0000000 0.0000377
1150.0000000 0.0000385
1200.0000000 0.0000394
1250.0000000 0.0000403
1300.0000000 0.0000411
1350.0000000 0.0000420
1400.0000000 0.0000429
1450.0000000 0.0000438
1500.0000000 0.0000447
1550.0000000 0.0000456
1600.0000000 0.0000465
1650.0000000 0.0000475
1700.0000000 0.0000485
1750.0000000 0.0000495
1800.0000000 0.0000505
1850.0000000 0.0000516
1900.0000000 0.0000527
1950.0000000 0.0000538
2000.0000000 0.0000549
2050.0000000 0.0000553
2100.0000000 0.0000556
2150.0000000 0.0000559
2200.0000000 0.0000562
2250.0000000 0.0000565
2300.0000000 0.0000568
2350.0000000 0.0000571
2400.0000000 0.0000574
2450.0000000 0.0000577
2500.0000000 0.0000581
2550.0000000 0.0000584
2600.0000000 0.0000587
2650.0000000 0.0000590
2700.0000000 0.0000593
2750.0000000 0.0000596
2800.0000000 0.0000599
2850.0000000 0.0000602
2900.0000000 0.0000605
2950.0000000 0.0000608
3000.0000000 0.0000611
3050.0000000 0.0000614
3100.0000000 0.0000618
3150.0000000 0.0000621
3200.0000000 0.0000624
3250.0000000 0.0000627
3300.0000000 0.0000630
3350.0000000 0.0000634
3400.0000000 0.0000637
3450.0000000 0.0000640
3500.0000000 0.0000643
3550.0000000 0.0000643
3600.0000000 0.0000643
3650.0000000 0.0000643
3700.0000000 0.0000642
3750.0000000 0.0000642
3800.0000000 0.0000642
3850.0000000 0.0000641
3900.0000000 0.0000641
3950.0000000 0.0000641
4000.0000000 0.0000641
4050.0000000 0.0000640
4100.0000000 0.0000640
4150.0000000 0.0000640
4200.0000000 0.0000639
4250.0000000 0.0000639
4300.0000000 0.0000639
4350.0000000 0.0000638
4400.0000000 0.0000638
4450.0000000 0.0000638
4500.0000000 0.0000637
4550.0000000 0.0000637
4600.0000000 0.0000637
4650.0000000 0.0000636
4700.0000000 0.0000636
4750.0000000 0.0000636
4800.0000000 0.0000635
4850.0000000 0.0000635
4900.0000000 0.0000635
4950.0000000 0.0000635
5000.0000000 0.0000634
5050.0000000 0.0000634
5100.0000000 0.0000634
5150.0000000 0.0000634
5200.0000000 0.0000633
5250.0000000 0.0000633
5300.0000000 0.0000633
5350.0000000 0.0000633
5400.0000000 0.0000632
5450.0000000 0.0000632
5500.0000000 0.0000632
5550.0000000 0.0000632
5600.0000000 0.0000632
5650.0000000 0.0000631
5700.0000000 0.0000631
5750.0000000 0.0000631
5800.0000000 0.0000631
5850.0000000 0.0000630
5900.0000000 0.0000630
5950.0000000 0.0000630
6000.0000000 0.0000630
-1 -1
0.000000 1705.212045
-1 -1
0.000000 1.871582
-1 -1
0.000000 0.401226
1074.098000 0.401226
1104.098000 10.000000
-1 -1
11000.000000
0.000000 1542.927620
5.000000 1543.508514
10.000000 1543.763567
15.000000 1543.909512
20.000000 1544.115810
25.000000 1544.205169
30.000000 1544.289821
35.000000 1544.374265
40.000000 1544.457473
45.000000 1544.528838
50.000000 1544.570491
55.000000 1544.547848
60.000000 1544.438137
65.000000 1544.203456
70.000000 1543.871700
75.000000 1543.472932
80.000000 1543.032662
85.000000 1542.596210
90.000000 1542.185603
95.000000 1541.813494
100.000000 1541.426558
105.000000 1541.034924
110.000000 1540.530054
115.000000 1539.871223
120.000000 1538.998180
125.000000 1538.075080
130.000000 1537.219416
135.000000 1536.179277
140.000000 1535.081807
145.000000 1534.083488
150.000000 1533.254628
155.000000 1532.439082
160.000000 1531.316641
165.000000 1529.857141
170.000000 1528.405195
175.000000 1526.806650
180.000000 1525.101798
185.000000 1523.361752
190.000000 1521.604152
195.000000 1519.997542
200.000000 1518.341325
220.000000 1511.293994
240.000000 1505.748601
260.000000 1501.487392
280.000000 1498.691838
300.000000 1496.004264
320.000000 1494.083589
340.000000 1492.638730
360.000000 1491.808475
380.000000 1491.024544
400.000000 1490.136258
420.000000 1489.515255
440.000000 1488.784538
460.000000 1487.973009
480.000000 1487.177267
500.000000 1486.344139
550.000000 1485.592950
600.000000 1485.165224
650.000000 1485.091364
700.000000 1484.822815
750.000000 1484.638031
800.000000 1484.771637
850.000000 1484.897892
900.000000 1484.835088
950.000000 1484.625066
1000.000000 1484.464215
1050.000000 1484.518472
1100.000000 1484.605638
1150.000000 1484.827224
1200.000000 1484.624873
1250.000000 1484.739133
1300.000000 1485.102600
1350.000000 1485.298200
1400.000000 1485.692700
1450.000000 1486.136000
1500.000000 1486.524700
1550.000000 1486.944400
1600.000000 1487.552600
1650.000000 1488.022300
1700.000000 1488.490800
1750.000000 1488.973400
1800.000000 1489.484500
1850.000000 1489.967300
1900.000000 1490.368300
1950.000000 1491.072900
2000.000000 1491.671700
2050.000000 1492.158100
2100.000000 1492.745300
2150.000000 1493.480100
2200.000000 1494.120200
2250.000000 1494.826500
2300.000000 1495.507000
2350.000000 1496.177000
2400.000000 1496.959100
2450.000000 1497.672900
2500.000000 1498.397900
2550.000000 1499.119400
2600.000000 1499.872000
2650.000000 1500.608300
2700.000000 1501.433000
2750.000000 1502.271700
2800.000000 1503.060200
2850.000000 1503.881600
2900.000000 1504.706400
2950.000000 1505.487700
3000.000000 1506.303900
3050.000000 1507.120600
3100.000000 1507.921700
3150.000000 1508.768800
3200.000000 1509.596800
3250.000000 1510.451700
3300.000000 1511.326000
3350.000000 1512.158300
3400.000000 1513.012600
3450.000000 1513.846900
3500.000000 1514.700900
3550.000000 1515.556200
3600.000000 1516.406700
3650.000000 1517.255100
3700.000000 1518.137000
3750.000000 1519.006100
3800.000000 1519.878300
3850.000000 1520.746600
3900.000000 1521.632900
3950.000000 1522.488000
4000.000000 1523.337200
4050.000000 1524.228100
4100.000000 1525.115900
4150.000000 1526.008600
4200.000000 1526.898400
4250.000000 1527.792600
4300.000000 1528.699700
4350.000000 1529.601900
4400.000000 1530.516800
4450.000000 1531.427500
4500.000000 1532.342900
4550.000000 1533.259900
4600.000000 1534.151500
4650.000000 1535.116300
4700.000000 1536.037900
4750.000000 1536.959600
4800.000000 1537.881200
4850.000000 1538.802800
4900.000000 1539.724400
4950.000000 1540.646000
5000.000000 1541.567600
5050.000000 1542.489300
5100.000000 1543.410900
5150.000000 1544.332500
5200.000000 1545.254100
5250.000000 1546.175700
5300.000000 1547.097400
5350.000000 1548.019000
5400.000000 1548.940600
5450.000000 1549.862200
5500.000000 1550.783800
5550.000000 1551.705400
5600.000000 1552.627100
5650.000000 1553.548700
5700.000000 1554.470300
5750.000000 1555.391900
5800.000000 1556.313500
5850.000000 1557.235100
5900.000000 1558.156800
5950.000000 1559.078400
6000.000000 1560.000000
-1 -1
0.0000000 0.0000401
5.0000000 0.0000401
10.0000000 0.0000401
15.0000000 0.0000401
20.0000000 0.0000401
25.0000000 0.0000401
30.0000000 0.0000401
35.0000000 0.0000401
40.0000000 0.0000401
45.0000000 0.0000402
50.0000000 0.0000403
55.0000000 0.0000406
60.0000000 0.0000413
65.0000000 0.0000418
70.0000000 0.0000419
75.0000000 0.0000421
80.0000000 0.0000424
85.0000000 0.0000426
90.0000000 0.0000431
95.0000000 0.0000433
100.0000000 0.0000436
105.0000000 0.0000439
110.0000000 0.0000442
115.0000000 0.0000444
120.0000000 0.0000447
125.0000000 0.0000451
130.0000000 0.0000456
135.0000000 0.0000461
140.0000000 0.0000463
145.0000000 0.0000469
150.0000000 0.0000481
155.0000000 0.0000490
160.0000000 0.0000494
165.0000000 0.0000496
170.0000000 0.0000498
175.0000000 0.0000506
180.0000000 0.0000514
185.0000000 0.0000517
190.0000000 0.0000524
195.0000000 0.0000538
200.0000000 0.0000554
220.0000000 0.0000581
240.0000000 0.0000599
260.0000000 0.0000619
280.0000000 0.0000621
300.0000000 0.0000620
320.0000000 0.0000615
340.0000000 0.0000612
360.0000000 0.0000603
380.0000000 0.0000594
400.0000000 0.0000587
420.0000000 0.0000576
440.0000000 0.0000569
460.0000000 0.0000561
480.0000000 0.0000554
500.0000000 0.0000549
550.0000000 0.0000529
600.0000000 0.0000507
650.0000000 0.0000485
700.0000000 0.0000464
750.0000000 0.0000445
800.0000000 0.0000425
850.0000000 0.0000408
900.0000000 0.0000392
950.0000000 0.0000376
1000.0000000 0.0000360
1050.0000000 0.0000368
1100.0000000 0.0000377
1150.0000000 0.0000385
1200.0000000 0.0000394
1250.0000000 0.0000403
1300.0000000 0.0000411
1350.0000000 0.0000420
1400.0000000 0.0000429
1450.0000000 0.0000438
1500.0000000 0.0000447
1550.0000000 0.0000456
1600.0000000 0.0000465
1650.0000000 0.0000475
1700.0000000 0.0000485
1750.0000000 0.0000495
1800.0000000 0.0000505
1850.0000000 0.0000516
1900.0000000 0.0000527
1950.0000000 0.0000538
2000.0000000 0.0000549
2050.0000000 0.0000553
2100.0000000 0.0000556
2150.0000000 0.0000559
2200.0000000 0.0000562
2250.0000000 0.0000565
2300.0000000 0.0000568
2350.0000000 0.0000571
2400.0000000 0.0000574
2450.0000000 0.0000577
2500.0000000 0.0000581
2550.0000000 0.0000584
2600.0000000 0.0000587
2650.0000000 0.0000590
2700.0000000 0.0000593
2750.0000000 0.0000596
2800.0000000 0.0000599
2850.0000000 0.0000602
2900.0000000 0.0000605
2950.0000000 0.0000608
3000.0000000 0.0000611
3050.0000000 0.0000614
3100.0000000 0.0000618
3150.0000000 0.0000621
3200.0000000 0.0000624
3250.0000000 0.0000627
3300.0000000 0.0000630
3350.0000000 0.0000634
3400.0000000 0.0000637
3450.0000000 0.0000640
3500.0000000 0.0000643
3550.0000000 0.0000643
3600.0000000 0.0000643
3650.0000000 0.0000643
3700.0000000 0.0000642
3750.0000000 0.0000642
3800.0000000 0.0000642
3850.0000000 0.0000641
3900.0000000 0.0000641
3950.0000000 0.0000641
4000.0000000 0.0000641
4050.0000000 0.0000640
4100.0000000 0.0000640
4150.0000000 0.0000640
4200.0000000 0.0000639
4250.0000000 0.0000639
4300.0000000 0.0000639
4350.0000000 0.0000638
4400.0000000 0.0000638
4450.0000000 0.0000638
4500.0000000 0.0000637
4550.0000000 0.0000637
4600.0000000 0.0000637
4650.0000000 0.0000636
4700.0000000 0.0000636
4750.0000000 0.0000636
4800.0000000 0.0000635
4850.0000000 0.0000635
4900.0000000 0.0000635
4950.0000000 0.0000635
5000.0000000 0.0000634
5050.0000000 0.0000634
5100.0000000 0.0000634
5150.0000000 0.0000634
5200.0000000 0.0000633
5250.0000000 0.0000633
5300.0000000 0.0000633
5350.0000000 0.0000633
5400.0000000 0.0000632
5450.0000000 0.0000632
5500.0000000 0.0000632
5550.0000000 0.0000632
5600.0000000 0.0000632
5650.0000000 0.0000631
5700.0000000 0.0000631
5750.0000000 0.0000631
5800.0000000 0.0000631
5850.0000000 0.0000630
5900.0000000 0.0000630
5950.0000000 0.0000630
6000.0000000 0.0000630
-1 -1
0.000000 1703.236489
-1 -1
0.000000 1.871582
-1 -1
0.000000 0.400762
1074.098000 0.400762
1104.098000 10.000000
-1 -1
12000.000000
0.000000 1542.984252
5.000000 1543.531286
10.000000 1543.774903
15.000000 1543.916773
20.000000 1544.115050
25.000000 1544.203935
30.000000 1544.288620
35.000000 1544.373179
40.000000 1544.456198
45.000000 1544.525376
50.000000 1544.562871
55.000000 1544.530739
60.000000 1544.410571
65.000000 1544.168763
70.000000 1543.834033
75.000000 1543.434510
80.000000 1542.995262
85.000000 1542.565168
90.000000 1542.165966
95.000000 1541.806509
100.000000 1541.431162
105.000000 1541.049552
110.000000 1540.556284
115.000000 1539.892030
120.000000 1539.009391
125.000000 1538.071097
130.000000 1537.193158
135.000000 1536.140081
140.000000 1535.032841
145.000000 1534.039661
150.000000 1533.217454
155.000000 1532.408860
160.000000 1531.304122
165.000000 1529.859816
170.000000 1528.416811
175.000000 1526.828732
180.000000 1525.143337
185.000000 1523.424231
190.000000 1521.674122
195.000000 1520.079064
200.000000 1518.428303
220.000000 1511.376543
240.000000 1505.819851
260.000000 1501.542537
280.000000 1498.686281
300.000000 1496.016847
320.000000 1494.085238
340.000000 1492.626653
360.000000 1491.815114
380.000000 1491.029061
400.000000 1490.139761
420.000000 1489.514928
440.000000 1488.763787
460.000000 1487.949352
480.000000 1487.169113
500.000000 1486.355870
550.000000 1485.622523
600.000000 1485.185248
650.000000 1485.098551
700.000000 1484.849207
750.000000 1484.656448
800.000000 1484.776555
850.000000 1484.904471
900.000000 1484.844016
950.000000 1484.638285
1000.000000 1484.475412
1050.000000 1484.523269
1100.000000 1484.624648
1150.000000 1484.841852
1200.000000 1484.626899
1250.000000 1484.738802
1300.000000 1485.102600
1350.000000 1485.298200
1400.000000 1485.692700
1450.000000 1486.136000
1500.000000 1486.524700
1550.000000 1486.944400
1600.000000 1487.552600
1650.000000 1488.022300
1700.000000 1488.490800
1750.000000 1488.973400
1800.000000 1489.484500
1850.000000 1489.967300
1900.000000 1490.368300
1950.000000 1491.072900
2000.000000 1491.671700
2050.000000 1492.158100
2100.000000 1492.745300
2150.000000 1493.480100
2200.000000 1494.120200
2250.000000 1494.826500
2300.000000 1495.507000
2350.000000 1496.177000
2400.000000 1496.959100
2450.000000 1497.672900
2500.000000 1498.397900
2550.000000 1499.119400
2600.000000 1499.872000
2650.000000 1500.608300
2700.000000 1501.433000
2750.000000 1502.271700
2800.000000 1503.060200
2850.000000 1503.881600
2900.000000 1504.706400
2950.000000 1505.487700
3000.000000 1506.303900
3050.000000 1507.120600
3100.000000 1507.921700
3150.000000 1508.768800
3200.000000 1509.596800
3250.000000 1510.451700
3300.000000 1511.326000
3350.000000 1512.158300
3400.000000 1513.012600
3450.000000 1513.846900
3500.000000 1514.700900
3550.000000 1515.556200
3600.000000 1516.406700
3650.000000 1517.255100
3700.000000 1518.137000
3750.000000 1519.006100
3800.000000 1519.878300
3850.000000 1520.746600
3900.000000 1521.632900
3950.000000 1522.488000
4000.000000 1523.337200
4050.000000 1524.228100
4100.000000 1525.115900
4150.000000 1526.008600
4200.000000 1526.898400
4250.000000 1527.792600
4300.000000 1528.699700
4350.000000 1529.601900
4400.000000 1530.516800
4450.000000 1531.427500
4500.000000 1532.342900
4550.000000 1533.259900
4600.000000 1534.151500
4650.000000 1535.116300
4700.000000 1536.037900
4750.000000 1536.959600
4800.000000 1537.881200
4850.000000 1538.802800
4900.000000 1539.724400
4950.000000 1540.646000
5000.000000 1541.567600
5050.000000 1542.489300
5100.000000 1543.410900
5150.000000 1544.332500
5200.000000 1545.254100
5250.000000 1546.175700
5300.000000 1547.097400
5350.000000 1548.019000
5400.000000 1548.940600
5450.000000 1549.862200
5500.000000 1550.783800
5550.000000 1551.705400
5600.000000 1552.627100
5650.000000 1553.548700
5700.000000 1554.470300
5750.000000 1555.391900
5800.000000 1556.313500
5850.000000 1557.235100
5900.000000 1558.156800
5950.000000 1559.078400
6000.000000 1560.000000
-1 -1
0.0000000 0.0000401
5.0000000 0.0000401
10.0000000 0.0000401
15.0000000 0.0000401
20.0000000 0.0000401
25.0000000 0.0000401
30.0000000 0.0000401
35.0000000 0.0000401
40.0000000 0.0000401
45.0000000 0.0000402
50.0000000 0.0000403
55.0000000 0.0000406
60.0000000 0.0000413
65.0000000 0.0000418
70.0000000 0.0000419
75.0000000 0.0000421
80.0000000 0.0000424
85.0000000 0.0000426
90.0000000 0.0000431
95.0000000 0.0000433
100.0000000 0.0000436
105.0000000 0.0000439
110.0000000 0.0000442
115.0000000 0.0000444
120.0000000 0.0000447
125.0000000 0.0000451
130.0000000 0.0000456
135.0000000 0.0000461
140.0000000 0.0000463
145.0000000 0.0000469
150.0000000 0.0000481
155.0000000 0.0000490
160.0000000 0.0000494
165.0000000 0.0000496
170.0000000 0.0000498
175.0000000 0.0000506
180.0000000 0.0000514
185.0000000 0.0000517
190.0000000 0.0000524
195.0000000 0.0000538
200.0000000 0.0000554
220.0000000 0.0000581
240.0000000 0.0000599
260.0000000 0.0000619
280.0000000 0.0000621
300.0000000 0.0000620
320.0000000 0.0000615
340.0000000 0.0000612
360.0000000 0.0000603
380.0000000 0.0000594
400.0000000 0.0000587
420.0000000 0.0000576
440.0000000 0.0000569
460.0000000 0.0000561
480.0000000 0.0000554
500.0000000 0.0000549
550.0000000 0.0000529
600.0000000 0.0000507
650.0000000 0.0000485
700.0000000 0.0000464
750.0000000 0.0000445
800.0000000 0.0000425
850.0000000 0.0000408
900.0000000 0.0000392
950.0000000 0.0000376
1000.0000000 0.0000360
1050.0000000 0.0000368
1100.0000000 0.0000377
1150.0000000 0.0000385
1200.0000000 0.0000394
1250.0000000 0.0000403
1300.0000000 0.0000411
1350.0000000 0.0000420
1400.0000000 0.0000429
1450.0000000 0.0000438
1500.0000000 0.0000447
1550.0000000 0.0000456
1600.0000000 0.0000465
1650.0000000 0.0000475
1700.0000000 0.0000485
1750.0000000 0.0000495
1800.0000000 0.0000505
1850.0000000 0.0000516
1900.0000000 0.0000527
1950.0000000 0.0000538
2000.0000000 0.0000549
2050.0000000 0.0000553
2100.0000000 0.0000556
2150.0000000 0.0000559
2200.0000000 0.0000562
2250.0000000 0.0000565
2300.0000000 0.0000568
2350.0000000 0.0000571
2400.0000000 0.0000574
2450.0000000 0.0000577
2500.0000000 0.0000581
2550.0000000 0.0000584
2600.0000000 0.0000587
2650.0000000 0.0000590
2700.0000000 0.0000593
2750.0000000 0.0000596
2800.0000000 0.0000599
2850.0000000 0.0000602
2900.0000000 0.0000605
2950.0000000 0.0000608
3000.0000000 0.0000611
3050.0000000 0.0000614
3100.0000000 0.0000618
3150.0000000 0.0000621
3200.0000000 0.0000624
3250.0000000 0.0000627
3300.0000000 0.0000630
3350.0000000 0.0000634
3400.0000000 0.0000637
3450.0000000 0.0000640
3500.0000000 0.0000643
3550.0000000 0.0000643
3600.0000000 0.0000643
3650.0000000 0.0000643
3700.0000000 0.0000642
3750.0000000 0.0000642
3800.0000000 0.0000642
3850.0000000 0.0000641
3900.0000000 0.0000641
3950.0000000 0.0000641
4000.0000000 0.0000641
4050.0000000 0.0000640
4100.0000000 0.0000640
4150.0000000 0.0000640
4200.0000000 0.0000639
4250.0000000 0.0000639
4300.0000000 0.0000639
4350.0000000 0.0000638
4400.0000000 0.0000638
4450.0000000 0.0000638
4500.0000000 0.0000637
4550.0000000 0.0000637
4600.0000000 0.0000637
4650.0000000 0.0000636
4700.0000000 0.0000636
4750.0000000 0.0000636
4800.0000000 0.0000635
4850.0000000 0.0000635
4900.0000000 0.0000635
4950.0000000 0.0000635
5000.0000000 0.0000634
5050.0000000 0.0000634
5100.0000000 0.0000634
5150.0000000 0.0000634
5200.0000000 0.0000633
5250.0000000 0.0000633
5300.0000000 0.0000633
5350.0000000 0.0000633
5400.0000000 0.0000632
5450.0000000 0.0000632
5500.0000000 0.0000632
5550.0000000 0.0000632
5600.0000000 0.0000632
5650.0000000 0.0000631
5700.0000000 0.0000631
5750.0000000 0.0000631
5800.0000000 0.0000631
5850.0000000 0.0000630
5900.0000000 0.0000630
5950.0000000 0.0000630
6000.0000000 0.0000630
-1 -1
0.000000 1702.745719
-1 -1
0.000000 1.871582
-1 -1
0.000000 0.400646
1074.098000 0.400646
1104.098000 10.000000
-1 -1
13000.000000
0.000000 1543.040884
5.000000 1543.554059
10.000000 1543.786239
15.000000 1543.924034
20.000000 1544.114291
25.000000 1544.202701
30.000000 1544.287418
35.000000 1544.372092
40.000000 1544.454922
45.000000 1544.521913
50.000000 1544.555251
55.000000 1544.513630
60.000000 1544.383006
65.000000 1544.134070
70.000000 1543.796366
75.000000 1543.396087
80.000000 1542.957862
85.000000 1542.534126
90.000000 1542.146329
95.000000 1541.799524
100.000000 1541.435766
105.000000 1541.064179
110.000000 1540.582514
115.000000 1539.912836
120.000000 1539.020603
125.000000 1538.067114
130.000000 1537.166900
135.000000 1536.100885
140.000000 1534.983875
145.000000 1533.995833
150.000000 1533.180279
155.000000 1532.378638
160.000000 1531.291603
165.000000 1529.862491
170.000000 1528.428428
175.000000 1526.850814
180.000000 1525.184877
185.000000 1523.486711
190.000000 1521.744093
195.000000 1520.160587
200.000000 1518.515282
220.000000 1511.459092
240.000000 1505.891101
260.000000 1501.597682
280.000000 1498.680724
300.000000 1496.029430
320.000000 1494.086886
340.000000 1492.614576
360.000000 1491.821753
380.000000 1491.033578
400.000000 1490.143265
420.000000 1489.514601
440.000000 1488.743036
460.000000 1487.925696
480.000000 1487.160959
500.000000 1486.367602
550.000000 1485.652096
600.000000 1485.205272
650.000000 1485.105738
700.000000 1484.875598
750.000000 1484.674865
800.000000 1484.781472
850.000000 1484.911051
900.000000 1484.852943
950.000000 1484.651504
1000.000000 1484.486610
1050.000000 1484.528067
1100.000000 1484.643659
1150.000000 1484.856479
1200.000000 1484.628925
1250.000000 1484.738470
1300.000000 1485.102600
1350.000000 1485.298200
1400.000000 1485.692700
1450.000000 1486.136000
1500.000000 1486.524700
1550.000000 1486.944400
1600.000000 1487.552600
1650.000000 1488.022300
1700.000000 1488.490800
1750.000000 1488.973400
1800.000000 1489.484500
1850.000000 1489.967300
1900.000000 1490.368300
1950.000000 1491.072900
2000.000000 1491.671700
2050.000000 1492.158100
2100.000000 1492.745300
2150.000000 1493.480100
2200.000000 1494.120200
2250.000000 1494.826500
2300.000000 1495.507000
2350.000000 1496.177000
2400.000000 1496.959100
2450.000000 1497.672900
2500.000000 1498.397900
2550.000000 1499.119400
2600.000000 1499.872000
2650.000000 1500.608300
2700.000000 1501.433000
2750.000000 1502.271700
2800.000000 1503.060200
2850.000000 1503.881600
2900.000000 1504.706400
2950.000000 1505.487700
3000.000000 1506.303900
3050.000000 1507.120600
3100.000000 1507.921700
3150.000000 1508.768800
3200.000000 1509.596800
3250.000000 1510.451700
3300.000000 1511.326000
3350.000000 1512.158300
3400.000000 1513.012600
3450.000000 1513.846900
3500.000000 1514.700900
3550.000000 1515.556200
3600.000000 1516.406700
3650.000000 1517.255100
3700.000000 1518.137000
3750.000000 1519.006100
3800.000000 1519.878300
3850.000000 1520.746600
3900.000000 1521.632900
3950.000000 1522.488000
4000.000000 1523.337200
4050.000000 1524.228100
4100.000000 1525.115900
4150.000000 1526.008600
4200.000000 1526.898400
4250.000000 1527.792600
4300.000000 1528.699700
4350.000000 1529.601900
4400.000000 1530.516800
4450.000000 1531.427500
4500.000000 1532.342900
4550.000000 1533.259900
4600.000000 1534.151500
4650.000000 1535.116300
4700.000000 1536.037900
4750.000000 1536.959600
4800.000000 1537.881200
4850.000000 1538.802800
4900.000000 1539.724400
4950.000000 1540.646000
5000.000000 1541.567600
5050.000000 1542.489300
5100.000000 1543.410900
5150.000000 1544.332500
5200.000000 1545.254100
5250.000000 1546.175700
5300.000000 1547.097400
5350.000000 1548.019000
5400.000000 1548.940600
5450.000000 1549.862200
5500.000000 1550.783800
5550.000000 1551.705400
5600.000000 1552.627100
5650.000000 1553.548700
5700.000000 1554.470300
5750.000000 1555.391900
5800.000000 1556.313500
5850.000000 1557.235100
5900.000000 1558.156800
5950.000000 1559.078400
6000.000000 1560.000000
-1 -1
0.0000000 0.0000401
5.0000000 0.0000401
10.0000000 0.0000401
15.0000000 0.0000401
20.0000000 0.0000401
25.0000000 0.0000401
30.0000000 0.0000401
35.0000000 0.0000401
40.0000000 0.0000401
45.0000000 0.0000402
50.0000000 0.0000403
55.0000000 0.0000406
60.0000000 0.0000413
65.0000000 0.0000418
70.0000000 0.0000419
75.0000000 0.0000421
80.0000000 0.0000424
85.0000000 0.0000426
90.0000000 0.0000431
95.0000000 0.0000433
100.0000000 0.0000436
105.0000000 0.0000439
110.0000000 0.0000442
115.0000000 0.0000444
120.0000000 0.0000447
125.0000000 0.0000451
130.0000000 0.0000456
135.0000000 0.0000461
140.0000000 0.0000463
145.0000000 0.0000469
150.0000000 0.0000481
155.0000000 0.0000490
160.0000000 0.0000494
165.0000000 0.0000496
170.0000000 0.0000498
175.0000000 0.0000506
180.0000000 0.0000514
185.0000000 0.0000517
190.0000000 0.0000524
195.0000000 0.0000538
200.0000000 0.0000554
220.0000000 0.0000581
240.0000000 0.0000599
260.0000000 0.0000619
280.0000000 0.0000621
300.0000000 0.0000620
320.0000000 0.0000615
340.0000000 0.0000612
360.0000000 0.0000603
380.0000000 0.0000594
400.0000000 0.0000587
420.0000000 0.0000576
440.0000000 0.0000569
460.0000000 0.0000561
480.0000000 0.0000554
500.0000000 0.0000549
550.0000000 0.0000529
600.0000000 0.0000507
650.0000000 0.0000485
700.0000000 0.0000464
750.0000000 0.0000445
800.0000000 0.0000425
850.0000000 0.0000408
900.0000000 0.0000392
950.0000000 0.0000376
1000.0000000 0.0000360
1050.0000000 0.0000368
1100.0000000 0.0000377
1150.0000000 0.0000385
1200.0000000 0.0000394
1250.0000000 0.0000403
1300.0000000 0.0000411
1350.0000000 0.0000420
1400.0000000 0.0000429
1450.0000000 0.0000438
1500.0000000 0.0000447
1550.0000000 0.0000456
1600.0000000 0.0000465
1650.0000000 0.0000475
1700.0000000 0.0000485
1750.0000000 0.0000495
1800.0000000 0.0000505
1850.0000000 0.0000516
1900.0000000 0.0000527
1950.0000000 0.0000538
2000.0000000 0.0000549
2050.0000000 0.0000553
2100.0000000 0.0000556
2150.0000000 0.0000559
2200.0000000 0.0000562
2250.0000000 0.0000565
2300.0000000 0.0000568
2350.0000000 0.0000571
2400.0000000 0.0000574
2450.0000000 0.0000577
2500.0000000 0.0000581
2550.0000000 0.0000584
2600.0000000 0.0000587
2650.0000000 0.0000590
2700.0000000 0.0000593
2750.0000000 0.0000596
2800.0000000 0.0000599
2850.0000000 0.0000602
2900.0000000 0.0000605
2950.0000000 0.0000608
3000.0000000 0.0000611
3050.0000000 0.0000614
3100.0000000 0.0000618
3150.0000000 0.0000621
3200.0000000 0.0000624
3250.0000000 0.0000627
3300.0000000 0.0000630
3350.0000000 0.0000634
3400.0000000 0.0000637
3450.0000000 0.0000640
3500.0000000 0.0000643
3550.0000000 0.0000643
3600.0000000 0.0000643
3650.0000000 0.0000643
3700.0000000 0.0000642
3750.0000000 0.0000642
3800.0000000 0.0000642
3850.0000000 0.0000641
3900.0000000 0.0000641
3950.0000000 0.0000641
4000.0000000 0.0000641
4050.0000000 0.0000640
4100.0000000 0.0000640
4150.0000000 0.0000640
4200.0000000 0.0000639
4250.0000000 0.0000639
4300.0000000 0.0000639
4350.0000000 0.0000638
4400.0000000 0.0000638
4450.0000000 0.0000638
4500.0000000 0.0000637
4550.0000000 0.0000637
4600.0000000 0.0000637
4650.0000000 0.0000636
4700.0000000 0.0000636
4750.0000000 0.0000636
4800.0000000 0.0000635
4850.0000000 0.0000635
4900.0000000 0.0000635
4950.0000000 0.0000635
5000.0000000 0.0000634
5050.0000000 0.0000634
5100.0000000 0.0000634
5150.0000000 0.0000634
5200.0000000 0.0000633
5250.0000000 0.0000633
5300.0000000 0.0000633
5350.0000000 0.0000633
5400.0000000 0.0000632
5450.0000000 0.0000632
5500.0000000 0.0000632
5550.0000000 0.0000632
5600.0000000 0.0000632
5650.0000000 0.0000631
5700.0000000 0.0000631
5750.0000000 0.0000631
5800.0000000 0.0000631
5850.0000000 0.0000630
5900.0000000 0.0000630
5950.0000000 0.0000630
6000.0000000 0.0000630
-1 -1
0.000000 1701.946883
-1 -1
0.000000 1.871582
-1 -1
0.000000 0.400458
1074.098000 0.400458
1104.098000 10.000000
-1 -1
14000.000000
0.000000 1543.097516
5.000000 1543.576831
10.000000 1543.797574
15.000000 1543.931294
20.000000 1544.113531
25.000000 1544.201467
30.000000 1544.286216
35.000000 1544.371005
40.000000 1544.453647
45.000000 1544.518451
50.000000 1544.547631
55.000000 1544.496521
60.000000 1544.355440
65.000000 1544.099377
70.000000 1543.758699
75.000000 1543.357665
80.000000 1542.920462
85.000000 1542.503085
90.000000 1542.126692
95.000000 1541.792540
100.000000 1541.440370
105.000000 1541.078807
110.000000 1540.608744
115.000000 1539.933643
120.000000 1539.031814
125.000000 1538.063132
130.000000 1537.140642
135.000000 1536.061689
140.000000 1534.934909
145.000000 1533.952006
150.000000 1533.143105
155.000000 1532.348416
160.000000 1531.279084
165.000000 1529.865166
170.000000 1528.440044
175.000000 1526.872895
180.000000 1525.226416
185.000000 1523.549190
190.000000 1521.814063
195.000000 1520.242109
200.000000 1518.602260
220.000000 1511.541641
240.000000 1505.962351
260.000000 1501.652826
280.000000 1498.675167
300.000000 1496.042014
320.000000 1494.088534
340.000000 1492.602499
360.000000 1491.828392
380.000000 1491.038095
400.000000 1490.146769
420.000000 1489.514275
440.000000 1488.722284
460.000000 1487.902039
480.000000 1487.152805
500.000000 1486.379333
550.000000 1485.681668
600.000000 1485.225296
650.000000 1485.112925
700.000000 1484.901989
750.000000 1484.693281
800.000000 1484.786389
850.000000 1484.917630
900.000000 1484.861871
950.000000 1484.664723
1000.000000 1484.497807
1050.000000 1484.532864
1100.000000 1484.662670
1150.000000 1484.871107
1200.000000 1484.630951
1250.000000 1484.738139
1300.000000 1485.102600
1350.000000 1485.298200
1400.000000 1485.692700
1450.000000 1486.136000
1500.000000 1486.524700
1550.000000 1486.944400
1600.000000 1487.552600
1650.000000 1488.022300
1700.000000 1488.490800
1750.000000 1488.973400
1800.000000 1489.484500
1850.000000 1489.967300
1900.000000 1490.368300
1950.000000 1491.072900
2000.000000 1491.671700
2050.000000 1492.158100
2100.000000 1492.745300
2150.000000 1493.480100
2200.000000 1494.120200
2250.000000 1494.826500
2300.000000 1495.507000
2350.000000 1496.177000
2400.000000 1496.959100
2450.000000 1497.672900
2500.000000 1498.397900
2550.000000 1499.119400
2600.000000 1499.872000
2650.000000 1500.608300
2700.000000 1501.433000
2750.000000 1502.271700
2800.000000 1503.060200
2850.000000 1503.881600
2900.000000 1504.706400
2950.000000 1505.487700
3000.000000 1506.303900
3050.000000 1507.120600
3100.000000 1507.921700
3150.000000 1508.768800
3200.000000 1509.596800
3250.000000 1510.451700
3300.000000 1511.326000
3350.000000 1512.158300
3400.000000 1513.012600
3450.000000 1513.846900
3500.000000 1514.700900
3550.000000 1515.556200
3600.000000 1516.406700
3650.000000 1517.255100
3700.000000 1518.137000
3750.000000 1519.006100
3800.000000 1519.878300
3850.000000 1520.746600
3900.000000 1521.632900
3950.000000 1522.488000
4000.000000 1523.337200
4050.000000 1524.228100
4100.000000 1525.115900
4150.000000 1526.008600
4200.000000 1526.898400
4250.000000 1527.792600
4300.000000 1528.699700
4350.000000 1529.601900
4400.000000 1530.516800
4450.000000 1531.427500
4500.000000 1532.342900
4550.000000 1533.259900
4600.000000 1534.151500
4650.000000 1535.116300
4700.000000 1536.037900
4750.000000 1536.959600
4800.000000 1537.881200
4850.000000 1538.802800
4900.000000 1539.724400
4950.000000 1540.646000
5000.000000 1541.567600
5050.000000 1542.489300
5100.000000 1543.410900
5150.000000 1544.332500
5200.000000 1545.254100
5250.000000 1546.175700
5300.000000 1547.097400
5350.000000 1548.019000
5400.000000 1548.940600
5450.000000 1549.862200
5500.000000 1550.783800
5550.000000 1551.705400
5600.000000 1552.627100
5650.000000 1553.548700
5700.000000 1554.470300
5750.000000 1555.391900
5800.000000 1556.313500
5850.000000 1557.235100
5900.000000 1558.156800
5950.000000 1559.078400
6000.000000 1560.000000
-1 -1
0.0000000 0.0000401
5.0000000 0.0000401
10.0000000 0.0000401
15.0000000 0.0000401
20.0000000 0.0000401
25.0000000 0.0000401
30.0000000 0.0000401
35.0000000 0.0000401
40.0000000 0.0000401
45.0000000 0.0000402
50.0000000 0.0000403
55.0000000 0.0000406
60.0000000 0.0000413
65.0000000 0.0000418
70.0000000 0.0000419
75.0000000 0.0000421
80.0000000 0.0000424
85.0000000 0.0000426
90.0000000 0.0000431
95.0000000 0.0000433
100.0000000 0.0000436
105.0000000 0.0000439
110.0000000 0.0000442
115.0000000 0.0000444
120.0000000 0.0000447
125.0000000 0.0000451
130.0000000 0.0000456
135.0000000 0.0000461
140.0000000 0.0000463
145.0000000 0.0000469
150.0000000 0.0000481
155.0000000 0.0000490
160.0000000 0.0000494
165.0000000 0.0000496
170.0000000 0.0000498
175.0000000 0.0000506
180.0000000 0.0000514
185.0000000 0.0000517
190.0000000 0.0000524
195.0000000 0.0000538
200.0000000 0.0000554
220.0000000 0.0000581
240.0000000 0.0000599
260.0000000 0.0000619
280.0000000 0.0000621
300.0000000 0.0000620
320.0000000 0.0000615
340.0000000 0.0000612
360.0000000 0.0000603
380.0000000 0.0000594
400.0000000 0.0000587
420.0000000 0.0000576
440.0000000 0.0000569
460.0000000 0.0000561
480.0000000 0.0000554
500.0000000 0.0000549
550.0000000 0.0000529
600.0000000 0.0000507
650.0000000 0.0000485
700.0000000 0.0000464
750.0000000 0.0000445
800.0000000 0.0000425
850.0000000 0.0000408
900.0000000 0.0000392
950.0000000 0.0000376
1000.0000000 0.0000360
1050.0000000 0.0000368
1100.0000000 0.0000377
1150.0000000 0.0000385
1200.0000000 0.0000394
1250.0000000 0.0000403
1300.0000000 0.0000411
1350.0000000 0.0000420
1400.0000000 0.0000429
1450.0000000 0.0000438
1500.0000000 0.0000447
1550.0000000 0.0000456
1600.0000000 0.0000465
1650.0000000 0.0000475
1700.0000000 0.0000485
1750.0000000 0.0000495
1800.0000000 0.0000505
1850.0000000 0.0000516
1900.0000000 0.0000527
1950.0000000 0.0000538
2000.0000000 0.0000549
2050.0000000 0.0000553
2100.0000000 0.0000556
2150.0000000 0.0000559
2200.0000000 0.0000562
2250.0000000 0.0000565
2300.0000000 0.0000568
2350.0000000 0.0000571
2400.0000000 0.0000574
2450.0000000 0.0000577
2500.0000000 0.0000581
2550.0000000 0.0000584
2600.0000000 0.0000587
2650.0000000 0.0000590
2700.0000000 0.0000593
2750.0000000 0.0000596
2800.0000000 0.0000599
2850.0000000 0.0000602
2900.0000000 0.0000605
2950.0000000 0.0000608
3000.0000000 0.0000611
3050.0000000 0.0000614
3100.0000000 0.0000618
3150.0000000 0.0000621
3200.0000000 0.0000624
3250.0000000 0.0000627
3300.0000000 0.0000630
3350.0000000 0.0000634
3400.0000000 0.0000637
3450.0000000 0.0000640
3500.0000000 0.0000643
3550.0000000 0.0000643
3600.0000000 0.0000643
3650.0000000 0.0000643
3700.0000000 0.0000642
3750.0000000 0.0000642
3800.0000000 0.0000642
3850.0000000 0.0000641
3900.0000000 0.0000641
3950.0000000 0.0000641
4000.0000000 0.0000641
4050.0000000 0.0000640
4100.0000000 0.0000640
4150.0000000 0.0000640
4200.0000000 0.0000639
4250.0000000 0.0000639
4300.0000000 0.0000639
4350.0000000 0.0000638
4400.0000000 0.0000638
4450.0000000 0.0000638
4500.0000000 0.0000637
4550.0000000 0.0000637
4600.0000000 0.0000637
4650.0000000 0.0000636
4700.0000000 0.0000636
4750.0000000 0.0000636
4800.0000000 0.0000635
4850.0000000 0.0000635
4900.0000000 0.0000635
4950.0000000 0.0000635
5000.0000000 0.0000634
5050.0000000 0.0000634
5100.0000000 0.0000634
5150.0000000 0.0000634
5200.0000000 0.0000633
5250.0000000 0.0000633
5300.0000000 0.0000633
5350.0000000 0.0000633
5400.0000000 0.0000632
5450.0000000 0.0000632
5500.0000000 0.0000632
5550.0000000 0.0000632
5600.0000000 0.0000632
5650.0000000 0.0000631
5700.0000000 0.0000631
5750.0000000 0.0000631
5800.0000000 0.0000631
5850.0000000 0.0000630
5900.0000000 0.0000630
5950.0000000 0.0000630
6000.0000000 0.0000630
-1 -1
0.000000 1698.702972
-1 -1
0.000000 1.871582
-1 -1
0.000000 0.399695
1074.098000 0.399695
1104.098000 10.000000
-1 -1
15000.000000
0.000000 1543.154147
5.000000 1543.599604
10.000000 1543.808910
15.000000 1543.938555
20.000000 1544.112771
25.000000 1544.200233
30.000000 1544.285014
35.000000 1544.369919
40.000000 1544.452372
45.000000 1544.514989
50.000000 1544.540011
55.000000 1544.479411
60.000000 1544.327875
65.000000 1544.064684
70.000000 1543.721032
75.000000 1543.319243
80.000000 1542.883062
85.000000 1542.472043
90.000000 1542.107055
95.000000 1541.785555
100.000000 1541.444975
105.000000 1541.093435
110.000000 1540.634975
115.000000 1539.954449
120.000000 1539.043025
125.000000 1538.059149
130.000000 1537.114384
135.000000 1536.022494
140.000000 1534.885943
145.000000 1533.908178
150.000000 1533.105930
155.000000 1532.318194
160.000000 1531.266565
165.000000 1529.867841
170.000000 1528.451660
175.000000 1526.894977
180.000000 1525.267955
185.000000 1523.611669
190.000000 1521.884033
195.000000 1520.323631
200.000000 1518.689238
220.000000 1511.624190
240.000000 1506.033602
260.000000 1501.707971
280.000000 1498.669609
300.000000 1496.054597
320.000000 1494.090183
340.000000 1492.590422
360.000000 1491.835032
380.000000 1491.042611
400.000000 1490.150273
420.000000 1489.513948
440.000000 1488.701533
460.000000 1487.878383
480.000000 1487.144651
500.000000 1486.391065
550.000000 1485.711241
600.000000 1485.245319
650.000000 1485.120113
700.000000 1484.928381
750.000000 1484.711698
800.000000 1484.791306
850.000000 1484.924209
900.000000 1484.870799
950.000000 1484.677941
1000.000000 1484.509005
1050.000000 1484.537662
1100.000000 1484.681681
1150.000000 1484.885735
1200.000000 1484.632977
1250.000000 1484.737807
1300.000000 1485.102600
1350.000000 1485.298200
1400.000000 1485.692700
1450.000000 1486.136000
1500.000000 1486.524700
1550.000000 1486.944400
1600.000000 1487.552600
1650.000000 1488.022300
1700.000000 1488.490800
1750.000000 1488.973400
1800.000000 1489.484500
1850.000000 1489.967300
1900.000000 1490.368300
1950.000000 1491.072900
2000.000000 1491.671700
2050.000000 1492.158100
2100.000000 1492.745300
2150.000000 1493.480100
2200.000000 1494.120200
2250.000000 1494.826500
2300.000000 1495.507000
2350.000000 1496.177000
2400.000000 1496.959100
2450.000000 1497.672900
2500.000000 1498.397900
2550.000000 1499.119400
2600.000000 1499.872000
2650.000000 1500.608300
2700.000000 1501.433000
2750.000000 1502.271700
2800.000000 1503.060200
2850.000000 1503.881600
2900.000000 1504.706400
2950.000000 1505.487700
3000.000000 1506.303900
3050.000000 1507.120600
3100.000000 1507.921700
3150.000000 1508.768800
3200.000000 1509.596800
3250.000000 1510.451700
3300.000000 1511.326000
3350.000000 1512.158300
3400.000000 1513.012600
3450.000000 1513.846900
3500.000000 1514.700900
3550.000000 1515.556200
3600.000000 1516.406700
3650.000000 1517.255100
3700.000000 1518.137000
3750.000000 1519.006100
3800.000000 1519.878300
3850.000000 1520.746600
3900.000000 1521.632900
3950.000000 1522.488000
4000.000000 1523.337200
4050.000000 1524.228100
4100.000000 1525.115900
4150.000000 1526.008600
4200.000000 1526.898400
4250.000000 1527.792600
4300.000000 1528.699700
4350.000000 1529.601900
4400.000000 1530.516800
4450.000000 1531.427500
4500.000000 1532.342900
4550.000000 1533.259900
4600.000000 1534.151500
4650.000000 1535.116300
4700.000000 1536.037900
4750.000000 1536.959600
4800.000000 1537.881200
4850.000000 1538.802800
4900.000000 1539.724400
4950.000000 1540.646000
5000.000000 1541.567600
5050.000000 1542.489300
5100.000000 1543.410900
5150.000000 1544.332500
5200.000000 1545.254100
5250.000000 1546.175700
5300.000000 1547.097400
5350.000000 1548.019000
5400.000000 1548.940600
5450.000000 1549.862200
5500.000000 1550.783800
5550.000000 1551.705400
5600.000000 1552.627100
5650.000000 1553.548700
5700.000000 1554.470300
5750.000000 1555.391900
5800.000000 1556.313500
5850.000000 1557.235100
5900.000000 1558.156800
5950.000000 1559.078400
6000.000000 1560.000000
-1 -1
0.0000000 0.0000401
5.0000000 0.0000401
10.0000000 0.0000401
15.0000000 0.0000401
20.0000000 0.0000401
25.0000000 0.0000401
30.0000000 0.0000401
35.0000000 0.0000401
40.0000000 0.0000401
45.0000000 0.0000402
50.0000000 0.0000403
55.0000000 0.0000406
60.0000000 0.0000413
65.0000000 0.0000418
70.0000000 0.0000419
75.0000000 0.0000421
80.0000000 0.0000424
85.0000000 0.0000426
90.0000000 0.0000431
95.0000000 0.0000433
100.0000000 0.0000436
105.0000000 0.0000439
110.0000000 0.0000442
115.0000000 0.0000444
120.0000000 0.0000447
125.0000000 0.0000451
130.0000000 0.0000456
135.0000000 0.0000461
140.0000000 0.0000463
145.0000000 0.0000469
150.0000000 0.0000481
155.0000000 0.0000490
160.0000000 0.0000494
165.0000000 0.0000496
170.0000000 0.0000498
175.0000000 0.0000506
180.0000000 0.0000514
185.0000000 0.0000517
190.0000000 0.0000524
195.0000000 0.0000538
200.0000000 0.0000554
220.0000000 0.0000581
240.0000000 0.0000599
260.0000000 0.0000619
280.0000000 0.0000621
300.0000000 0.0000620
320.0000000 0.0000615
340.0000000 0.0000612
360.0000000 0.0000603
380.0000000 0.0000594
400.0000000 0.0000587
420.0000000 0.0000576
440.0000000 0.0000569
460.0000000 0.0000561
480.0000000 0.0000554
500.0000000 0.0000549
550.0000000 0.0000529
600.0000000 0.0000507
650.0000000 0.0000485
700.0000000 0.0000464
750.0000000 0.0000445
800.0000000 0.0000425
850.0000000 0.0000408
900.0000000 0.0000392
950.0000000 0.0000376
1000.0000000 0.0000360
1050.0000000 0.0000368
1100.0000000 0.0000377
1150.0000000 0.0000385
1200.0000000 0.0000394
1250.0000000 0.0000403
1300.0000000 0.0000411
1350.0000000 0.0000420
1400.0000000 0.0000429
1450.0000000 0.0000438
1500.0000000 0.0000447
1550.0000000 0.0000456
1600.0000000 0.0000465
1650.0000000 0.0000475
1700.0000000 0.0000485
1750.0000000 0.0000495
1800.0000000 0.0000505
1850.0000000 0.0000516
1900.0000000 0.0000527
1950.0000000 0.0000538
2000.0000000 0.0000549
2050.0000000 0.0000553
2100.0000000 0.0000556
2150.0000000 0.0000559
2200.0000000 0.0000562
2250.0000000 0.0000565
2300.0000000 0.0000568
2350.0000000 0.0000571
2400.0000000 0.0000574
2450.0000000 0.0000577
2500.0000000 0.0000581
2550.0000000 0.0000584
2600.0000000 0.0000587
2650.0000000 0.0000590
2700.0000000 0.0000593
2750.0000000 0.0000596
2800.0000000 0.0000599
2850.0000000 0.0000602
2900.0000000 0.0000605
2950.0000000 0.0000608
3000.0000000 0.0000611
3050.0000000 0.0000614
3100.0000000 0.0000618
3150.0000000 0.0000621
3200.0000000 0.0000624
3250.0000000 0.0000627
3300.0000000 0.0000630
3350.0000000 0.0000634
3400.0000000 0.0000637
3450.0000000 0.0000640
3500.0000000 0.0000643
3550.0000000 0.0000643
3600.0000000 0.0000643
3650.0000000 0.0000643
3700.0000000 0.0000642
3750.0000000 0.0000642
3800.0000000 0.0000642
3850.0000000 0.0000641
3900.0000000 0.0000641
3950.0000000 0.0000641
4000.0000000 0.0000641
4050.0000000 0.0000640
4100.0000000 0.0000640
4150.0000000 0.0000640
4200.0000000 0.0000639
4250.0000000 0.0000639
4300.0000000 0.0000639
4350.0000000 0.0000638
4400.0000000 0.0000638
4450.0000000 0.0000638
4500.0000000 0.0000637
4550.0000000 0.0000637
4600.0000000 0.0000637
4650.0000000 0.0000636
4700.0000000 0.0000636
4750.0000000 0.0000636
4800.0000000 0.0000635
4850.0000000 0.0000635
4900.0000000 0.0000635
4950.0000000 0.0000635
5000.0000000 0.0000634
5050.0000000 0.0000634
5100.0000000 0.0000634
5150.0000000 0.0000634
5200.0000000 0.0000633
5250.0000000 0.0000633
5300.0000000 0.0000633
5350.0000000 0.0000633
5400.0000000 0.0000632
5450.0000000 0.0000632
5500.0000000 0.0000632
5550.0000000 0.0000632
5600.0000000 0.0000632
5650.0000000 0.0000631
5700.0000000 0.0000631
5750.0000000 0.0000631
5800.0000000 0.0000631
5850.0000000 0.0000630
5900.0000000 0.0000630
5950.0000000 0.0000630
6000.0000000 0.0000630
-1 -1
0.000000 1699.642231
-1 -1
0.000000 1.871582
-1 -1
0.000000 0.399916
1074.098000 0.399916
1104.098000 10.000000
-1 -1
16000.000000
0.000000 1543.210779
5.000000 1543.622376
10.000000 1543.820245
15.000000 1543.945816
20.000000 1544.112011
25.000000 1544.198999
30.000000 1544.283813
35.000000 1544.368832
40.000000 1544.451096
45.000000 1544.511526
50.000000 1544.532391
55.000000 1544.462302
60.000000 1544.300309
65.000000 1544.029992
70.000000 1543.683365
75.000000 1543.280821
80.000000 1542.845662
85.000000 1542.441001
90.000000 1542.087418
95.000000 1541.778571
100.000000 1541.449579
105.000000 1541.108062
110.000000 1540.661205
115.000000 1539.975255
120.000000 1539.054236
125.000000 1538.055166
130.000000 1537.088126
135.000000 1535.983298
140.000000 1534.836977
145.000000 1533.864350
150.000000 1533.068756
155.000000 1532.287972
160.000000 1531.254046
165.000000 1529.870516
170.000000 1528.463277
175.000000 1526.917059
180.000000 1525.309494
185.000000 1523.674148
190.000000 1521.954004
195.000000 1520.405154
200.000000 1518.776217
220.000000 1511.706739
240.000000 1506.104852
260.000000 1501.763116
280.000000 1498.664052
300.000000 1496.067180
320.000000 1494.091831
340.000000 1492.578345
360.000000 1491.841671
380.000000 1491.047128
400.000000 1490.153777
420.000000 1489.513621
440.000000 1488.680782
460.000000 1487.854726
480.000000 1487.136497
500.000000 1486.402796
550.000000 1485.740814
600.000000 1485.265343
650.000000 1485.127300
700.000000 1484.954772
750.000000 1484.730115
800.000000 1484.796224
850.000000 1484.930789
900.000000 1484.879726
950.000000 1484.691160
1000.000000 1484.520202
1050.000000 1484.542460
1100.000000 1484.700692
1150.000000 1484.900362
1200.000000 1484.635003
1250.000000 1484.737476
1300.000000 1485.102600
1350.000000 1485.298200
1400.000000 1485.692700
1450.000000 1486.136000
1500.000000 1486.524700
1550.000000 1486.944400
1600.000000 1487.552600
1650.000000 1488.022300
1700.000000 1488.490800
1750.000000 1488.973400
1800.000000 1489.484500
1850.000000 1489.967300
1900.000000 1490.368300
1950.000000 1491.072900
2000.000000 1491.671700
2050.000000 1492.158100
2100.000000 1492.745300
2150.000000 1493.480100
2200.000000 1494.120200
2250.000000 1494.826500
2300.000000 1495.507000
2350.000000 1496.177000
2400.000000 1496.959100
2450.000000 1497.672900
2500.000000 1498.397900
2550.000000 1499.119400
2600.000000 1499.872000
2650.000000 1500.608300
2700.000000 1501.433000
2750.000000 1502.271700
2800.000000 1503.060200
2850.000000 1503.881600
2900.000000 1504.706400
2950.000000 1505.487700
3000.000000 1506.303900
3050.000000 1507.120600
3100.000000 1507.921700
3150.000000 1508.768800
3200.000000 1509.596800
3250.000000 1510.451700
3300.000000 1511.326000
3350.000000 1512.158300
3400.000000 1513.012600
3450.000000 1513.846900
3500.000000 1514.700900
3550.000000 1515.556200
3600.000000 1516.406700
3650.000000 1517.255100
3700.000000 1518.137000
3750.000000 1519.006100
3800.000000 1519.878300
3850.000000 1520.746600
3900.000000 1521.632900
3950.000000 1522.488000
4000.000000 1523.337200
4050.000000 1524.228100
4100.000000 1525.115900
4150.000000 1526.008600
4200.000000 1526.898400
4250.000000 1527.792600
4300.000000 1528.699700
4350.000000 1529.601900
4400.000000 1530.516800
4450.000000 1531.427500
4500.000000 1532.342900
4550.000000 1533.259900
4600.000000 1534.151500
4650.000000 1535.116300
4700.000000 1536.037900
4750.000000 1536.959600
4800.000000 1537.881200
4850.000000 1538.802800
4900.000000 1539.724400
4950.000000 1540.646000
5000.000000 1541.567600
5050.000000 1542.489300
5100.000000 1543.410900
5150.000000 1544.332500
5200.000000 1545.254100
5250.000000 1546.175700
5300.000000 1547.097400
5350.000000 1548.019000
5400.000000 1548.940600
5450.000000 1549.862200
5500.000000 1550.783800
5550.000000 1551.705400
5600.000000 1552.627100
5650.000000 1553.548700
5700.000000 1554.470300
5750.000000 1555.391900
5800.000000 1556.313500
5850.000000 1557.235100
5900.000000 1558.156800
5950.000000 1559.078400
6000.000000 1560.000000
-1 -1
0.0000000 0.0000401
5.0000000 0.0000401
10.0000000 0.0000401
15.0000000 0.0000401
20.0000000 0.0000401
25.0000000 0.0000401
30.0000000 0.0000401
35.0000000 0.0000401
40.0000000 0.0000401
45.0000000 0.0000402
50.0000000 0.0000403
55.0000000 0.0000406
60.0000000 0.0000413
65.0000000 0.0000418
70.0000000 0.0000419
75.0000000 0.0000421
80.0000000 0.0000424
85.0000000 0.0000426
90.0000000 0.0000431
95.0000000 0.0000433
100.0000000 0.0000436
105.0000000 0.0000439
110.0000000 0.0000442
115.0000000 0.0000444
120.0000000 0.0000447
125.0000000 0.0000451
130.0000000 0.0000456
135.0000000 0.0000461
140.0000000 0.0000463
145.0000000 0.0000469
150.0000000 0.0000481
155.0000000 0.0000490
160.0000000 0.0000494
165.0000000 0.0000496
170.0000000 0.0000498
175.0000000 0.0000506
180.0000000 0.0000514
185.0000000 0.0000517
190.0000000 0.0000524
195.0000000 0.0000538
200.0000000 0.0000554
220.0000000 0.0000581
240.0000000 0.0000599
260.0000000 0.0000619
280.0000000 0.0000621
300.0000000 0.0000620
320.0000000 0.0000615
340.0000000 0.0000612
360.0000000 0.0000603
380.0000000 0.0000594
400.0000000 0.0000587
420.0000000 0.0000576
440.0000000 0.0000569
460.0000000 0.0000561
480.0000000 0.0000554
500.0000000 0.0000549
550.0000000 0.0000529
600.0000000 0.0000507
650.0000000 0.0000485
700.0000000 0.0000464
750.0000000 0.0000445
800.0000000 0.0000425
850.0000000 0.0000408
900.0000000 0.0000392
950.0000000 0.0000376
1000.0000000 0.0000360
1050.0000000 0.0000368
1100.0000000 0.0000377
1150.0000000 0.0000385
1200.0000000 0.0000394
1250.0000000 0.0000403
1300.0000000 0.0000411
1350.0000000 0.0000420
1400.0000000 0.0000429
1450.0000000 0.0000438
1500.0000000 0.0000447
1550.0000000 0.0000456
1600.0000000 0.0000465
1650.0000000 0.0000475
1700.0000000 0.0000485
1750.0000000 0.0000495
1800.0000000 0.0000505
1850.0000000 0.0000516
1900.0000000 0.0000527
1950.0000000 0.0000538
2000.0000000 0.0000549
2050.0000000 0.0000553
2100.0000000 0.0000556
2150.0000000 0.0000559
2200.0000000 0.0000562
2250.0000000 0.0000565
2300.0000000 0.0000568
2350.0000000 0.0000571
2400.0000000 0.0000574
2450.0000000 0.0000577
2500.0000000 0.0000581
2550.0000000 0.0000584
2600.0000000 0.0000587
2650.0000000 0.0000590
2700.0000000 0.0000593
2750.0000000 0.0000596
2800.0000000 0.0000599
2850.0000000 0.0000602
2900.0000000 0.0000605
2950.0000000 0.0000608
3000.0000000 0.0000611
3050.0000000 0.0000614
3100.0000000 0.0000618
3150.0000000 0.0000621
3200.0000000 0.0000624
3250.0000000 0.0000627
3300.0000000 0.0000630
3350.0000000 0.0000634
3400.0000000 0.0000637
3450.0000000 0.0000640
3500.0000000 0.0000643
3550.0000000 0.0000643
3600.0000000 0.0000643
3650.0000000 0.0000643
3700.0000000 0.0000642
3750.0000000 0.0000642
3800.0000000 0.0000642
3850.0000000 0.0000641
3900.0000000 0.0000641
3950.0000000 0.0000641
4000.0000000 0.0000641
4050.0000000 0.0000640
4100.0000000 0.0000640
4150.0000000 0.0000640
4200.0000000 0.0000639
4250.0000000 0.0000639
4300.0000000 0.0000639
4350.0000000 0.0000638
4400.0000000 0.0000638
4450.0000000 0.0000638
4500.0000000 0.0000637
4550.0000000 0.0000637
4600.0000000 0.0000637
4650.0000000 0.0000636
4700.0000000 0.0000636
4750.0000000 0.0000636
4800.0000000 0.0000635
4850.0000000 0.0000635
4900.0000000 0.0000635
4950.0000000 0.0000635
5000.0000000 0.0000634
5050.0000000 0.0000634
5100.0000000 0.0000634
5150.0000000 0.0000634
5200.0000000 0.0000633
5250.0000000 0.0000633
5300.0000000 0.0000633
5350.0000000 0.0000633
5400.0000000 0.0000632
5450.0000000 0.0000632
5500.0000000 0.0000632
5550.0000000 0.0000632
5600.0000000 0.0000632
5650.0000000 0.0000631
5700.0000000 0.0000631
5750.0000000 0.0000631
5800.0000000 0.0000631
5850.0000000 0.0000630
5900.0000000 0.0000630
5950.0000000 0.0000630
6000.0000000 0.0000630
-1 -1
0.000000 1706.074212
-1 -1
0.000000 1.871582
-1 -1
0.000000 0.401429
1074.098000 0.401429
1104.098000 10.000000
-1 -1
17000.000000
0.000000 1543.267411
5.000000 1543.645148
10.000000 1543.831581
15.000000 1543.953077
20.000000 1544.111252
25.000000 1544.197765
30.000000 1544.282611
35.000000 1544.367746
40.000000 1544.449821
45.000000 1544.508064
50.000000 1544.524771
55.000000 1544.445193
60.000000 1544.272744
65.000000 1543.995299
70.000000 1543.645697
75.000000 1543.242399
80.000000 1542.808262
85.000000 1542.409960
90.000000 1542.067781
95.000000 1541.771586
100.000000 1541.454183
105.000000 1541.122690
110.000000 1540.687435
115.000000 1539.996062
120.000000 1539.065448
125.000000 1538.051184
130.000000 1537.061869
135.000000 1535.944102
140.000000 1534.788011
145.000000 1533.820523
150.000000 1533.031581
155.000000 1532.257750
160.000000 1531.241528
165.000000 1529.873192
170.000000 1528.474893
175.000000 1526.939141
180.000000 1525.351034
185.000000 1523.736628
190.000000 1522.023974
195.000000 1520.486676
200.000000 1518.863195
220.000000 1511.789288
240.000000 1506.176102
260.000000 1501.818261
280.000000 1498.658495
300.000000 1496.079764
320.000000 1494.093479
340.000000 1492.566268
360.000000 1491.848310
380.000000 1491.051645
400.000000 1490.157280
420.000000 1489.513294
440.000000 1488.660031
460.000000 1487.831070
480.000000 1487.128343
500.000000 1486.414528
550.000000 1485.770387
600.000000 1485.285367
650.000000 1485.134487
700.000000 1484.981164
750.000000 1484.748532
800.000000 1484.801141
850.000000 1484.937368
900.000000 1484.888654
950.000000 1484.704379
1000.000000 1484.531400
1050.000000 1484.547257
1100.000000 1484.719703
1150.000000 1484.914990
1200.000000 1484.637029
1250.000000 1484.737144
1300.000000 1485.102600
1350.000000 1485.298200
1400.000000 1485.692700
1450.000000 1486.136000
1500.000000 1486.524700
1550.000000 1486.944400
1600.000000 1487.552600
1650.000000 1488.022300
1700.000000 1488.490800
1750.000000 1488.973400
1800.000000 1489.484500
1850.000000 1489.967300
1900.000000 1490.368300
1950.000000 1491.072900
2000.000000 1491.671700
2050.000000 1492.158100
2100.000000 1492.745300
2150.000000 1493.480100
2200.000000 1494.120200
2250.000000 1494.826500
2300.000000 1495.507000
2350.000000 1496.177000
2400.000000 1496.959100
2450.000000 1497.672900
2500.000000 1498.397900
2550.000000 1499.119400
2600.000000 1499.872000
2650.000000 1500.608300
2700.000000 1501.433000
2750.000000 1502.271700
2800.000000 1503.060200
2850.000000 1503.881600
2900.000000 1504.706400
2950.000000 1505.487700
3000.000000 1506.303900
3050.000000 1507.120600
3100.000000 1507.921700
3150.000000 1508.768800
3200.000000 1509.596800
3250.000000 1510.451700
3300.000000 1511.326000
3350.000000 1512.158300
3400.000000 1513.012600
3450.000000 1513.846900
3500.000000 1514.700900
3550.000000 1515.556200
3600.000000 1516.406700
3650.000000 1517.255100
3700.000000 1518.137000
3750.000000 1519.006100
3800.000000 1519.878300
3850.000000 1520.746600
3900.000000 1521.632900
3950.000000 1522.488000
4000.000000 1523.337200
4050.000000 1524.228100
4100.000000 1525.115900
4150.000000 1526.008600
4200.000000 1526.898400
4250.000000 1527.792600
4300.000000 1528.699700
4350.000000 1529.601900
4400.000000 1530.516800
4450.000000 1531.427500
4500.000000 1532.342900
4550.000000 1533.259900
4600.000000 1534.151500
4650.000000 1535.116300
4700.000000 1536.037900
4750.000000 1536.959600
4800.000000 1537.881200
4850.000000 1538.802800
4900.000000 1539.724400
4950.000000 1540.646000
5000.000000 1541.567600
5050.000000 1542.489300
5100.000000 1543.410900
5150.000000 1544.332500
5200.000000 1545.254100
5250.000000 1546.175700
5300.000000 1547.097400
5350.000000 1548.019000
5400.000000 1548.940600
5450.000000 1549.862200
5500.000000 1550.783800
5550.000000 1551.705400
5600.000000 1552.627100
5650.000000 1553.548700
5700.000000 1554.470300
5750.000000 1555.391900
5800.000000 1556.313500
5850.000000 1557.235100
5900.000000 1558.156800
5950.000000 1559.078400
6000.000000 1560.000000
-1 -1
0.0000000 0.0000401
5.0000000 0.0000401
10.0000000 0.0000401
15.0000000 0.0000401
20.0000000 0.0000401
25.0000000 0.0000401
30.0000000 0.0000401
35.0000000 0.0000401
40.0000000 0.0000401
45.0000000 0.0000402
50.0000000 0.0000403
55.0000000 0.0000406
60.0000000 0.0000413
65.0000000 0.0000418
70.0000000 0.0000419
75.0000000 0.0000421
80.0000000 0.0000424
85.0000000 0.0000426
90.0000000 0.0000431
95.0000000 0.0000433
100.0000000 0.0000436
105.0000000 0.0000439
110.0000000 0.0000442
115.0000000 0.0000444
120.0000000 0.0000447
125.0000000 0.0000451
130.0000000 0.0000456
135.0000000 0.0000461
140.0000000 0.0000463
145.0000000 0.0000469
150.0000000 0.0000481
155.0000000 0.0000490
160.0000000 0.0000494
165.0000000 0.0000496
170.0000000 0.0000498
175.0000000 0.0000506
180.0000000 0.0000514
185.0000000 0.0000517
190.0000000 0.0000524
195.0000000 0.0000538
200.0000000 0.0000554
220.0000000 0.0000581
240.0000000 0.0000599
260.0000000 0.0000619
280.0000000 0.0000621
300.0000000 0.0000620
320.0000000 0.0000615
340.0000000 0.0000612
360.0000000 0.0000603
380.0000000 0.0000594
400.0000000 0.0000587
420.0000000 0.0000576
440.0000000 0.0000569
460.0000000 0.0000561
480.0000000 0.0000554
500.0000000 0.0000549
550.0000000 0.0000529
600.0000000 0.0000507
650.0000000 0.0000485
700.0000000 0.0000464
750.0000000 0.0000445
800.0000000 0.0000425
850.0000000 0.0000408
900.0000000 0.0000392
950.0000000 0.0000376
1000.0000000 0.0000360
1050.0000000 0.0000368
1100.0000000 0.0000377
1150.0000000 0.0000385
1200.0000000 0.0000394
1250.0000000 0.0000403
1300.0000000 0.0000411
1350.0000000 0.0000420
1400.0000000 0.0000429
1450.0000000 0.0000438
1500.0000000 0.0000447
1550.0000000 0.0000456
1600.0000000 0.0000465
1650.0000000 0.0000475
1700.0000000 0.0000485
1750.0000000 0.0000495
1800.0000000 0.0000505
1850.0000000 0.0000516
1900.0000000 0.0000527
1950.0000000 0.0000538
2000.0000000 0.0000549
2050.0000000 0.0000553
2100.0000000 0.0000556
2150.0000000 0.0000559
2200.0000000 0.0000562
2250.0000000 0.0000565
2300.0000000 0.0000568
2350.0000000 0.0000571
2400.0000000 0.0000574
2450.0000000 0.0000577
2500.0000000 0.0000581
2550.0000000 0.0000584
2600.0000000 0.0000587
2650.0000000 0.0000590
2700.0000000 0.0000593
2750.0000000 0.0000596
2800.0000000 0.0000599
2850.0000000 0.0000602
2900.0000000 0.0000605
2950.0000000 0.0000608
3000.0000000 0.0000611
3050.0000000 0.0000614
3100.0000000 0.0000618
3150.0000000 0.0000621
3200.0000000 0.0000624
3250.0000000 0.0000627
3300.0000000 0.0000630
3350.0000000 0.0000634
3400.0000000 0.0000637
3450.0000000 0.0000640
3500.0000000 0.0000643
3550.0000000 0.0000643
3600.0000000 0.0000643
3650.0000000 0.0000643
3700.0000000 0.0000642
3750.0000000 0.0000642
3800.0000000 0.0000642
3850.0000000 0.0000641
3900.0000000 0.0000641
3950.0000000 0.0000641
4000.0000000 0.0000641
4050.0000000 0.0000640
4100.0000000 0.0000640
4150.0000000 0.0000640
4200.0000000 0.0000639
4250.0000000 0.0000639
4300.0000000 0.0000639
4350.0000000 0.0000638
4400.0000000 0.0000638
4450.0000000 0.0000638
4500.0000000 0.0000637
4550.0000000 0.0000637
4600.0000000 0.0000637
4650.0000000 0.0000636
4700.0000000 0.0000636
4750.0000000 0.0000636
4800.0000000 0.0000635
4850.0000000 0.0000635
4900.0000000 0.0000635
4950.0000000 0.0000635
5000.0000000 0.0000634
5050.0000000 0.0000634
5100.0000000 0.0000634
5150.0000000 0.0000634
5200.0000000 0.0000633
5250.0000000 0.0000633
5300.0000000 0.0000633
5350.0000000 0.0000633
5400.0000000 0.0000632
5450.0000000 0.0000632
5500.0000000 0.0000632
5550.0000000 0.0000632
5600.0000000 0.0000632
5650.0000000 0.0000631
5700.0000000 0.0000631
5750.0000000 0.0000631
5800.0000000 0.0000631
5850.0000000 0.0000630
5900.0000000 0.0000630
5950.0000000 0.0000630
6000.0000000 0.0000630
-1 -1
0.000000 1705.661139
-1 -1
0.000000 1.871582
-1 -1
0.000000 0.401332
1074.098000 0.401332
1104.098000 10.000000
-1 -1
18000.000000
0.000000 1543.324043
5.000000 1543.667921
10.000000 1543.842917
15.000000 1543.960338
20.000000 1544.110492
25.000000 1544.196531
30.000000 1544.281409
35.000000 1544.366659
40.000000 1544.448546
45.000000 1544.504602
50.000000 1544.517151
55.000000 1544.428083
60.000000 1544.245178
65.000000 1543.960606
70.000000 1543.608030
75.000000 1543.203976
80.000000 1542.770862
85.000000 1542.378918
90.000000 1542.048144
95.000000 1541.764601
100.000000 1541.458787
105.000000 1541.137318
110.000000 1540.713665
115.000000 1540.016868
120.000000 1539.076659
125.000000 1538.047201
130.000000 1537.035611
135.000000 1535.904906
140.000000 1534.739046
145.000000 1533.776695
150.000000 1532.994407
155.000000 1532.227528
160.000000 1531.229009
165.000000 1529.875867
170.000000 1528.486510
175.000000 1526.961223
180.000000 1525.392573
185.000000 1523.799107
190.000000 1522.093944
195.000000 1520.568198
200.000000 1518.950173
220.000000 1511.871838
240.000000 1506.247353
260.000000 1501.873405
280.000000 1498.652937
300.000000 1496.092347
320.000000 1494.095127
340.000000 1492.554191
360.000000 1491.854950
380.000000 1491.056161
400.000000 1490.160784
420.000000 1489.512967
440.000000 1488.639279
460.000000 1487.807413
480.000000 1487.120189
500.000000 1486.426260
550.000000 1485.799960
600.000000 1485.305391
650.000000 1485.141674
700.000000 1485.007555
750.000000 1484.766949
800.000000 1484.806058
850.000000 1484.943948
900.000000 1484.897581
950.000000 1484.717597
1000.000000 1484.542597
1050.000000 1484.552055
1100.000000 1484.738713
1150.000000 1484.929618
1200.000000 1484.639054
1250.000000 1484.736813
1300.000000 1485.102600
1350.000000 1485.298200
1400.000000 1485.692700
1450.000000 1486.136000
1500.000000 1486.524700
1550.000000 1486.944400
1600.000000 1487.552600
1650.000000 1488.022300
1700.000000 1488.490800
1750.000000 1488.973400
1800.000000 1489.484500
1850.000000 1489.967300
1900.000000 1490.368300
1950.000000 1491.072900
2000.000000 1491.671700
2050.000000 1492.158100
2100.000000 1492.745300
2150.000000 1493.480100
2200.000000 1494.120200
2250.000000 1494.826500
2300.000000 1495.507000
2350.000000 1496.177000
2400.000000 1496.959100
2450.000000 1497.672900
2500.000000 1498.397900
2550.000000 1499.119400
2600.000000 1499.872000
2650.000000 1500.608300
2700.000000 1501.433000
2750.000000 1502.271700
2800.000000 1503.060200
2850.000000 1503.881600
2900.000000 1504.706400
2950.000000 1505.487700
3000.000000 1506.303900
3050.000000 1507.120600
3100.000000 1507.921700
3150.000000 1508.768800
3200.000000 1509.596800
3250.000000 1510.451700
3300.000000 1511.326000
3350.000000 1512.158300
3400.000000 1513.012600
3450.000000 1513.846900
3500.000000 1514.700900
3550.000000 1515.556200
3600.000000 1516.406700
3650.000000 1517.255100
3700.000000 1518.137000
3750.000000 1519.006100
3800.000000 1519.878300
3850.000000 1520.746600
3900.000000 1521.632900
3950.000000 1522.488000
4000.000000 1523.337200
4050.000000 1524.228100
4100.000000 1525.115900
4150.000000 1526.008600
4200.000000 1526.898400
4250.000000 1527.792600
4300.000000 1528.699700
4350.000000 1529.601900
4400.000000 1530.516800
4450.000000 1531.427500
4500.000000 1532.342900
4550.000000 1533.259900
4600.000000 1534.151500
4650.000000 1535.116300
4700.000000 1536.037900
4750.000000 1536.959600
4800.000000 1537.881200
4850.000000 1538.802800
4900.000000 1539.724400
4950.000000 1540.646000
5000.000000 1541.567600
5050.000000 1542.489300
5100.000000 1543.410900
5150.000000 1544.332500
5200.000000 1545.254100
5250.000000 1546.175700
5300.000000 1547.097400
5350.000000 1548.019000
5400.000000 1548.940600
5450.000000 1549.862200
5500.000000 1550.783800
5550.000000 1551.705400
5600.000000 1552.627100
5650.000000 1553.548700
5700.000000 1554.470300
5750.000000 1555.391900
5800.000000 1556.313500
5850.000000 1557.235100
5900.000000 1558.156800
5950.000000 1559.078400
6000.000000 1560.000000
-1 -1
0.0000000 0.0000401
5.0000000 0.0000401
10.0000000 0.0000401
15.0000000 0.0000401
20.0000000 0.0000401
25.0000000 0.0000401
30.0000000 0.0000401
35.0000000 0.0000401
40.0000000 0.0000401
45.0000000 0.0000402
50.0000000 0.0000403
55.0000000 0.0000406
60.0000000 0.0000413
65.0000000 0.0000418
70.0000000 0.0000419
75.0000000 0.0000421
80.0000000 0.0000424
85.0000000 0.0000426
90.0000000 0.0000431
95.0000000 0.0000433
100.0000000 0.0000436
105.0000000 0.0000439
110.0000000 0.0000442
115.0000000 0.0000444
120.0000000 0.0000447
125.0000000 0.0000451
130.0000000 0.0000456
135.0000000 0.0000461
140.0000000 0.0000463
145.0000000 0.0000469
150.0000000 0.0000481
155.0000000 0.0000490
160.0000000 0.0000494
165.0000000 0.0000496
170.0000000 0.0000498
175.0000000 0.0000506
180.0000000 0.0000514
185.0000000 0.0000517
190.0000000 0.0000524
195.0000000 0.0000538
200.0000000 0.0000554
220.0000000 0.0000581
240.0000000 0.0000599
260.0000000 0.0000619
280.0000000 0.0000621
300.0000000 0.0000620
320.0000000 0.0000615
340.0000000 0.0000612
360.0000000 0.0000603
380.0000000 0.0000594
400.0000000 0.0000587
420.0000000 0.0000576
440.0000000 0.0000569
460.0000000 0.0000561
480.0000000 0.0000554
500.0000000 0.0000549
550.0000000 0.0000529
600.0000000 0.0000507
650.0000000 0.0000485
700.0000000 0.0000464
750.0000000 0.0000445
800.0000000 0.0000425
850.0000000 0.0000408
900.0000000 0.0000392
950.0000000 0.0000376
1000.0000000 0.0000360
1050.0000000 0.0000368
1100.0000000 0.0000377
1150.0000000 0.0000385
1200.0000000 0.0000394
1250.0000000 0.0000403
1300.0000000 0.0000411
1350.0000000 0.0000420
1400.0000000 0.0000429
1450.0000000 0.0000438
1500.0000000 0.0000447
1550.0000000 0.0000456
1600.0000000 0.0000465
1650.0000000 0.0000475
1700.0000000 0.0000485
1750.0000000 0.0000495
1800.0000000 0.0000505
1850.0000000 0.0000516
1900.0000000 0.0000527
1950.0000000 0.0000538
2000.0000000 0.0000549
2050.0000000 0.0000553
2100.0000000 0.0000556
2150.0000000 0.0000559
2200.0000000 0.0000562
2250.0000000 0.0000565
2300.0000000 0.0000568
2350.0000000 0.0000571
2400.0000000 0.0000574
2450.0000000 0.0000577
2500.0000000 0.0000581
2550.0000000 0.0000584
2600.0000000 0.0000587
2650.0000000 0.0000590
2700.0000000 0.0000593
2750.0000000 0.0000596
2800.0000000 0.0000599
2850.0000000 0.0000602
2900.0000000 0.0000605
2950.0000000 0.0000608
3000.0000000 0.0000611
3050.0000000 0.0000614
3100.0000000 0.0000618
3150.0000000 0.0000621
3200.0000000 0.0000624
3250.0000000 0.0000627
3300.0000000 0.0000630
3350.0000000 0.0000634
3400.0000000 0.0000637
3450.0000000 0.0000640
3500.0000000 0.0000643
3550.0000000 0.0000643
3600.0000000 0.0000643
3650.0000000 0.0000643
3700.0000000 0.0000642
3750.0000000 0.0000642
3800.0000000 0.0000642
3850.0000000 0.0000641
3900.0000000 0.0000641
3950.0000000 0.0000641
4000.0000000 0.0000641
4050.0000000 0.0000640
4100.0000000 0.0000640
4150.0000000 0.0000640
4200.0000000 0.0000639
4250.0000000 0.0000639
4300.0000000 0.0000639
4350.0000000 0.0000638
4400.0000000 0.0000638
4450.0000000 0.0000638
4500.0000000 0.0000637
4550.0000000 0.0000637
4600.0000000 0.0000637
4650.0000000 0.0000636
4700.0000000 0.0000636
4750.0000000 0.0000636
4800.0000000 0.0000635
4850.0000000 0.0000635
4900.0000000 0.0000635
4950.0000000 0.0000635
5000.0000000 0.0000634
5050.0000000 0.0000634
5100.0000000 0.0000634
5150.0000000 0.0000634
5200.0000000 0.0000633
5250.0000000 0.0000633
5300.0000000 0.0000633
5350.0000000 0.0000633
5400.0000000 0.0000632
5450.0000000 0.0000632
5500.0000000 0.0000632
5550.0000000 0.0000632
5600.0000000 0.0000632
5650.0000000 0.0000631
5700.0000000 0.0000631
5750.0000000 0.0000631
5800.0000000 0.0000631
5850.0000000 0.0000630
5900.0000000 0.0000630
5950.0000000 0.0000630
6000.0000000 0.0000630
-1 -1
0.000000 1705.035516
-1 -1
0.000000 1.871582
-1 -1
0.000000 0.401185
1074.098000 0.401185
1104.098000 10.000000
-1 -1
19000.000000
0.000000 1543.380675
5.000000 1543.690693
10.000000 1543.854252
15.000000 1543.967599
20.000000 1544.109732
25.000000 1544.195297
30.000000 1544.280208
35.000000 1544.365572
40.000000 1544.447270
45.000000 1544.501139
50.000000 1544.509531
55.000000 1544.410974
60.000000 1544.217613
65.000000 1543.925913
70.000000 1543.570363
75.000000 1543.165554
80.000000 1542.733461
85.000000 1542.347876
90.000000 1542.028507
95.000000 1541.757617
100.000000 1541.463391
105.000000 1541.151945
110.000000 1540.739896
115.000000 1540.037675
120.000000 1539.087870
125.000000 1538.043218
130.000000 1537.009353
135.000000 1535.865711
140.000000 1534.690080
145.000000 1533.732868
150.000000 1532.957232
155.000000 1532.197306
160.000000 1531.216490
165.000000 1529.878542
170.000000 1528.498126
175.000000 1526.983305
180.000000 1525.434112
185.000000 1523.861586
190.000000 1522.163915
195.000000 1520.649721
200.000000 1519.037152
220.000000 1511.954387
240.000000 1506.318603
260.000000 1501.928550
280.000000 1498.647380
300.000000 1496.104931
320.000000 1494.096776
340.000000 1492.542115
360.000000 1491.861589
380.000000 1491.060678
400.000000 1490.164288
420.000000 1489.512640
440.000000 1488.618528
460.000000 1487.783757
480.000000 1487.112034
500.000000 1486.437991
550.000000 1485.829533
600.000000 1485.325414
650.000000 1485.148861
700.000000 1485.033946
750.000000 1484.785366
800.000000 1484.810976
850.000000 1484.950527
900.000000 1484.906509
950.000000 1484.730816
1000.000000 1484.553794
1050.000000 1484.556852
1100.000000 1484.757724
1150.000000 1484.944245
1200.000000 1484.641080
1250.000000 1484.736481
1300.000000 1485.102600
1350.000000 1485.298200
1400.000000 1485.692700
1450.000000 1486.136000
1500.000000 1486.524700
1550.000000 1486.944400
1600.000000 1487.552600
1650.000000 1488.022300
1700.000000 1488.490800
1750.000000 1488.973400
1800.000000 1489.484500
1850.000000 1489.967300
1900.000000 1490.368300
1950.000000 1491.072900
2000.000000 1491.671700
2050.000000 1492.158100
2100.000000 1492.745300
2150.000000 1493.480100
2200.000000 1494.120200
2250.000000 1494.826500
2300.000000 1495.507000
2350.000000 1496.177000
2400.000000 1496.959100
2450.000000 1497.672900
2500.000000 1498.397900
2550.000000 1499.119400
2600.000000 1499.872000
2650.000000 1500.608300
2700.000000 1501.433000
2750.000000 1502.271700
2800.000000 1503.060200
2850.000000 1503.881600
2900.000000 1504.706400
2950.000000 1505.487700
3000.000000 1506.303900
3050.000000 1507.120600
3100.000000 1507.921700
3150.000000 1508.768800
3200.000000 1509.596800
3250.000000 1510.451700
3300.000000 1511.326000
3350.000000 1512.158300
3400.000000 1513.012600
3450.000000 1513.846900
3500.000000 1514.700900
3550.000000 1515.556200
3600.000000 1516.406700
3650.000000 1517.255100
3700.000000 1518.137000
3750.000000 1519.006100
3800.000000 1519.878300
3850.000000 1520.746600
3900.000000 1521.632900
3950.000000 1522.488000
4000.000000 1523.337200
4050.000000 1524.228100
4100.000000 1525.115900
4150.000000 1526.008600
4200.000000 1526.898400
4250.000000 1527.792600
4300.000000 1528.699700
4350.000000 1529.601900
4400.000000 1530.516800
4450.000000 1531.427500
4500.000000 1532.342900
4550.000000 1533.259900
4600.000000 1534.151500
4650.000000 1535.116300
4700.000000 1536.037900
4750.000000 1536.959600
4800.000000 1537.881200
4850.000000 1538.802800
4900.000000 1539.724400
4950.000000 1540.646000
5000.000000 1541.567600
5050.000000 1542.489300
5100.000000 1543.410900
5150.000000 1544.332500
5200.000000 1545.254100
5250.000000 1546.175700
5300.000000 1547.097400
5350.000000 1548.019000
5400.000000 1548.940600
5450.000000 1549.862200
5500.000000 1550.783800
5550.000000 1551.705400
5600.000000 1552.627100
5650.000000 1553.548700
5700.000000 1554.470300
5750.000000 1555.391900
5800.000000 1556.313500
5850.000000 1557.235100
5900.000000 1558.156800
5950.000000 1559.078400
6000.000000 1560.000000
-1 -1
0.0000000 0.0000401
5.0000000 0.0000401
10.0000000 0.0000401
15.0000000 0.0000401
20.0000000 0.0000401
25.0000000 0.0000401
30.0000000 0.0000401
35.0000000 0.0000401
40.0000000 0.0000401
45.0000000 0.0000402
50.0000000 0.0000403
55.0000000 0.0000406
60.0000000 0.0000413
65.0000000 0.0000418
70.0000000 0.0000419
75.0000000 0.0000421
80.0000000 0.0000424
85.0000000 0.0000426
90.0000000 0.0000431
95.0000000 0.0000433
100.0000000 0.0000436
105.0000000 0.0000439
110.0000000 0.0000442
115.0000000 0.0000444
120.0000000 0.0000447
125.0000000 0.0000451
130.0000000 0.0000456
135.0000000 0.0000461
140.0000000 0.0000463
145.0000000 0.0000469
150.0000000 0.0000481
155.0000000 0.0000490
160.0000000 0.0000494
165.0000000 0.0000496
170.0000000 0.0000498
175.0000000 0.0000506
180.0000000 0.0000514
185.0000000 0.0000517
190.0000000 0.0000524
195.0000000 0.0000538
200.0000000 0.0000554
220.0000000 0.0000581
240.0000000 0.0000599
260.0000000 0.0000619
280.0000000 0.0000621
300.0000000 0.0000620
320.0000000 0.0000615
340.0000000 0.0000612
360.0000000 0.0000603
380.0000000 0.0000594
400.0000000 0.0000587
420.0000000 0.0000576
440.0000000 0.0000569
460.0000000 0.0000561
480.0000000 0.0000554
500.0000000 0.0000549
550.0000000 0.0000529
600.0000000 0.0000507
650.0000000 0.0000485
700.0000000 0.0000464
750.0000000 0.0000445
800.0000000 0.0000425
850.0000000 0.0000408
900.0000000 0.0000392
950.0000000 0.0000376
1000.0000000 0.0000360
1050.0000000 0.0000368
1100.0000000 0.0000377
1150.0000000 0.0000385
1200.0000000 0.0000394
1250.0000000 0.0000403
1300.0000000 0.0000411
1350.0000000 0.0000420
1400.0000000 0.0000429
1450.0000000 0.0000438
1500.0000000 0.0000447
1550.0000000 0.0000456
1600.0000000 0.0000465
1650.0000000 0.0000475
1700.0000000 0.0000485
1750.0000000 0.0000495
1800.0000000 0.0000505
1850.0000000 0.0000516
1900.0000000 0.0000527
1950.0000000 0.0000538
2000.0000000 0.0000549
2050.0000000 0.0000553
2100.0000000 0.0000556
2150.0000000 0.0000559
2200.0000000 0.0000562
2250.0000000 0.0000565
2300.0000000 0.0000568
2350.0000000 0.0000571
2400.0000000 0.0000574
2450.0000000 0.0000577
2500.0000000 0.0000581
2550.0000000 0.0000584
2600.0000000 0.0000587
2650.0000000 0.0000590
2700.0000000 0.0000593
2750.0000000 0.0000596
2800.0000000 0.0000599
2850.0000000 0.0000602
2900.0000000 0.0000605
2950.0000000 0.0000608
3000.0000000 0.0000611
3050.0000000 0.0000614
3100.0000000 0.0000618
3150.0000000 0.0000621
3200.0000000 0.0000624
3250.0000000 0.0000627
3300.0000000 0.0000630
3350.0000000 0.0000634
3400.0000000 0.0000637
3450.0000000 0.0000640
3500.0000000 0.0000643
3550.0000000 0.0000643
3600.0000000 0.0000643
3650.0000000 0.0000643
3700.0000000 0.0000642
3750.0000000 0.0000642
3800.0000000 0.0000642
3850.0000000 0.0000641
3900.0000000 0.0000641
3950.0000000 0.0000641
4000.0000000 0.0000641
4050.0000000 0.0000640
4100.0000000 0.0000640
4150.0000000 0.0000640
4200.0000000 0.0000639
4250.0000000 0.0000639
4300.0000000 0.0000639
4350.0000000 0.0000638
4400.0000000 0.0000638
4450.0000000 0.0000638
4500.0000000 0.0000637
4550.0000000 0.0000637
4600.0000000 0.0000637
4650.0000000 0.0000636
4700.0000000 0.0000636
4750.0000000 0.0000636
4800.0000000 0.0000635
4850.0000000 0.0000635
4900.0000000 0.0000635
4950.0000000 0.0000635
5000.0000000 0.0000634
5050.0000000 0.0000634
5100.0000000 0.0000634
5150.0000000 0.0000634
5200.0000000 0.0000633
5250.0000000 0.0000633
5300.0000000 0.0000633
5350.0000000 0.0000633
5400.0000000 0.0000632
5450.0000000 0.0000632
5500.0000000 0.0000632
5550.0000000 0.0000632
5600.0000000 0.0000632
5650.0000000 0.0000631
5700.0000000 0.0000631
5750.0000000 0.0000631
5800.0000000 0.0000631
5850.0000000 0.0000630
5900.0000000 0.0000630
5950.0000000 0.0000630
6000.0000000 0.0000630
-1 -1
0.000000 1704.186263
-1 -1
0.000000 1.871582
-1 -1
0.000000 0.400985
1074.098000 0.400985
1104.098000 10.000000
-1 -1
20000.000000
0.000000 1543.437307
5.000000 1543.713466
10.000000 1543.865588
15.000000 1543.974860
20.000000 1544.108973
25.000000 1544.194064
30.000000 1544.279006
35.000000 1544.364486
40.000000 1544.445995
45.000000 1544.497677
50.000000 1544.501911
55.000000 1544.393865
60.000000 1544.190047
65.000000 1543.891220
70.000000 1543.532696
75.000000 1543.127132
80.000000 1542.696061
85.000000 1542.316835
90.000000 1542.008870
95.000000 1541.750632
100.000000 1541.467996
105.000000 1541.166573
110.000000 1540.766126
115.000000 1540.058481
120.000000 1539.099082
125.000000 1538.039236
130.000000 1536.983095
135.000000 1535.826515
140.000000 1534.641114
145.000000 1533.689040
150.000000 1532.920058
155.000000 1532.167083
160.000000 1531.203971
165.000000 1529.881217
170.000000 1528.509743
175.000000 1527.005387
180.000000 1525.475652
185.000000 1523.924066
190.000000 1522.233885
195.000000 1520.731243
200.000000 1519.124130
220.000000 1512.036936
240.000000 1506.389853
260.000000 1501.983695
280.000000 1498.641823
300.000000 1496.117514
320.000000 1494.098424
340.000000 1492.530038
360.000000 1491.868228
380.000000 1491.065195
400.000000 1490.167792
420.000000 1489.512313
440.000000 1488.597777
460.000000 1487.760101
480.000000 1487.103880
500.000000 1486.449723
550.000000 1485.859106
600.000000 1485.345438
650.000000 1485.156048
700.000000 1485.060338
750.000000 1484.803783
800.000000 1484.815893
850.000000 1484.957107
900.000000 1484.915436
950.000000 1484.744035
1000.000000 1484.564992
1050.000000 1484.561650
1100.000000 1484.776735
1150.000000 1484.958873
1200.000000 1484.643106
1250.000000 1484.736150
1300.000000 1485.102600
1350.000000 1485.298200
1400.000000 1485.692700
1450.000000 1486.136000
1500.000000 1486.524700
1550.000000 1486.944400
1600.000000 1487.552600
1650.000000 1488.022300
1700.000000 1488.490800
1750.000000 1488.973400
1800.000000 1489.484500
1850.000000 1489.967300
1900.000000 1490.368300
1950.000000 1491.072900
2000.000000 1491.671700
2050.000000 1492.158100
2100.000000 1492.745300
2150.000000 1493.480100
2200.000000 1494.120200
2250.000000 1494.826500
2300.000000 1495.507000
2350.000000 1496.177000
2400.000000 1496.959100
2450.000000 1497.672900
2500.000000 1498.397900
2550.000000 1499.119400
2600.000000 1499.872000
2650.000000 1500.608300
2700.000000 1501.433000
2750.000000 1502.271700
2800.000000 1503.060200
2850.000000 1503.881600
2900.000000 1504.706400
2950.000000 1505.487700
3000.000000 1506.303900
3050.000000 1507.120600
3100.000000 1507.921700
3150.000000 1508.768800
3200.000000 1509.596800
3250.000000 1510.451700
3300.000000 1511.326000
3350.000000 1512.158300
3400.000000 1513.012600
3450.000000 1513.846900
3500.000000 1514.700900
3550.000000 1515.556200
3600.000000 1516.406700
3650.000000 1517.255100
3700.000000 1518.137000
3750.000000 1519.006100
3800.000000 1519.878300
3850.000000 1520.746600
3900.000000 1521.632900
3950.000000 1522.488000
4000.000000 1523.337200
4050.000000 1524.228100
4100.000000 1525.115900
4150.000000 1526.008600
4200.000000 1526.898400
4250.000000 1527.792600
4300.000000 1528.699700
4350.000000 1529.601900
4400.000000 1530.516800
4450.000000 1531.427500
4500.000000 1532.342900
4550.000000 1533.259900
4600.000000 1534.151500
4650.000000 1535.116300
4700.000000 1536.037900
4750.000000 1536.959600
4800.000000 1537.881200
4850.000000 1538.802800
4900.000000 1539.724400
4950.000000 1540.646000
5000.000000 1541.567600
5050.000000 1542.489300
5100.000000 1543.410900
5150.000000 1544.332500
5200.000000 1545.254100
5250.000000 1546.175700
5300.000000 1547.097400
5350.000000 1548.019000
5400.000000 1548.940600
5450.000000 1549.862200
5500.000000 1550.783800
5550.000000 1551.705400
5600.000000 1552.627100
5650.000000 1553.548700
5700.000000 1554.470300
5750.000000 1555.391900
5800.000000 1556.313500
5850.000000 1557.235100
5900.000000 1558.156800
5950.000000 1559.078400
6000.000000 1560.000000
-1 -1
0.0000000 0.0000401
5.0000000 0.0000401
10.0000000 0.0000401
15.0000000 0.0000401
20.0000000 0.0000401
25.0000000 0.0000401
30.0000000 0.0000401
35.0000000 0.0000401
40.0000000 0.0000401
45.0000000 0.0000402
50.0000000 0.0000403
55.0000000 0.0000406
60.0000000 0.0000413
65.0000000 0.0000418
70.0000000 0.0000419
75.0000000 0.0000421
80.0000000 0.0000424
85.0000000 0.0000426
90.0000000 0.0000431
95.0000000 0.0000433
100.0000000 0.0000436
105.0000000 0.0000439
110.0000000 0.0000442
115.0000000 0.0000444
120.0000000 0.0000447
125.0000000 0.0000451
130.0000000 0.0000456
135.0000000 0.0000461
140.0000000 0.0000463
145.0000000 0.0000469
150.0000000 0.0000481
155.0000000 0.0000490
160.0000000 0.0000494
165.0000000 0.0000496
170.0000000 0.0000498
175.0000000 0.0000506
180.0000000 0.0000514
185.0000000 0.0000517
190.0000000 0.0000524
195.0000000 0.0000538
200.0000000 0.0000554
220.0000000 0.0000581
240.0000000 0.0000599
260.0000000 0.0000619
280.0000000 0.0000621
300.0000000 0.0000620
320.0000000 0.0000615
340.0000000 0.0000612
360.0000000 0.0000603
380.0000000 0.0000594
400.0000000 0.0000587
420.0000000 0.0000576
440.0000000 0.0000569
460.0000000 0.0000561
480.0000000 0.0000554
500.0000000 0.0000549
550.0000000 0.0000529
600.0000000 0.0000507
650.0000000 0.0000485
700.0000000 0.0000464
750.0000000 0.0000445
800.0000000 0.0000425
850.0000000 0.0000408
900.0000000 0.0000392
950.0000000 0.0000376
1000.0000000 0.0000360
1050.0000000 0.0000368
1100.0000000 0.0000377
1150.0000000 0.0000385
1200.0000000 0.0000394
1250.0000000 0.0000403
1300.0000000 0.0000411
1350.0000000 0.0000420
1400.0000000 0.0000429
1450.0000000 0.0000438
1500.0000000 0.0000447
1550.0000000 0.0000456
1600.0000000 0.0000465
1650.0000000 0.0000475
1700.0000000 0.0000485
1750.0000000 0.0000495
1800.0000000 0.0000505
1850.0000000 0.0000516
1900.0000000 0.0000527
1950.0000000 0.0000538
2000.0000000 0.0000549
2050.0000000 0.0000553
2100.0000000 0.0000556
2150.0000000 0.0000559
2200.0000000 0.0000562
2250.0000000 0.0000565
2300.0000000 0.0000568
2350.0000000 0.0000571
2400.0000000 0.0000574
2450.0000000 0.0000577
2500.0000000 0.0000581
2550.0000000 0.0000584
2600.0000000 0.0000587
2650.0000000 0.0000590
2700.0000000 0.0000593
2750.0000000 0.0000596
2800.0000000 0.0000599
2850.0000000 0.0000602
2900.0000000 0.0000605
2950.0000000 0.0000608
3000.0000000 0.0000611
3050.0000000 0.0000614
3100.0000000 0.0000618
3150.0000000 0.0000621
3200.0000000 0.0000624
3250.0000000 0.0000627
3300.0000000 0.0000630
3350.0000000 0.0000634
3400.0000000 0.0000637
3450.0000000 0.0000640
3500.0000000 0.0000643
3550.0000000 0.0000643
3600.0000000 0.0000643
3650.0000000 0.0000643
3700.0000000 0.0000642
3750.0000000 0.0000642
3800.0000000 0.0000642
3850.0000000 0.0000641
3900.0000000 0.0000641
3950.0000000 0.0000641
4000.0000000 0.0000641
4050.0000000 0.0000640
4100.0000000 0.0000640
4150.0000000 0.0000640
4200.0000000 0.0000639
4250.0000000 0.0000639
4300.0000000 0.0000639
4350.0000000 0.0000638
4400.0000000 0.0000638
4450.0000000 0.0000638
4500.0000000 0.0000637
4550.0000000 0.0000637
4600.0000000 0.0000637
4650.0000000 0.0000636
4700.0000000 0.0000636
4750.0000000 0.0000636
4800.0000000 0.0000635
4850.0000000 0.0000635
4900.0000000 0.0000635
4950.0000000 0.0000635
5000.0000000 0.0000634
5050.0000000 0.0000634
5100.0000000 0.0000634
5150.0000000 0.0000634
5200.0000000 0.0000633
5250.0000000 0.0000633
5300.0000000 0.0000633
5350.0000000 0.0000633
5400.0000000 0.0000632
5450.0000000 0.0000632
5500.0000000 0.0000632
5550.0000000 0.0000632
5600.0000000 0.0000632
5650.0000000 0.0000631
5700.0000000 0.0000631
5750.0000000 0.0000631
5800.0000000 0.0000631
5850.0000000 0.0000630
5900.0000000 0.0000630
5950.0000000 0.0000630
6000.0000000 0.0000630
-1 -1
0.000000 1706.276620
-1 -1
0.000000 1.871582
-1 -1
0.000000 0.401477
1074.098000 0.401477
1104.098000 10.000000
-1 -1
21000.000000
0.000000 1543.493939
5.000000 1543.736238
10.000000 1543.876923
15.000000 1543.982120
20.000000 1544.108213
25.000000 1544.192830
30.000000 1544.277804
35.000000 1544.363399
40.000000 1544.444719
45.000000 1544.494214
50.000000 1544.494291
55.000000 1544.376756
60.000000 1544.162482
65.000000 1543.856528
70.000000 1543.495029
75.000000 1543.088710
80.000000 1542.658661
85.000000 1542.285793
90.000000 1541.989233
95.000000 1541.743648
100.000000 1541.472600
105.000000 1541.181200
110.000000 1540.792356
115.000000 1540.079288
120.000000 1539.110293
125.000000 1538.035253
130.000000 1536.956837
135.000000 1535.787319
140.000000 1534.592148
145.000000 1533.645213
150.000000 1532.882883
155.000000 1532.136861
160.000000 1531.191452
165.000000 1529.883892
170.000000 1528.521359
175.000000 1527.027468
180.000000 1525.517191
185.000000 1523.986545
190.000000 1522.303855
195.000000 1520.812765
200.000000 1519.211108
220.000000 1512.119485
240.000000 1506.461104
260.000000 1502.038840
280.000000 1498.636265
300.000000 1496.130097
320.000000 1494.100072
340.000000 1492.517961
360.000000 1491.874867
380.000000 1491.069712
400.000000 1490.171296
420.000000 1489.511986
440.000000 1488.577026
460.000000 1487.736444
480.000000 1487.095726
500.000000 1486.461454
550.000000 1485.888679
600.000000 1485.365462
650.000000 1485.163236
700.000000 1485.086729
750.000000 1484.822200
800.000000 1484.820810
850.000000 1484.963686
900.000000 1484.924364
950.000000 1484.757254
1000.000000 1484.576189
1050.000000 1484.566448
1100.000000 1484.795746
1150.000000 1484.973500
1200.000000 1484.645132
1250.000000 1484.735818
1300.000000 1485.102600
1350.000000 1485.298200
1400.000000 1485.692700
1450.000000 1486.136000
1500.000000 1486.524700
1550.000000 1486.944400
1600.000000 1487.552600
1650.000000 1488.022300
1700.000000 1488.490800
1750.000000 1488.973400
1800.000000 1489.484500
1850.000000 1489.967300
1900.000000 1490.368300
1950.000000 1491.072900
2000.000000 1491.671700
2050.000000 1492.158100
2100.000000 1492.745300
2150.000000 1493.480100
2200.000000 1494.120200
2250.000000 1494.826500
2300.000000 1495.507000
2350.000000 1496.177000
2400.000000 1496.959100
2450.000000 1497.672900
2500.000000 1498.397900
2550.000000 1499.119400
2600.000000 1499.872000
2650.000000 1500.608300
2700.000000 1501.433000
2750.000000 1502.271700
2800.000000 1503.060200
2850.000000 1503.881600
2900.000000 1504.706400
2950.000000 1505.487700
3000.000000 1506.303900
3050.000000 1507.120600
3100.000000 1507.921700
3150.000000 1508.768800
3200.000000 1509.596800
3250.000000 1510.451700
3300.000000 1511.326000
3350.000000 1512.158300
3400.000000 1513.012600
3450.000000 1513.846900
3500.000000 1514.700900
3550.000000 1515.556200
3600.000000 1516.406700
3650.000000 1517.255100
3700.000000 1518.137000
3750.000000 1519.006100
3800.000000 1519.878300
3850.000000 1520.746600
3900.000000 1521.632900
3950.000000 1522.488000
4000.000000 1523.337200
4050.000000 1524.228100
4100.000000 1525.115900
4150.000000 1526.008600
4200.000000 1526.898400
4250.000000 1527.792600
4300.000000 1528.699700
4350.000000 1529.601900
4400.000000 1530.516800
4450.000000 1531.427500
4500.000000 1532.342900
4550.000000 1533.259900
4600.000000 1534.151500
4650.000000 1535.116300
4700.000000 1536.037900
4750.000000 1536.959600
4800.000000 1537.881200
4850.000000 1538.802800
4900.000000 1539.724400
4950.000000 1540.646000
5000.000000 1541.567600
5050.000000 1542.489300
5100.000000 1543.410900
5150.000000 1544.332500
5200.000000 1545.254100
5250.000000 1546.175700
5300.000000 1547.097400
5350.000000 1548.019000
5400.000000 1548.940600
5450.000000 1549.862200
5500.000000 1550.783800
5550.000000 1551.705400
5600.000000 1552.627100
5650.000000 1553.548700
5700.000000 1554.470300
5750.000000 1555.391900
5800.000000 1556.313500
5850.000000 1557.235100
5900.000000 1558.156800
5950.000000 1559.078400
6000.000000 1560.000000
-1 -1
0.0000000 0.0000401
5.0000000 0.0000401
10.0000000 0.0000401
15.0000000 0.0000401
20.0000000 0.0000401
25.0000000 0.0000401
30.0000000 0.0000401
35.0000000 0.0000401
40.0000000 0.0000401
45.0000000 0.0000402
50.0000000 0.0000403
55.0000000 0.0000406
60.0000000 0.0000413
65.0000000 0.0000418
70.0000000 0.0000419
75.0000000 0.0000421
80.0000000 0.0000424
85.0000000 0.0000426
90.0000000 0.0000431
95.0000000 0.0000433
100.0000000 0.0000436
105.0000000 0.0000439
110.0000000 0.0000442
115.0000000 0.0000444
120.0000000 0.0000447
125.0000000 0.0000451
130.0000000 0.0000456
135.0000000 0.0000461
140.0000000 0.0000463
145.0000000 0.0000469
150.0000000 0.0000481
155.0000000 0.0000490
160.0000000 0.0000494
165.0000000 0.0000496
170.0000000 0.0000498
175.0000000 0.0000506
180.0000000 0.0000514
185.0000000 0.0000517
190.0000000 0.0000524
195.0000000 0.0000538
200.0000000 0.0000554
220.0000000 0.0000581
240.0000000 0.0000599
260.0000000 0.0000619
280.0000000 0.0000621
300.0000000 0.0000620
320.0000000 0.0000615
340.0000000 0.0000612
360.0000000 0.0000603
380.0000000 0.0000594
400.0000000 0.0000587
420.0000000 0.0000576
440.0000000 0.0000569
460.0000000 0.0000561
480.0000000 0.0000554
500.0000000 0.0000549
550.0000000 0.0000529
600.0000000 0.0000507
650.0000000 0.0000485
700.0000000 0.0000464
750.0000000 0.0000445
800.0000000 0.0000425
850.0000000 0.0000408
900.0000000 0.0000392
950.0000000 0.0000376
1000.0000000 0.0000360
1050.0000000 0.0000368
1100.0000000 0.0000377
1150.0000000 0.0000385
1200.0000000 0.0000394
1250.0000000 0.0000403
1300.0000000 0.0000411
1350.0000000 0.0000420
1400.0000000 0.0000429
1450.0000000 0.0000438
1500.0000000 0.0000447
1550.0000000 0.0000456
1600.0000000 0.0000465
1650.0000000 0.0000475
1700.0000000 0.0000485
1750.0000000 0.0000495
1800.0000000 0.0000505
1850.0000000 0.0000516
1900.0000000 0.0000527
1950.0000000 0.0000538
2000.0000000 0.0000549
2050.0000000 0.0000553
2100.0000000 0.0000556
2150.0000000 0.0000559
2200.0000000 0.0000562
2250.0000000 0.0000565
2300.0000000 0.0000568
2350.0000000 0.0000571
2400.0000000 0.0000574
2450.0000000 0.0000577
2500.0000000 0.0000581
2550.0000000 0.0000584
2600.0000000 0.0000587
2650.0000000 0.0000590
2700.0000000 0.0000593
2750.0000000 0.0000596
2800.0000000 0.0000599
2850.0000000 0.0000602
2900.0000000 0.0000605
2950.0000000 0.0000608
3000.0000000 0.0000611
3050.0000000 0.0000614
3100.0000000 0.0000618
3150.0000000 0.0000621
3200.0000000 0.0000624
3250.0000000 0.0000627
3300.0000000 0.0000630
3350.0000000 0.0000634
3400.0000000 0.0000637
3450.0000000 0.0000640
3500.0000000 0.0000643
3550.0000000 0.0000643
3600.0000000 0.0000643
3650.0000000 0.0000643
3700.0000000 0.0000642
3750.0000000 0.0000642
3800.0000000 0.0000642
3850.0000000 0.0000641
3900.0000000 0.0000641
3950.0000000 0.0000641
4000.0000000 0.0000641
4050.0000000 0.0000640
4100.0000000 0.0000640
4150.0000000 0.0000640
4200.0000000 0.0000639
4250.0000000 0.0000639
4300.0000000 0.0000639
4350.0000000 0.0000638
4400.0000000 0.0000638
4450.0000000 0.0000638
4500.0000000 0.0000637
4550.0000000 0.0000637
4600.0000000 0.0000637
4650.0000000 0.0000636
4700.0000000 0.0000636
4750.0000000 0.0000636
4800.0000000 0.0000635
4850.0000000 0.0000635
4900.0000000 0.0000635
4950.0000000 0.0000635
5000.0000000 0.0000634
5050.0000000 0.0000634
5100.0000000 0.0000634
5150.0000000 0.0000634
5200.0000000 0.0000633
5250.0000000 0.0000633
5300.0000000 0.0000633
5350.0000000 0.0000633
5400.0000000 0.0000632
5450.0000000 0.0000632
5500.0000000 0.0000632
5550.0000000 0.0000632
5600.0000000 0.0000632
5650.0000000 0.0000631
5700.0000000 0.0000631
5750.0000000 0.0000631
5800.0000000 0.0000631
5850.0000000 0.0000630
5900.0000000 0.0000630
5950.0000000 0.0000630
6000.0000000 0.0000630
-1 -1
0.000000 1705.081480
-1 -1
0.000000 1.871582
-1 -1
0.000000 0.401196
1074.098000 0.401196
1104.098000 10.000000
-1 -1
22000.000000
0.000000 1543.550571
5.000000 1543.759011
10.000000 1543.888259
15.000000 1543.989381
20.000000 1544.107453
25.000000 1544.191596
30.000000 1544.276603
35.000000 1544.362313
40.000000 1544.443444
45.000000 1544.490752
50.000000 1544.486671
55.000000 1544.359646
60.000000 1544.134916
65.000000 1543.821835
70.000000 1543.457362
75.000000 1543.050287
80.000000 1542.621261
85.000000 1542.254751
90.000000 1541.969596
95.000000 1541.736663
100.000000 1541.477204
105.000000 1541.195828
110.000000 1540.818586
115.000000 1540.100094
120.000000 1539.121504
125.000000 1538.031270
130.000000 1536.930579
135.000000 1535.748124
140.000000 1534.543182
145.000000 1533.601385
150.000000 1532.845709
155.000000 1532.106639
160.000000 1531.178933
165.000000 1529.886567
170.000000 1528.532976
175.000000 1527.049550
180.000000 1525.558730
185.000000 1524.049024
190.000000 1522.373826
195.000000 1520.894288
200.000000 1519.298087
220.000000 1512.202034
240.000000 1506.532354
260.000000 1502.093984
280.000000 1498.630708
300.000000 1496.142681
320.000000 1494.101721
340.000000 1492.505884
360.000000 1491.881507
380.000000 1491.074228
400.000000 1490.174800
420.000000 1489.511659
440.000000 1488.556275
460.000000 1487.712788
480.000000 1487.087572
500.000000 1486.473186
550.000000 1485.918252
600.000000 1485.385486
650.000000 1485.170423
700.000000 1485.113121
750.000000 1484.840617
800.000000 1484.825728
850.000000 1484.970266
900.000000 1484.933292
950.000000 1484.770472
1000.000000 1484.587387
1050.000000 1484.571245
1100.000000 1484.814757
1150.000000 1484.988128
1200.000000 1484.647158
1250.000000 1484.735487
1300.000000 1485.102600
1350.000000 1485.298200
1400.000000 1485.692700
1450.000000 1486.136000
1500.000000 1486.524700
1550.000000 1486.944400
1600.000000 1487.552600
1650.000000 1488.022300
1700.000000 1488.490800
1750.000000 1488.973400
1800.000000 1489.484500
1850.000000 1489.967300
1900.000000 1490.368300
1950.000000 1491.072900
2000.000000 1491.671700
2050.000000 1492.158100
2100.000000 1492.745300
2150.000000 1493.480100
2200.000000 1494.120200
2250.000000 1494.826500
2300.000000 1495.507000
2350.000000 1496.177000
2400.000000 1496.959100
2450.000000 1497.672900
2500.000000 1498.397900
2550.000000 1499.119400
2600.000000 1499.872000
2650.000000 1500.608300
2700.000000 1501.433000
2750.000000 1502.271700
2800.000000 1503.060200
2850.000000 1503.881600
2900.000000 1504.706400
2950.000000 1505.487700
3000.000000 1506.303900
3050.000000 1507.120600
3100.000000 1507.921700
3150.000000 1508.768800
3200.000000 1509.596800
3250.000000 1510.451700
3300.000000 1511.326000
3350.000000 1512.158300
3400.000000 1513.012600
3450.000000 1513.846900
3500.000000 1514.700900
3550.000000 1515.556200
3600.000000 1516.406700
3650.000000 1517.255100
3700.000000 1518.137000
3750.000000 1519.006100
3800.000000 1519.878300
3850.000000 1520.746600
3900.000000 1521.632900
3950.000000 1522.488000
4000.000000 1523.337200
4050.000000 1524.228100
4100.000000 1525.115900
4150.000000 1526.008600
4200.000000 1526.898400
4250.000000 1527.792600
4300.000000 1528.699700
4350.000000 1529.601900
4400.000000 1530.516800
4450.000000 1531.427500
4500.000000 1532.342900
4550.000000 1533.259900
4600.000000 1534.151500
4650.000000 1535.116300
4700.000000 1536.037900
4750.000000 1536.959600
4800.000000 1537.881200
4850.000000 1538.802800
4900.000000 1539.724400
4950.000000 1540.646000
5000.000000 1541.567600
5050.000000 1542.489300
5100.000000 1543.410900
5150.000000 1544.332500
5200.000000 1545.254100
5250.000000 1546.175700
5300.000000 1547.097400
5350.000000 1548.019000
5400.000000 1548.940600
5450.000000 1549.862200
5500.000000 1550.783800
5550.000000 1551.705400
5600.000000 1552.627100
5650.000000 1553.548700
5700.000000 1554.470300
5750.000000 1555.391900
5800.000000 1556.313500
5850.000000 1557.235100
5900.000000 1558.156800
5950.000000 1559.078400
6000.000000 1560.000000
-1 -1
0.0000000 0.0000401
5.0000000 0.0000401
10.0000000 0.0000401
15.0000000 0.0000401
20.0000000 0.0000401
25.0000000 0.0000401
30.0000000 0.0000401
35.0000000 0.0000401
40.0000000 0.0000401
45.0000000 0.0000402
50.0000000 0.0000403
55.0000000 0.0000406
60.0000000 0.0000413
65.0000000 0.0000418
70.0000000 0.0000419
75.0000000 0.0000421
80.0000000 0.0000424
85.0000000 0.0000426
90.0000000 0.0000431
95.0000000 0.0000433
100.0000000 0.0000436
105.0000000 0.0000439
110.0000000 0.0000442
115.0000000 0.0000444
120.0000000 0.0000447
125.0000000 0.0000451
130.0000000 0.0000456
135.0000000 0.0000461
140.0000000 0.0000463
145.0000000 0.0000469
150.0000000 0.0000481
155.0000000 0.0000490
160.0000000 0.0000494
165.0000000 0.0000496
170.0000000 0.0000498
175.0000000 0.0000506
180.0000000 0.0000514
185.0000000 0.0000517
190.0000000 0.0000524
195.0000000 0.0000538
200.0000000 0.0000554
220.0000000 0.0000581
240.0000000 0.0000599
260.0000000 0.0000619
280.0000000 0.0000621
300.0000000 0.0000620
320.0000000 0.0000615
340.0000000 0.0000612
360.0000000 0.0000603
380.0000000 0.0000594
400.0000000 0.0000587
420.0000000 0.0000576
440.0000000 0.0000569
460.0000000 0.0000561
480.0000000 0.0000554
500.0000000 0.0000549
550.0000000 0.0000529
600.0000000 0.0000507
650.0000000 0.0000485
700.0000000 0.0000464
750.0000000 0.0000445
800.0000000 0.0000425
850.0000000 0.0000408
900.0000000 0.0000392
950.0000000 0.0000376
1000.0000000 0.0000360
1050.0000000 0.0000368
1100.0000000 0.0000377
1150.0000000 0.0000385
1200.0000000 0.0000394
1250.0000000 0.0000403
1300.0000000 0.0000411
1350.0000000 0.0000420
1400.0000000 0.0000429
1450.0000000 0.0000438
1500.0000000 0.0000447
1550.0000000 0.0000456
1600.0000000 0.0000465
1650.0000000 0.0000475
1700.0000000 0.0000485
1750.0000000 0.0000495
1800.0000000 0.0000505
1850.0000000 0.0000516
1900.0000000 0.0000527
1950.0000000 0.0000538
2000.0000000 0.0000549
2050.0000000 0.0000553
2100.0000000 0.0000556
2150.0000000 0.0000559
2200.0000000 0.0000562
2250.0000000 0.0000565
2300.0000000 0.0000568
2350.0000000 0.0000571
2400.0000000 0.0000574
2450.0000000 0.0000577
2500.0000000 0.0000581
2550.0000000 0.0000584
2600.0000000 0.0000587
2650.0000000 0.0000590
2700.0000000 0.0000593
2750.0000000 0.0000596
2800.0000000 0.0000599
2850.0000000 0.0000602
2900.0000000 0.0000605
2950.0000000 0.0000608
3000.0000000 0.0000611
3050.0000000 0.0000614
3100.0000000 0.0000618
3150.0000000 0.0000621
3200.0000000 0.0000624
3250.0000000 0.0000627
3300.0000000 0.0000630
3350.0000000 0.0000634
3400.0000000 0.0000637
3450.0000000 0.0000640
3500.0000000 0.0000643
3550.0000000 0.0000643
3600.0000000 0.0000643
3650.0000000 0.0000643
3700.0000000 0.0000642
3750.0000000 0.0000642
3800.0000000 0.0000642
3850.0000000 0.0000641
3900.0000000 0.0000641
3950.0000000 0.0000641
4000.0000000 0.0000641
4050.0000000 0.0000640
4100.0000000 0.0000640
4150.0000000 0.0000640
4200.0000000 0.0000639
4250.0000000 0.0000639
4300.0000000 0.0000639
4350.0000000 0.0000638
4400.0000000 0.0000638
4450.0000000 0.0000638
4500.0000000 0.0000637
4550.0000000 0.0000637
4600.0000000 0.0000637
4650.0000000 0.0000636
4700.0000000 0.0000636
4750.0000000 0.0000636
4800.0000000 0.0000635
4850.0000000 0.0000635
4900.0000000 0.0000635
4950.0000000 0.0000635
5000.0000000 0.0000634
5050.0000000 0.0000634
5100.0000000 0.0000634
5150.0000000 0.0000634
5200.0000000 0.0000633
5250.0000000 0.0000633
5300.0000000 0.0000633
5350.0000000 0.0000633
5400.0000000 0.0000632
5450.0000000 0.0000632
5500.0000000 0.0000632
5550.0000000 0.0000632
5600.0000000 0.0000632
5650.0000000 0.0000631
5700.0000000 0.0000631
5750.0000000 0.0000631
5800.0000000 0.0000631
5850.0000000 0.0000630
5900.0000000 0.0000630
5950.0000000 0.0000630
6000.0000000 0.0000630
-1 -1
0.000000 1706.012641
-1 -1
0.000000 1.871582
-1 -1
0.000000 0.401415
1074.098000 0.401415
1104.098000 10.000000
-1 -1
23000.000000
0.000000 1543.607203
5.000000 1543.781783
10.000000 1543.899595
15.000000 1543.996642
20.000000 1544.106694
25.000000 1544.190362
30.000000 1544.275401
35.000000 1544.361226
40.000000 1544.442169
45.000000 1544.487290
50.000000 1544.479051
55.000000 1544.342537
60.000000 1544.107351
65.000000 1543.787142
70.000000 1543.419695
75.000000 1543.011865
80.000000 1542.583861
85.000000 1542.223710
90.000000 1541.949959
95.000000 1541.729678
100.000000 1541.481808
105.000000 1541.210456
110.000000 1540.844817
115.000000 1540.120901
120.000000 1539.132715
125.000000 1538.027288
130.000000 1536.904321
135.000000 1535.708928
140.000000 1534.494216
145.000000 1533.557557
150.000000 1532.808534
155.000000 1532.076417
160.000000 1531.166414
165.000000 1529.889242
170.000000 1528.544592
175.000000 1527.071632
180.000000 1525.600269
185.000000 1524.111503
190.000000 1522.443796
195.000000 1520.975810
200.000000 1519.385065
220.000000 1512.284583
240.000000 1506.603604
260.000000 1502.149129
280.000000 1498.625151
300.000000 1496.155264
320.000000 1494.103369
340.000000 1492.493807
360.000000 1491.888146
380.000000 1491.078745
400.000000 1490.178303
420.000000 1489.511332
440.000000 1488.535523
460.000000 1487.689131
480.000000 1487.079418
500.000000 1486.484917
550.000000 1485.947825
600.000000 1485.405509
650.000000 1485.177610
700.000000 1485.139512
750.000000 1484.859033
800.000000 1484.830645
850.000000 1484.976845
900.000000 1484.942219
950.000000 1484.783691
1000.000000 1484.598584
1050.000000 1484.576043
1100.000000 1484.833768
1150.000000 1485.002756
1200.000000 1484.649184
1250.000000 1484.735155
1300.000000 1485.102600
1350.000000 1485.298200
1400.000000 1485.692700
1450.000000 1486.136000
1500.000000 1486.524700
1550.000000 1486.944400
1600.000000 1487.552600
1650.000000 1488.022300
1700.000000 1488.490800
1750.000000 1488.973400
1800.000000 1489.484500
1850.000000 1489.967300
1900.000000 1490.368300
1950.000000 1491.072900
2000.000000 1491.671700
2050.000000 1492.158100
2100.000000 1492.745300
2150.000000 1493.480100
2200.000000 1494.120200
2250.000000 1494.826500
2300.000000 1495.507000
2350.000000 1496.177000
2400.000000 1496.959100
2450.000000 1497.672900
2500.000000 1498.397900
2550.000000 1499.119400
2600.000000 1499.872000
2650.000000 1500.608300
2700.000000 1501.433000
2750.000000 1502.271700
2800.000000 1503.060200
2850.000000 1503.881600
2900.000000 1504.706400
2950.000000 1505.487700
3000.000000 1506.303900
3050.000000 1507.120600
3100.000000 1507.921700
3150.000000 1508.768800
3200.000000 1509.596800
3250.000000 1510.451700
3300.000000 1511.326000
3350.000000 1512.158300
3400.000000 1513.012600
3450.000000 1513.846900
3500.000000 1514.700900
3550.000000 1515.556200
3600.000000 1516.406700
3650.000000 1517.255100
3700.000000 1518.137000
3750.000000 1519.006100
3800.000000 1519.878300
3850.000000 1520.746600
3900.000000 1521.632900
3950.000000 1522.488000
4000.000000 1523.337200
4050.000000 1524.228100
4100.000000 1525.115900
4150.000000 1526.008600
4200.000000 1526.898400
4250.000000 1527.792600
4300.000000 1528.699700
4350.000000 1529.601900
4400.000000 1530.516800
4450.000000 1531.427500
4500.000000 1532.342900
4550.000000 1533.259900
4600.000000 1534.151500
4650.000000 1535.116300
4700.000000 1536.037900
4750.000000 1536.959600
4800.000000 1537.881200
4850.000000 1538.802800
4900.000000 1539.724400
4950.000000 1540.646000
5000.000000 1541.567600
5050.000000 1542.489300
5100.000000 1543.410900
5150.000000 1544.332500
5200.000000 1545.254100
5250.000000 1546.175700
5300.000000 1547.097400
5350.000000 1548.019000
5400.000000 1548.940600
5450.000000 1549.862200
5500.000000 1550.783800
5550.000000 1551.705400
5600.000000 1552.627100
5650.000000 1553.548700
5700.000000 1554.470300
5750.000000 1555.391900
5800.000000 1556.313500
5850.000000 1557.235100
5900.000000 1558.156800
5950.000000 1559.078400
6000.000000 1560.000000
-1 -1
0.0000000 0.0000401
5.0000000 0.0000401
10.0000000 0.0000401
15.0000000 0.0000401
20.0000000 0.0000401
25.0000000 0.0000401
30.0000000 0.0000401
35.0000000 0.0000401
40.0000000 0.0000401
45.0000000 0.0000402
50.0000000 0.0000403
55.0000000 0.0000406
60.0000000 0.0000413
65.0000000 0.0000418
70.0000000 0.0000419
75.0000000 0.0000421
80.0000000 0.0000424
85.0000000 0.0000426
90.0000000 0.0000431
95.0000000 0.0000433
100.0000000 0.0000436
105.0000000 0.0000439
110.0000000 0.0000442
115.0000000 0.0000444
120.0000000 0.0000447
125.0000000 0.0000451
130.0000000 0.0000456
135.0000000 0.0000461
140.0000000 0.0000463
145.0000000 0.0000469
150.0000000 0.0000481
155.0000000 0.0000490
160.0000000 0.0000494
165.0000000 0.0000496
170.0000000 0.0000498
175.0000000 0.0000506
180.0000000 0.0000514
185.0000000 0.0000517
190.0000000 0.0000524
195.0000000 0.0000538
200.0000000 0.0000554
220.0000000 0.0000581
240.0000000 0.0000599
260.0000000 0.0000619
280.0000000 0.0000621
300.0000000 0.0000620
320.0000000 0.0000615
340.0000000 0.0000612
360.0000000 0.0000603
380.0000000 0.0000594
400.0000000 0.0000587
420.0000000 0.0000576
440.0000000 0.0000569
460.0000000 0.0000561
480.0000000 0.0000554
500.0000000 0.0000549
550.0000000 0.0000529
600.0000000 0.0000507
650.0000000 0.0000485
700.0000000 0.0000464
750.0000000 0.0000445
800.0000000 0.0000425
850.0000000 0.0000408
900.0000000 0.0000392
950.0000000 0.0000376
1000.0000000 0.0000360
1050.0000000 0.0000368
1100.0000000 0.0000377
1150.0000000 0.0000385
1200.0000000 0.0000394
1250.0000000 0.0000403
1300.0000000 0.0000411
1350.0000000 0.0000420
1400.0000000 0.0000429
1450.0000000 0.0000438
1500.0000000 0.0000447
1550.0000000 0.0000456
1600.0000000 0.0000465
1650.0000000 0.0000475
1700.0000000 0.0000485
1750.0000000 0.0000495
1800.0000000 0.0000505
1850.0000000 0.0000516
1900.0000000 0.0000527
1950.0000000 0.0000538
2000.0000000 0.0000549
2050.0000000 0.0000553
2100.0000000 0.0000556
2150.0000000 0.0000559
2200.0000000 0.0000562
2250.0000000 0.0000565
2300.0000000 0.0000568
2350.0000000 0.0000571
2400.0000000 0.0000574
2450.0000000 0.0000577
2500.0000000 0.0000581
2550.0000000 0.0000584
2600.0000000 0.0000587
2650.0000000 0.0000590
2700.0000000 0.0000593
2750.0000000 0.0000596
2800.0000000 0.0000599
2850.0000000 0.0000602
2900.0000000 0.0000605
2950.0000000 0.0000608
3000.0000000 0.0000611
3050.0000000 0.0000614
3100.0000000 0.0000618
3150.0000000 0.0000621
3200.0000000 0.0000624
3250.0000000 0.0000627
3300.0000000 0.0000630
3350.0000000 0.0000634
3400.0000000 0.0000637
3450.0000000 0.0000640
3500.0000000 0.0000643
3550.0000000 0.0000643
3600.0000000 0.0000643
3650.0000000 0.0000643
3700.0000000 0.0000642
3750.0000000 0.0000642
3800.0000000 0.0000642
3850.0000000 0.0000641
3900.0000000 0.0000641
3950.0000000 0.0000641
4000.0000000 0.0000641
4050.0000000 0.0000640
4100.0000000 0.0000640
4150.0000000 0.0000640
4200.0000000 0.0000639
4250.0000000 0.0000639
4300.0000000 0.0000639
4350.0000000 0.0000638
4400.0000000 0.0000638
4450.0000000 0.0000638
4500.0000000 0.0000637
4550.0000000 0.0000637
4600.0000000 0.0000637
4650.0000000 0.0000636
4700.0000000 0.0000636
4750.0000000 0.0000636
4800.0000000 0.0000635
4850.0000000 0.0000635
4900.0000000 0.0000635
4950.0000000 0.0000635
5000.0000000 0.0000634
5050.0000000 0.0000634
5100.0000000 0.0000634
5150.0000000 0.0000634
5200.0000000 0.0000633
5250.0000000 0.0000633
5300.0000000 0.0000633
5350.0000000 0.0000633
5400.0000000 0.0000632
5450.0000000 0.0000632
5500.0000000 0.0000632
5550.0000000 0.0000632
5600.0000000 0.0000632
5650.0000000 0.0000631
5700.0000000 0.0000631
5750.0000000 0.0000631
5800.0000000 0.0000631
5850.0000000 0.0000630
5900.0000000 0.0000630
5950.0000000 0.0000630
6000.0000000 0.0000630
-1 -1
0.000000 1705.750304
-1 -1
0.000000 1.871582
-1 -1
0.000000 0.401353
1074.098000 0.401353
1104.098000 10.000000
-1 -1
24000.000000
0.000000 1543.663835
5.000000 1543.804556
10.000000 1543.910930
15.000000 1544.003903
20.000000 1544.105934
25.000000 1544.189128
30.000000 1544.274199
35.000000 1544.360139
40.000000 1544.440893
45.000000 1544.483827
50.000000 1544.471431
55.000000 1544.325428
60.000000 1544.079785
65.000000 1543.752449
70.000000 1543.382027
75.000000 1542.973443
80.000000 1542.546461
85.000000 1542.192668
90.000000 1541.930322
95.000000 1541.722694
100.000000 1541.486413
105.000000 1541.225083
110.000000 1540.871047
115.000000 1540.141707
120.000000 1539.143927
125.000000 1538.023305
130.000000 1536.878063
135.000000 1535.669732
140.000000 1534.445250
145.000000 1533.513730
150.000000 1532.771360
155.000000 1532.046195
160.000000 1531.153895
165.000000 1529.891917
170.000000 1528.556209
175.000000 1527.093714
180.000000 1525.641809
185.000000 1524.173983
190.000000 1522.513766
195.000000 1521.057332
200.000000 1519.472043
220.000000 1512.367132
240.000000 1506.674855
260.000000 1502.204274
280.000000 1498.619594
300.000000 1496.167847
320.000000 1494.105017
340.000000 1492.481730
360.000000 1491.894785
380.000000 1491.083262
400.000000 1490.181807
420.000000 1489.511006
440.000000 1488.514772
460.000000 1487.665475
480.000000 1487.071264
500.000000 1486.496649
550.000000 1485.977398
600.000000 1485.425533
650.000000 1485.184797
700.000000 1485.165903
750.000000 1484.877450
800.000000 1484.835562
850.000000 1484.983424
900.000000 1484.951147
950.000000 1484.796910
1000.000000 1484.609782
1050.000000 1484.580840
1100.000000 1484.852778
1150.000000 1485.017383
1200.000000 1484.651210
1250.000000 1484.734824
1300.000000 1485.102600
1350.000000 1485.298200
1400.000000 1485.692700
1450.000000 1486.136000
1500.000000 1486.524700
1550.000000 1486.944400
1600.000000 1487.552600
1650.000000 1488.022300
1700.000000 1488.490800
1750.000000 1488.973400
1800.000000 1489.484500
1850.000000 1489.967300
1900.000000 1490.368300
1950.000000 1491.072900
2000.000000 1491.671700
2050.000000 1492.158100
2100.000000 1492.745300
2150.000000 1493.480100
2200.000000 1494.120200
2250.000000 1494.826500
2300.000000 1495.507000
2350.000000 1496.177000
2400.000000 1496.959100
2450.000000 1497.672900
2500.000000 1498.397900
2550.000000 1499.119400
2600.000000 1499.872000
2650.000000 1500.608300
2700.000000 1501.433000
2750.000000 1502.271700
2800.000000 1503.060200
2850.000000 1503.881600
2900.000000 1504.706400
2950.000000 1505.487700
3000.000000 1506.303900
3050.000000 1507.120600
3100.000000 1507.921700
3150.000000 1508.768800
3200.000000 1509.596800
3250.000000 1510.451700
3300.000000 1511.326000
3350.000000 1512.158300
3400.000000 1513.012600
3450.000000 1513.846900
3500.000000 1514.700900
3550.000000 1515.556200
3600.000000 1516.406700
3650.000000 1517.255100
3700.000000 1518.137000
3750.000000 1519.006100
3800.000000 1519.878300
3850.000000 1520.746600
3900.000000 1521.632900
3950.000000 1522.488000
4000.000000 1523.337200
4050.000000 1524.228100
4100.000000 1525.115900
4150.000000 1526.008600
4200.000000 1526.898400
4250.000000 1527.792600
4300.000000 1528.699700
4350.000000 1529.601900
4400.000000 1530.516800
4450.000000 1531.427500
4500.000000 1532.342900
4550.000000 1533.259900
4600.000000 1534.151500
4650.000000 1535.116300
4700.000000 1536.037900
4750.000000 1536.959600
4800.000000 1537.881200
4850.000000 1538.802800
4900.000000 1539.724400
4950.000000 1540.646000
5000.000000 1541.567600
5050.000000 1542.489300
5100.000000 1543.410900
5150.000000 1544.332500
5200.000000 1545.254100
5250.000000 1546.175700
5300.000000 1547.097400
5350.000000 1548.019000
5400.000000 1548.940600
5450.000000 1549.862200
5500.000000 1550.783800
5550.000000 1551.705400
5600.000000 1552.627100
5650.000000 1553.548700
5700.000000 1554.470300
5750.000000 1555.391900
5800.000000 1556.313500
5850.000000 1557.235100
5900.000000 1558.156800
5950.000000 1559.078400
6000.000000 1560.000000
-1 -1
0.0000000 0.0000401
5.0000000 0.0000401
10.0000000 0.0000401
15.0000000 0.0000401
20.0000000 0.0000401
25.0000000 0.0000401
30.0000000 0.0000401
35.0000000 0.0000401
40.0000000 0.0000401
45.0000000 0.0000402
50.0000000 0.0000403
55.0000000 0.0000406
60.0000000 0.0000413
65.0000000 0.0000418
70.0000000 0.0000419
75.0000000 0.0000421
80.0000000 0.0000424
85.0000000 0.0000426
90.0000000 0.0000431
95.0000000 0.0000433
100.0000000 0.0000436
105.0000000 0.0000439
110.0000000 0.0000442
115.0000000 0.0000444
120.0000000 0.0000447
125.0000000 0.0000451
130.0000000 0.0000456
135.0000000 0.0000461
140.0000000 0.0000463
145.0000000 0.0000469
150.0000000 0.0000481
155.0000000 0.0000490
160.0000000 0.0000494
165.0000000 0.0000496
170.0000000 0.0000498
175.0000000 0.0000506
180.0000000 0.0000514
185.0000000 0.0000517
190.0000000 0.0000524
195.0000000 0.0000538
200.0000000 0.0000554
220.0000000 0.0000581
240.0000000 0.0000599
260.0000000 0.0000619
280.0000000 0.0000621
300.0000000 0.0000620
320.0000000 0.0000615
340.0000000 0.0000612
360.0000000 0.0000603
380.0000000 0.0000594
400.0000000 0.0000587
420.0000000 0.0000576
440.0000000 0.0000569
460.0000000 0.0000561
480.0000000 0.0000554
500.0000000 0.0000549
550.0000000 0.0000529
600.0000000 0.0000507
650.0000000 0.0000485
700.0000000 0.0000464
750.0000000 0.0000445
800.0000000 0.0000425
850.0000000 0.0000408
900.0000000 0.0000392
950.0000000 0.0000376
1000.0000000 0.0000360
1050.0000000 0.0000368
1100.0000000 0.0000377
1150.0000000 0.0000385
1200.0000000 0.0000394
1250.0000000 0.0000403
1300.0000000 0.0000411
1350.0000000 0.0000420
1400.0000000 0.0000429
1450.0000000 0.0000438
1500.0000000 0.0000447
1550.0000000 0.0000456
1600.0000000 0.0000465
1650.0000000 0.0000475
1700.0000000 0.0000485
1750.0000000 0.0000495
1800.0000000 0.0000505
1850.0000000 0.0000516
1900.0000000 0.0000527
1950.0000000 0.0000538
2000.0000000 0.0000549
2050.0000000 0.0000553
2100.0000000 0.0000556
2150.0000000 0.0000559
2200.0000000 0.0000562
2250.0000000 0.0000565
2300.0000000 0.0000568
2350.0000000 0.0000571
2400.0000000 0.0000574
2450.0000000 0.0000577
2500.0000000 0.0000581
2550.0000000 0.0000584
2600.0000000 0.0000587
2650.0000000 0.0000590
2700.0000000 0.0000593
2750.0000000 0.0000596
2800.0000000 0.0000599
2850.0000000 0.0000602
2900.0000000 0.0000605
2950.0000000 0.0000608
3000.0000000 0.0000611
3050.0000000 0.0000614
3100.0000000 0.0000618
3150.0000000 0.0000621
3200.0000000 0.0000624
3250.0000000 0.0000627
3300.0000000 0.0000630
3350.0000000 0.0000634
3400.0000000 0.0000637
3450.0000000 0.0000640
3500.0000000 0.0000643
3550.0000000 0.0000643
3600.0000000 0.0000643
3650.0000000 0.0000643
3700.0000000 0.0000642
3750.0000000 0.0000642
3800.0000000 0.0000642
3850.0000000 0.0000641
3900.0000000 0.0000641
3950.0000000 0.0000641
4000.0000000 0.0000641
4050.0000000 0.0000640
4100.0000000 0.0000640
4150.0000000 0.0000640
4200.0000000 0.0000639
4250.0000000 0.0000639
4300.0000000 0.0000639
4350.0000000 0.0000638
4400.0000000 0.0000638
4450.0000000 0.0000638
4500.0000000 0.0000637
4550.0000000 0.0000637
4600.0000000 0.0000637
4650.0000000 0.0000636
4700.0000000 0.0000636
4750.0000000 0.0000636
4800.0000000 0.0000635
4850.0000000 0.0000635
4900.0000000 0.0000635
4950.0000000 0.0000635
5000.0000000 0.0000634
5050.0000000 0.0000634
5100.0000000 0.0000634
5150.0000000 0.0000634
5200.0000000 0.0000633
5250.0000000 0.0000633
5300.0000000 0.0000633
5350.0000000 0.0000633
5400.0000000 0.0000632
5450.0000000 0.0000632
5500.0000000 0.0000632
5550.0000000 0.0000632
5600.0000000 0.0000632
5650.0000000 0.0000631
5700.0000000 0.0000631
5750.0000000 0.0000631
5800.0000000 0.0000631
5850.0000000 0.0000630
5900.0000000 0.0000630
5950.0000000 0.0000630
6000.0000000 0.0000630
-1 -1
0.000000 1705.375844
-1 -1
0.000000 1.871582
-1 -1
0.000000 0.401265
1074.098000 0.401265
1104.098000 10.000000
-1 -1
25000.000000
0.000000 1543.720467
5.000000 1543.827328
10.000000 1543.922266
15.000000 1544.011164
20.000000 1544.105174
25.000000 1544.187894
30.000000 1544.272997
35.000000 1544.359053
40.000000 1544.439618
45.000000 1544.480365
50.000000 1544.463811
55.000000 1544.308318
60.000000 1544.052220
65.000000 1543.717756
70.000000 1543.344360
75.000000 1542.935021
80.000000 1542.509061
85.000000 1542.161626
90.000000 1541.910685
95.000000 1541.715709
100.000000 1541.491017
105.000000 1541.239711
110.000000 1540.897277
115.000000 1540.162514
120.000000 1539.155138
125.000000 1538.019322
130.000000 1536.851806
135.000000 1535.630536
140.000000 1534.396284
145.000000 1533.469902
150.000000 1532.734186
155.000000 1532.015973
160.000000 1531.141377
165.000000 1529.894592
170.000000 1528.567825
175.000000 1527.115796
180.000000 1525.683348
185.000000 1524.236462
190.000000 1522.583737
195.000000 1521.138855
200.000000 1519.559022
220.000000 1512.449681
240.000000 1506.746105
260.000000 1502.259419
280.000000 1498.614036
300.000000 1496.180431
320.000000 1494.106666
340.000000 1492.469653
360.000000 1491.901425
380.000000 1491.087779
400.000000 1490.185311
420.000000 1489.510679
440.000000 1488.494021
460.000000 1487.641818
480.000000 1487.063110
500.000000 1486.508380
550.000000 1486.006971
600.000000 1485.445557
650.000000 1485.191984
700.000000 1485.192295
750.000000 1484.895867
800.000000 1484.840480
850.000000 1484.990004
900.000000 1484.960074
950.000000 1484.810128
1000.000000 1484.620979
1050.000000 1484.585638
1100.000000 1484.871789
1150.000000 1485.032011
1200.000000 1484.653235
1250.000000 1484.734492
1300.000000 1485.102600
1350.000000 1485.298200
1400.000000 1485.692700
1450.000000 1486.136000
1500.000000 1486.524700
1550.000000 1486.944400
1600.000000 1487.552600
1650.000000 1488.022300
1700.000000 1488.490800
1750.000000 1488.973400
1800.000000 1489.484500
1850.000000 1489.967300
1900.000000 1490.368300
1950.000000 1491.072900
2000.000000 1491.671700
2050.000000 1492.158100
2100.000000 1492.745300
2150.000000 1493.480100
2200.000000 1494.120200
2250.000000 1494.826500
2300.000000 1495.507000
2350.000000 1496.177000
2400.000000 1496.959100
2450.000000 1497.672900
2500.000000 1498.397900
2550.000000 1499.119400
2600.000000 1499.872000
2650.000000 1500.608300
2700.000000 1501.433000
2750.000000 1502.271700
2800.000000 1503.060200
2850.000000 1503.881600
2900.000000 1504.706400
2950.000000 1505.487700
3000.000000 1506.303900
3050.000000 1507.120600
3100.000000 1507.921700
3150.000000 1508.768800
3200.000000 1509.596800
3250.000000 1510.451700
3300.000000 1511.326000
3350.000000 1512.158300
3400.000000 1513.012600
3450.000000 1513.846900
3500.000000 1514.700900
3550.000000 1515.556200
3600.000000 1516.406700
3650.000000 1517.255100
3700.000000 1518.137000
3750.000000 1519.006100
3800.000000 1519.878300
3850.000000 1520.746600
3900.000000 1521.632900
3950.000000 1522.488000
4000.000000 1523.337200
4050.000000 1524.228100
4100.000000 1525.115900
4150.000000 1526.008600
4200.000000 1526.898400
4250.000000 1527.792600
4300.000000 1528.699700
4350.000000 1529.601900
4400.000000 1530.516800
4450.000000 1531.427500
4500.000000 1532.342900
4550.000000 1533.259900
4600.000000 1534.151500
4650.000000 1535.116300
4700.000000 1536.037900
4750.000000 1536.959600
4800.000000 1537.881200
4850.000000 1538.802800
4900.000000 1539.724400
4950.000000 1540.646000
5000.000000 1541.567600
5050.000000 1542.489300
5100.000000 1543.410900
5150.000000 1544.332500
5200.000000 1545.254100
5250.000000 1546.175700
5300.000000 1547.097400
5350.000000 1548.019000
5400.000000 1548.940600
5450.000000 1549.862200
5500.000000 1550.783800
5550.000000 1551.705400
5600.000000 1552.627100
5650.000000 1553.548700
5700.000000 1554.470300
5750.000000 1555.391900
5800.000000 1556.313500
5850.000000 1557.235100
5900.000000 1558.156800
5950.000000 1559.078400
6000.000000 1560.000000
-1 -1
0.0000000 0.0000401
5.0000000 0.0000401
10.0000000 0.0000401
15.0000000 0.0000401
20.0000000 0.0000401
25.0000000 0.0000401
30.0000000 0.0000401
35.0000000 0.0000401
40.0000000 0.0000401
45.0000000 0.0000402
50.0000000 0.0000403
55.0000000 0.0000406
60.0000000 0.0000413
65.0000000 0.0000418
70.0000000 0.0000419
75.0000000 0.0000421
80.0000000 0.0000424
85.0000000 0.0000426
90.0000000 0.0000431
95.0000000 0.0000433
100.0000000 0.0000436
105.0000000 0.0000439
110.0000000 0.0000442
115.0000000 0.0000444
120.0000000 0.0000447
125.0000000 0.0000451
130.0000000 0.0000456
135.0000000 0.0000461
140.0000000 0.0000463
145.0000000 0.0000469
150.0000000 0.0000481
155.0000000 0.0000490
160.0000000 0.0000494
165.0000000 0.0000496
170.0000000 0.0000498
175.0000000 0.0000506
180.0000000 0.0000514
185.0000000 0.0000517
190.0000000 0.0000524
195.0000000 0.0000538
200.0000000 0.0000554
220.0000000 0.0000581
240.0000000 0.0000599
260.0000000 0.0000619
280.0000000 0.0000621
300.0000000 0.0000620
320.0000000 0.0000615
340.0000000 0.0000612
360.0000000 0.0000603
380.0000000 0.0000594
400.0000000 0.0000587
420.0000000 0.0000576
440.0000000 0.0000569
460.0000000 0.0000561
480.0000000 0.0000554
500.0000000 0.0000549
550.0000000 0.0000529
600.0000000 0.0000507
650.0000000 0.0000485
700.0000000 0.0000464
750.0000000 0.0000445
800.0000000 0.0000425
850.0000000 0.0000408
900.0000000 0.0000392
950.0000000 0.0000376
1000.0000000 0.0000360
1050.0000000 0.0000368
1100.0000000 0.0000377
1150.0000000 0.0000385
1200.0000000 0.0000394
1250.0000000 0.0000403
1300.0000000 0.0000411
1350.0000000 0.0000420
1400.0000000 0.0000429
1450.0000000 0.0000438
1500.0000000 0.0000447
1550.0000000 0.0000456
1600.0000000 0.0000465
1650.0000000 0.0000475
1700.0000000 0.0000485
1750.0000000 0.0000495
1800.0000000 0.0000505
1850.0000000 0.0000516
1900.0000000 0.0000527
1950.0000000 0.0000538
2000.0000000 0.0000549
2050.0000000 0.0000553
2100.0000000 0.0000556
2150.0000000 0.0000559
2200.0000000 0.0000562
2250.0000000 0.0000565
2300.0000000 0.0000568
2350.0000000 0.0000571
2400.0000000 0.0000574
2450.0000000 0.0000577
2500.0000000 0.0000581
2550.0000000 0.0000584
2600.0000000 0.0000587
2650.0000000 0.0000590
2700.0000000 0.0000593
2750.0000000 0.0000596
2800.0000000 0.0000599
2850.0000000 0.0000602
2900.0000000 0.0000605
2950.0000000 0.0000608
3000.0000000 0.0000611
3050.0000000 0.0000614
3100.0000000 0.0000618
3150.0000000 0.0000621
3200.0000000 0.0000624
3250.0000000 0.0000627
3300.0000000 0.0000630
3350.0000000 0.0000634
3400.0000000 0.0000637
3450.0000000 0.0000640
3500.0000000 0.0000643
3550.0000000 0.0000643
3600.0000000 0.0000643
3650.0000000 0.0000643
3700.0000000 0.0000642
3750.0000000 0.0000642
3800.0000000 0.0000642
3850.0000000 0.0000641
3900.0000000 0.0000641
3950.0000000 0.0000641
4000.0000000 0.0000641
4050.0000000 0.0000640
4100.0000000 0.0000640
4150.0000000 0.0000640
4200.0000000 0.0000639
4250.0000000 0.0000639
4300.0000000 0.0000639
4350.0000000 0.0000638
4400.0000000 0.0000638
4450.0000000 0.0000638
4500.0000000 0.0000637
4550.0000000 0.0000637
4600.0000000 0.0000637
4650.0000000 0.0000636
4700.0000000 0.0000636
4750.0000000 0.0000636
4800.0000000 0.0000635
4850.0000000 0.0000635
4900.0000000 0.0000635
4950.0000000 0.0000635
5000.0000000 0.0000634
5050.0000000 0.0000634
5100.0000000 0.0000634
5150.0000000 0.0000634
5200.0000000 0.0000633
5250.0000000 0.0000633
5300.0000000 0.0000633
5350.0000000 0.0000633
5400.0000000 0.0000632
5450.0000000 0.0000632
5500.0000000 0.0000632
5550.0000000 0.0000632
5600.0000000 0.0000632
5650.0000000 0.0000631
5700.0000000 0.0000631
5750.0000000 0.0000631
5800.0000000 0.0000631
5850.0000000 0.0000630
5900.0000000 0.0000630
5950.0000000 0.0000630
6000.0000000 0.0000630
-1 -1
0.000000 1704.134531
-1 -1
0.000000 1.871582
-1 -1
0.000000 0.400973
1074.098000 0.400973
1104.098000 10.000000
-1 -1
26000.000000
0.000000 1543.777099
5.000000 1543.850101
10.000000 1543.933601
15.000000 1544.018425
20.000000 1544.104415
25.000000 1544.186660
30.000000 1544.271796
35.000000 1544.357966
40.000000 1544.438343
45.000000 1544.476903
50.000000 1544.456191
55.000000 1544.291209
60.000000 1544.024655
65.000000 1543.683064
70.000000 1543.306693
75.000000 1542.896599
80.000000 1542.471661
85.000000 1542.130585
90.000000 1541.891048
95.000000 1541.708725
100.000000 1541.495621
105.000000 1541.254338
110.000000 1540.923507
115.000000 1540.183320
120.000000 1539.166349
125.000000 1538.015340
130.000000 1536.825548
135.000000 1535.591341
140.000000 1534.347318
145.000000 1533.426075
150.000000 1532.697011
155.000000 1531.985751
160.000000 1531.128858
165.000000 1529.897267
170.000000 1528.579441
175.000000 1527.137878
180.000000 1525.724887
185.000000 1524.298941
190.000000 1522.653707
195.000000 1521.220377
200.000000 1519.646000
220.000000 1512.532230
240.000000 1506.817355
260.000000 1502.314563
280.000000 1498.608479
300.000000 1496.193014
320.000000 1494.108314
340.000000 1492.457576
360.000000 1491.908064
380.000000 1491.092295
400.000000 1490.188815
420.000000 1489.510352
440.000000 1488.473270
460.000000 1487.618162
480.000000 1487.054956
500.000000 1486.520112
550.000000 1486.036543
600.000000 1485.465581
650.000000 1485.199172
700.000000 1485.218686
750.000000 1484.914284
800.000000 1484.845397
850.000000 1484.996583
900.000000 1484.969002
950.000000 1484.823347
1000.000000 1484.632177
1050.000000 1484.590436
1100.000000 1484.890800
1150.000000 1485.046638
1200.000000 1484.655261
1250.000000 1484.734161
1300.000000 1485.102600
1350.000000 1485.298200
1400.000000 1485.692700
1450.000000 1486.136000
1500.000000 1486.524700
1550.000000 1486.944400
1600.000000 1487.552600
1650.000000 1488.022300
1700.000000 1488.490800
1750.000000 1488.973400
1800.000000 1489.484500
1850.000000 1489.967300
1900.000000 1490.368300
1950.000000 1491.072900
2000.000000 1491.671700
2050.000000 1492.158100
2100.000000 1492.745300
2150.000000 1493.480100
2200.000000 1494.120200
2250.000000 1494.826500
2300.000000 1495.507000
2350.000000 1496.177000
2400.000000 1496.959100
2450.000000 1497.672900
2500.000000 1498.397900
2550.000000 1499.119400
2600.000000 1499.872000
2650.000000 1500.608300
2700.000000 1501.433000
2750.000000 1502.271700
2800.000000 1503.060200
2850.000000 1503.881600
2900.000000 1504.706400
2950.000000 1505.487700
3000.000000 1506.303900
3050.000000 1507.120600
3100.000000 1507.921700
3150.000000 1508.768800
3200.000000 1509.596800
3250.000000 1510.451700
3300.000000 1511.326000
3350.000000 1512.158300
3400.000000 1513.012600
3450.000000 1513.846900
3500.000000 1514.700900
3550.000000 1515.556200
3600.000000 1516.406700
3650.000000 1517.255100
3700.000000 1518.137000
3750.000000 1519.006100
3800.000000 1519.878300
3850.000000 1520.746600
3900.000000 1521.632900
3950.000000 1522.488000
4000.000000 1523.337200
4050.000000 1524.228100
4100.000000 1525.115900
4150.000000 1526.008600
4200.000000 1526.898400
4250.000000 1527.792600
4300.000000 1528.699700
4350.000000 1529.601900
4400.000000 1530.516800
4450.000000 1531.427500
4500.000000 1532.342900
4550.000000 1533.259900
4600.000000 1534.151500
4650.000000 1535.116300
4700.000000 1536.037900
4750.000000 1536.959600
4800.000000 1537.881200
4850.000000 1538.802800
4900.000000 1539.724400
4950.000000 1540.646000
5000.000000 1541.567600
5050.000000 1542.489300
5100.000000 1543.410900
5150.000000 1544.332500
5200.000000 1545.254100
5250.000000 1546.175700
5300.000000 1547.097400
5350.000000 1548.019000
5400.000000 1548.940600
5450.000000 1549.862200
5500.000000 1550.783800
5550.000000 1551.705400
5600.000000 1552.627100
5650.000000 1553.548700
5700.000000 1554.470300
5750.000000 1555.391900
5800.000000 1556.313500
5850.000000 1557.235100
5900.000000 1558.156800
5950.000000 1559.078400
6000.000000 1560.000000
-1 -1
0.0000000 0.0000401
5.0000000 0.0000401
10.0000000 0.0000401
15.0000000 0.0000401
20.0000000 0.0000401
25.0000000 0.0000401
30.0000000 0.0000401
35.0000000 0.0000401
40.0000000 0.0000401
45.0000000 0.0000402
50.0000000 0.0000403
55.0000000 0.0000406
60.0000000 0.0000413
65.0000000 0.0000418
70.0000000 0.0000419
75.0000000 0.0000421
80.0000000 0.0000424
85.0000000 0.0000426
90.0000000 0.0000431
95.0000000 0.0000433
100.0000000 0.0000436
105.0000000 0.0000439
110.0000000 0.0000442
115.0000000 0.0000444
120.0000000 0.0000447
125.0000000 0.0000451
130.0000000 0.0000456
135.0000000 0.0000461
140.0000000 0.0000463
145.0000000 0.0000469
150.0000000 0.0000481
155.0000000 0.0000490
160.0000000 0.0000494
165.0000000 0.0000496
170.0000000 0.0000498
175.0000000 0.0000506
180.0000000 0.0000514
185.0000000 0.0000517
190.0000000 0.0000524
195.0000000 0.0000538
200.0000000 0.0000554
220.0000000 0.0000581
240.0000000 0.0000599
260.0000000 0.0000619
280.0000000 0.0000621
300.0000000 0.0000620
320.0000000 0.0000615
340.0000000 0.0000612
360.0000000 0.0000603
380.0000000 0.0000594
400.0000000 0.0000587
420.0000000 0.0000576
440.0000000 0.0000569
460.0000000 0.0000561
480.0000000 0.0000554
500.0000000 0.0000549
550.0000000 0.0000529
600.0000000 0.0000507
650.0000000 0.0000485
700.0000000 0.0000464
750.0000000 0.0000445
800.0000000 0.0000425
850.0000000 0.0000408
900.0000000 0.0000392
950.0000000 0.0000376
1000.0000000 0.0000360
1050.0000000 0.0000368
1100.0000000 0.0000377
1150.0000000 0.0000385
1200.0000000 0.0000394
1250.0000000 0.0000403
1300.0000000 0.0000411
1350.0000000 0.0000420
1400.0000000 0.0000429
1450.0000000 0.0000438
1500.0000000 0.0000447
1550.0000000 0.0000456
1600.0000000 0.0000465
1650.0000000 0.0000475
1700.0000000 0.0000485
1750.0000000 0.0000495
1800.0000000 0.0000505
1850.0000000 0.0000516
1900.0000000 0.0000527
1950.0000000 0.0000538
2000.0000000 0.0000549
2050.0000000 0.0000553
2100.0000000 0.0000556
2150.0000000 0.0000559
2200.0000000 0.0000562
2250.0000000 0.0000565
2300.0000000 0.0000568
2350.0000000 0.0000571
2400.0000000 0.0000574
2450.0000000 0.0000577
2500.0000000 0.0000581
2550.0000000 0.0000584
2600.0000000 0.0000587
2650.0000000 0.0000590
2700.0000000 0.0000593
2750.0000000 0.0000596
2800.0000000 0.0000599
2850.0000000 0.0000602
2900.0000000 0.0000605
2950.0000000 0.0000608
3000.0000000 0.0000611
3050.0000000 0.0000614
3100.0000000 0.0000618
3150.0000000 0.0000621
3200.0000000 0.0000624
3250.0000000 0.0000627
3300.0000000 0.0000630
3350.0000000 0.0000634
3400.0000000 0.0000637
3450.0000000 0.0000640
3500.0000000 0.0000643
3550.0000000 0.0000643
3600.0000000 0.0000643
3650.0000000 0.0000643
3700.0000000 0.0000642
3750.0000000 0.0000642
3800.0000000 0.0000642
3850.0000000 0.0000641
3900.0000000 0.0000641
3950.0000000 0.0000641
4000.0000000 0.0000641
4050.0000000 0.0000640
4100.0000000 0.0000640
4150.0000000 0.0000640
4200.0000000 0.0000639
4250.0000000 0.0000639
4300.0000000 0.0000639
4350.0000000 0.0000638
4400.0000000 0.0000638
4450.0000000 0.0000638
4500.0000000 0.0000637
4550.0000000 0.0000637
4600.0000000 0.0000637
4650.0000000 0.0000636
4700.0000000 0.0000636
4750.0000000 0.0000636
4800.0000000 0.0000635
4850.0000000 0.0000635
4900.0000000 0.0000635
4950.0000000 0.0000635
5000.0000000 0.0000634
5050.0000000 0.0000634
5100.0000000 0.0000634
5150.0000000 0.0000634
5200.0000000 0.0000633
5250.0000000 0.0000633
5300.0000000 0.0000633
5350.0000000 0.0000633
5400.0000000 0.0000632
5450.0000000 0.0000632
5500.0000000 0.0000632
5550.0000000 0.0000632
5600.0000000 0.0000632
5650.0000000 0.0000631
5700.0000000 0.0000631
5750.0000000 0.0000631
5800.0000000 0.0000631
5850.0000000 0.0000630
5900.0000000 0.0000630
5950.0000000 0.0000630
6000.0000000 0.0000630
-1 -1
0.000000 1704.041512
-1 -1
0.000000 1.871582
-1 -1
0.000000 0.400951
1074.098000 0.400951
1104.098000 10.000000
-1 -1
27000.000000
0.000000 1543.833731
5.000000 1543.872873
10.000000 1543.944937
15.000000 1544.025686
20.000000 1544.103655
25.000000 1544.185426
30.000000 1544.270594
35.000000 1544.356880
40.000000 1544.437067
45.000000 1544.473440
50.000000 1544.448571
55.000000 1544.274100
60.000000 1543.997089
65.000000 1543.648371
70.000000 1543.269026
75.000000 1542.858176
80.000000 1542.434261
85.000000 1542.099543
90.000000 1541.871411
95.000000 1541.701740
100.000000 1541.500225
105.000000 1541.268966
110.000000 1540.949738
115.000000 1540.204127
120.000000 1539.177560
125.000000 1538.011357
130.000000 1536.799290
135.000000 1535.552145
140.000000 1534.298353
145.000000 1533.382247
150.000000 1532.659837
155.000000 1531.955529
160.000000 1531.116339
165.000000 1529.899942
170.000000 1528.591058
175.000000 1527.159959
180.000000 1525.766427
185.000000 1524.361421
190.000000 1522.723677
195.000000 1521.301899
200.000000 1519.732978
220.000000 1512.614779
240.000000 1506.888606
260.000000 1502.369708
280.000000 1498.602922
300.000000 1496.205597
320.000000 1494.109962
340.000000 1492.445500
360.000000 1491.914703
380.000000 1491.096812
400.000000 1490.192319
420.000000 1489.510025
440.000000 1488.452518
460.000000 1487.594505
480.000000 1487.046802
500.000000 1486.531844
550.000000 1486.066116
600.000000 1485.485604
650.000000 1485.206359
700.000000 1485.245078
750.000000 1484.932701
800.000000 1484.850314
850.000000 1485.003163
900.000000 1484.977930
950.000000 1484.836566
1000.000000 1484.643374
1050.000000 1484.595233
1100.000000 1484.909811
1150.000000 1485.061266
1200.000000 1484.657287
1250.000000 1484.733829
1300.000000 1485.102600
1350.000000 1485.298200
1400.000000 1485.692700
1450.000000 1486.136000
1500.000000 1486.524700
1550.000000 1486.944400
1600.000000 1487.552600
1650.000000 1488.022300
1700.000000 1488.490800
1750.000000 1488.973400
1800.000000 1489.484500
1850.000000 1489.967300
1900.000000 1490.368300
1950.000000 1491.072900
2000.000000 1491.671700
2050.000000 1492.158100
2100.000000 1492.745300
2150.000000 1493.480100
2200.000000 1494.120200
2250.000000 1494.826500
2300.000000 1495.507000
2350.000000 1496.177000
2400.000000 1496.959100
2450.000000 1497.672900
2500.000000 1498.397900
2550.000000 1499.119400
2600.000000 1499.872000
2650.000000 1500.608300
2700.000000 1501.433000
2750.000000 1502.271700
2800.000000 1503.060200
2850.000000 1503.881600
2900.000000 1504.706400
2950.000000 1505.487700
3000.000000 1506.303900
3050.000000 1507.120600
3100.000000 1507.921700
3150.000000 1508.768800
3200.000000 1509.596800
3250.000000 1510.451700
3300.000000 1511.326000
3350.000000 1512.158300
3400.000000 1513.012600
3450.000000 1513.846900
3500.000000 1514.700900
3550.000000 1515.556200
3600.000000 1516.406700
3650.000000 1517.255100
3700.000000 1518.137000
3750.000000 1519.006100
3800.000000 1519.878300
3850.000000 1520.746600
3900.000000 1521.632900
3950.000000 1522.488000
4000.000000 1523.337200
4050.000000 1524.228100
4100.000000 1525.115900
4150.000000 1526.008600
4200.000000 1526.898400
4250.000000 1527.792600
4300.000000 1528.699700
4350.000000 1529.601900
4400.000000 1530.516800
4450.000000 1531.427500
4500.000000 1532.342900
4550.000000 1533.259900
4600.000000 1534.151500
4650.000000 1535.116300
4700.000000 1536.037900
4750.000000 1536.959600
4800.000000 1537.881200
4850.000000 1538.802800
4900.000000 1539.724400
4950.000000 1540.646000
5000.000000 1541.567600
5050.000000 1542.489300
5100.000000 1543.410900
5150.000000 1544.332500
5200.000000 1545.254100
5250.000000 1546.175700
5300.000000 1547.097400
5350.000000 1548.019000
5400.000000 1548.940600
5450.000000 1549.862200
5500.000000 1550.783800
5550.000000 1551.705400
5600.000000 1552.627100
5650.000000 1553.548700
5700.000000 1554.470300
5750.000000 1555.391900
5800.000000 1556.313500
5850.000000 1557.235100
5900.000000 1558.156800
5950.000000 1559.078400
6000.000000 1560.000000
-1 -1
0.0000000 0.0000401
5.0000000 0.0000401
10.0000000 0.0000401
15.0000000 0.0000401
20.0000000 0.0000401
25.0000000 0.0000401
30.0000000 0.0000401
35.0000000 0.0000401
40.0000000 0.0000401
45.0000000 0.0000402
50.0000000 0.0000403
55.0000000 0.0000406
60.0000000 0.0000413
65.0000000 0.0000418
70.0000000 0.0000419
75.0000000 0.0000421
80.0000000 0.0000424
85.0000000 0.0000426
90.0000000 0.0000431
95.0000000 0.0000433
100.0000000 0.0000436
105.0000000 0.0000439
110.0000000 0.0000442
115.0000000 0.0000444
120.0000000 0.0000447
125.0000000 0.0000451
130.0000000 0.0000456
135.0000000 0.0000461
140.0000000 0.0000463
145.0000000 0.0000469
150.0000000 0.0000481
155.0000000 0.0000490
160.0000000 0.0000494
165.0000000 0.0000496
170.0000000 0.0000498
175.0000000 0.0000506
180.0000000 0.0000514
185.0000000 0.0000517
190.0000000 0.0000524
195.0000000 0.0000538
200.0000000 0.0000554
220.0000000 0.0000581
240.0000000 0.0000599
260.0000000 0.0000619
280.0000000 0.0000621
300.0000000 0.0000620
320.0000000 0.0000615
340.0000000 0.0000612
360.0000000 0.0000603
380.0000000 0.0000594
400.0000000 0.0000587
420.0000000 0.0000576
440.0000000 0.0000569
460.0000000 0.0000561
480.0000000 0.0000554
500.0000000 0.0000549
550.0000000 0.0000529
600.0000000 0.0000507
650.0000000 0.0000485
700.0000000 0.0000464
750.0000000 0.0000445
800.0000000 0.0000425
850.0000000 0.0000408
900.0000000 0.0000392
950.0000000 0.0000376
1000.0000000 0.0000360
1050.0000000 0.0000368
1100.0000000 0.0000377
1150.0000000 0.0000385
1200.0000000 0.0000394
1250.0000000 0.0000403
1300.0000000 0.0000411
1350.0000000 0.0000420
1400.0000000 0.0000429
1450.0000000 0.0000438
1500.0000000 0.0000447
1550.0000000 0.0000456
1600.0000000 0.0000465
1650.0000000 0.0000475
1700.0000000 0.0000485
1750.0000000 0.0000495
1800.0000000 0.0000505
1850.0000000 0.0000516
1900.0000000 0.0000527
1950.0000000 0.0000538
2000.0000000 0.0000549
2050.0000000 0.0000553
2100.0000000 0.0000556
2150.0000000 0.0000559
2200.0000000 0.0000562
2250.0000000 0.0000565
2300.0000000 0.0000568
2350.0000000 0.0000571
2400.0000000 0.0000574
2450.0000000 0.0000577
2500.0000000 0.0000581
2550.0000000 0.0000584
2600.0000000 0.0000587
2650.0000000 0.0000590
2700.0000000 0.0000593
2750.0000000 0.0000596
2800.0000000 0.0000599
2850.0000000 0.0000602
2900.0000000 0.0000605
2950.0000000 0.0000608
3000.0000000 0.0000611
3050.0000000 0.0000614
3100.0000000 0.0000618
3150.0000000 0.0000621
3200.0000000 0.0000624
3250.0000000 0.0000627
3300.0000000 0.0000630
3350.0000000 0.0000634
3400.0000000 0.0000637
3450.0000000 0.0000640
3500.0000000 0.0000643
3550.0000000 0.0000643
3600.0000000 0.0000643
3650.0000000 0.0000643
3700.0000000 0.0000642
3750.0000000 0.0000642
3800.0000000 0.0000642
3850.0000000 0.0000641
3900.0000000 0.0000641
3950.0000000 0.0000641
4000.0000000 0.0000641
4050.0000000 0.0000640
4100.0000000 0.0000640
4150.0000000 0.0000640
4200.0000000 0.0000639
4250.0000000 0.0000639
4300.0000000 0.0000639
4350.0000000 0.0000638
4400.0000000 0.0000638
4450.0000000 0.0000638
4500.0000000 0.0000637
4550.0000000 0.0000637
4600.0000000 0.0000637
4650.0000000 0.0000636
4700.0000000 0.0000636
4750.0000000 0.0000636
4800.0000000 0.0000635
4850.0000000 0.0000635
4900.0000000 0.0000635
4950.0000000 0.0000635
5000.0000000 0.0000634
5050.0000000 0.0000634
5100.0000000 0.0000634
5150.0000000 0.0000634
5200.0000000 0.0000633
5250.0000000 0.0000633
5300.0000000 0.0000633
5350.0000000 0.0000633
5400.0000000 0.0000632
5450.0000000 0.0000632
5500.0000000 0.0000632
5550.0000000 0.0000632
5600.0000000 0.0000632
5650.0000000 0.0000631
5700.0000000 0.0000631
5750.0000000 0.0000631
5800.0000000 0.0000631
5850.0000000 0.0000630
5900.0000000 0.0000630
5950.0000000 0.0000630
6000.0000000 0.0000630
-1 -1
0.000000 1704.859059
-1 -1
0.000000 1.871582
-1 -1
0.000000 0.401143
1074.098000 0.401143
1104.098000 10.000000
-1 -1
28000.000000
0.000000 1543.890063
5.000000 1543.895564
10.000000 1543.956253
15.000000 1544.032948
20.000000 1544.102943
25.000000 1544.184238
30.000000 1544.269436
35.000000 1544.355834
40.000000 1544.435831
45.000000 1544.470027
50.000000 1544.441032
55.000000 1544.257169
60.000000 1543.969798
65.000000 1543.614019
70.000000 1543.231714
75.000000 1542.820093
80.000000 1542.397152
85.000000 1542.068662
90.000000 1541.851733
95.000000 1541.694473
100.000000 1541.504319
105.000000 1541.282869
110.000000 1540.975045
115.000000 1540.224064
120.000000 1539.188067
125.000000 1538.006939
130.000000 1536.772910
135.000000 1535.513050
140.000000 1534.249676
145.000000 1533.338669
150.000000 1532.622754
155.000000 1531.925157
160.000000 1531.103407
165.000000 1529.902081
170.000000 1528.602085
175.000000 1527.181453
180.000000 1525.807327
185.000000 1524.423214
190.000000 1522.793057
195.000000 1521.382793
200.000000 1519.819363
220.000000 1512.697135
240.000000 1506.960066
260.000000 1502.424969
280.000000 1498.597924
300.000000 1496.218556
320.000000 1494.112128
340.000000 1492.434225
360.000000 1491.921714
380.000000 1491.101474
400.000000 1490.195855
420.000000 1489.509625
440.000000 1488.431956
460.000000 1487.571145
480.000000 1487.038845
500.000000 1486.543723
550.000000 1486.095757
600.000000 1485.505802
650.000000 1485.213630
700.000000 1485.271277
750.000000 1484.951019
800.000000 1484.855338
850.000000 1485.009829
900.000000 1484.986862
950.000000 1484.849771
1000.000000 1484.654592
1050.000000 1484.600065
1100.000000 1484.928678
1150.000000 1485.075740
1200.000000 1484.659309
1250.000000 1484.733500
1300.000000 1485.102600
1350.000000 1485.298200
1400.000000 1485.692700
1450.000000 1486.136000
1500.000000 1486.524700
1550.000000 1486.944400
1600.000000 1487.552600
1650.000000 1488.022300
1700.000000 1488.490800
1750.000000 1488.973400
1800.000000 1489.484500
1850.000000 1489.967300
1900.000000 1490.368300
1950.000000 1491.072900
2000.000000 1491.671700
2050.000000 1492.158100
2100.000000 1492.745300
2150.000000 1493.480100
2200.000000 1494.120200
2250.000000 1494.826500
2300.000000 1495.507000
2350.000000 1496.177000
2400.000000 1496.959100
2450.000000 1497.672900
2500.000000 1498.397900
2550.000000 1499.119400
2600.000000 1499.872000
2650.000000 1500.608300
2700.000000 1501.433000
2750.000000 1502.271700
2800.000000 1503.060200
2850.000000 1503.881600
2900.000000 1504.706400
2950.000000 1505.487700
3000.000000 1506.303900
3050.000000 1507.120600
3100.000000 1507.921700
3150.000000 1508.768800
3200.000000 1509.596800
3250.000000 1510.451700
3300.000000 1511.326000
3350.000000 1512.158300
3400.000000 1513.012600
3450.000000 1513.846900
3500.000000 1514.700900
3550.000000 1515.556200
3600.000000 1516.406700
3650.000000 1517.255100
3700.000000 1518.137000
3750.000000 1519.006100
3800.000000 1519.878300
3850.000000 1520.746600
3900.000000 1521.632900
3950.000000 1522.488000
4000.000000 1523.337200
4050.000000 1524.228100
4100.000000 1525.115900
4150.000000 1526.008600
4200.000000 1526.898400
4250.000000 1527.792600
4300.000000 1528.699700
4350.000000 1529.601900
4400.000000 1530.516800
4450.000000 1531.427500
4500.000000 1532.342900
4550.000000 1533.259900
4600.000000 1534.151500
4650.000000 1535.116300
4700.000000 1536.037900
4750.000000 1536.959600
4800.000000 1537.881200
4850.000000 1538.802800
4900.000000 1539.724400
4950.000000 1540.646000
5000.000000 1541.567600
5050.000000 1542.489300
5100.000000 1543.410900
5150.000000 1544.332500
5200.000000 1545.254100
5250.000000 1546.175700
5300.000000 1547.097400
5350.000000 1548.019000
5400.000000 1548.940600
5450.000000 1549.862200
5500.000000 1550.783800
5550.000000 1551.705400
5600.000000 1552.627100
5650.000000 1553.548700
5700.000000 1554.470300
5750.000000 1555.391900
5800.000000 1556.313500
5850.000000 1557.235100
5900.000000 1558.156800
5950.000000 1559.078400
6000.000000 1560.000000
-1 -1
0.0000000 0.0000401
5.0000000 0.0000401
10.0000000 0.0000401
15.0000000 0.0000401
20.0000000 0.0000401
25.0000000 0.0000401
30.0000000 0.0000401
35.0000000 0.0000401
40.0000000 0.0000401
45.0000000 0.0000402
50.0000000 0.0000403
55.0000000 0.0000406
60.0000000 0.0000413
65.0000000 0.0000418
70.0000000 0.0000419
75.0000000 0.0000421
80.0000000 0.0000424
85.0000000 0.0000426
90.0000000 0.0000431
95.0000000 0.0000433
100.0000000 0.0000436
105.0000000 0.0000439
110.0000000 0.0000442
115.0000000 0.0000444
120.0000000 0.0000447
125.0000000 0.0000451
130.0000000 0.0000456
135.0000000 0.0000461
140.0000000 0.0000463
145.0000000 0.0000469
150.0000000 0.0000481
155.0000000 0.0000490
160.0000000 0.0000494
165.0000000 0.0000496
170.0000000 0.0000498
175.0000000 0.0000506
180.0000000 0.0000514
185.0000000 0.0000517
190.0000000 0.0000524
195.0000000 0.0000538
200.0000000 0.0000554
220.0000000 0.0000581
240.0000000 0.0000599
260.0000000 0.0000619
280.0000000 0.0000621
300.0000000 0.0000620
320.0000000 0.0000615
340.0000000 0.0000612
360.0000000 0.0000603
380.0000000 0.0000594
400.0000000 0.0000587
420.0000000 0.0000576
440.0000000 0.0000569
460.0000000 0.0000561
480.0000000 0.0000554
500.0000000 0.0000549
550.0000000 0.0000529
600.0000000 0.0000507
650.0000000 0.0000485
700.0000000 0.0000464
750.0000000 0.0000445
800.0000000 0.0000425
850.0000000 0.0000408
900.0000000 0.0000392
950.0000000 0.0000376
1000.0000000 0.0000360
1050.0000000 0.0000368
1100.0000000 0.0000377
1150.0000000 0.0000385
1200.0000000 0.0000394
1250.0000000 0.0000403
1300.0000000 0.0000411
1350.0000000 0.0000420
1400.0000000 0.0000429
1450.0000000 0.0000438
1500.0000000 0.0000447
1550.0000000 0.0000456
1600.0000000 0.0000465
1650.0000000 0.0000475
1700.0000000 0.0000485
1750.0000000 0.0000495
1800.0000000 0.0000505
1850.0000000 0.0000516
1900.0000000 0.0000527
1950.0000000 0.0000538
2000.0000000 0.0000549
2050.0000000 0.0000553
2100.0000000 0.0000556
2150.0000000 0.0000559
2200.0000000 0.0000562
2250.0000000 0.0000565
2300.0000000 0.0000568
2350.0000000 0.0000571
2400.0000000 0.0000574
2450.0000000 0.0000577
2500.0000000 0.0000581
2550.0000000 0.0000584
2600.0000000 0.0000587
2650.0000000 0.0000590
2700.0000000 0.0000593
2750.0000000 0.0000596
2800.0000000 0.0000599
2850.0000000 0.0000602
2900.0000000 0.0000605
2950.0000000 0.0000608
3000.0000000 0.0000611
3050.0000000 0.0000614
3100.0000000 0.0000618
3150.0000000 0.0000621
3200.0000000 0.0000624
3250.0000000 0.0000627
3300.0000000 0.0000630
3350.0000000 0.0000634
3400.0000000 0.0000637
3450.0000000 0.0000640
3500.0000000 0.0000643
3550.0000000 0.0000643
3600.0000000 0.0000643
3650.0000000 0.0000643
3700.0000000 0.0000642
3750.0000000 0.0000642
3800.0000000 0.0000642
3850.0000000 0.0000641
3900.0000000 0.0000641
3950.0000000 0.0000641
4000.0000000 0.0000641
4050.0000000 0.0000640
4100.0000000 0.0000640
4150.0000000 0.0000640
4200.0000000 0.0000639
4250.0000000 0.0000639
4300.0000000 0.0000639
4350.0000000 0.0000638
4400.0000000 0.0000638
4450.0000000 0.0000638
4500.0000000 0.0000637
4550.0000000 0.0000637
4600.0000000 0.0000637
4650.0000000 0.0000636
4700.0000000 0.0000636
4750.0000000 0.0000636
4800.0000000 0.0000635
4850.0000000 0.0000635
4900.0000000 0.0000635
4950.0000000 0.0000635
5000.0000000 0.0000634
5050.0000000 0.0000634
5100.0000000 0.0000634
5150.0000000 0.0000634
5200.0000000 0.0000633
5250.0000000 0.0000633
5300.0000000 0.0000633
5350.0000000 0.0000633
5400.0000000 0.0000632
5450.0000000 0.0000632
5500.0000000 0.0000632
5550.0000000 0.0000632
5600.0000000 0.0000632
5650.0000000 0.0000631
5700.0000000 0.0000631
5750.0000000 0.0000631
5800.0000000 0.0000631
5850.0000000 0.0000630
5900.0000000 0.0000630
5950.0000000 0.0000630
6000.0000000 0.0000630
-1 -1
0.000000 1706.083023
-1 -1
0.000000 1.871582
-1 -1
0.000000 0.401431
1074.098000 0.401431
1104.098000 10.000000
-1 -1
29000.000000
0.000000 1543.899945
5.000000 1543.905490
10.000000 1543.964604
15.000000 1544.040439
20.000000 1544.109703
25.000000 1544.190247
30.000000 1544.275014
35.000000 1544.361175
40.000000 1544.440743
45.000000 1544.474172
50.000000 1544.446003
55.000000 1544.267881
60.000000 1543.985180
65.000000 1543.632538
70.000000 1543.249517
75.000000 1542.834679
80.000000 1542.405201
85.000000 1542.062768
90.000000 1541.825659
95.000000 1541.643372
100.000000 1541.429150
105.000000 1541.184210
110.000000 1540.857112
115.000000 1540.109115
120.000000 1539.089152
125.000000 1537.934928
130.000000 1536.727630
135.000000 1535.489639
140.000000 1534.245896
145.000000 1533.333886
150.000000 1532.599911
155.000000 1531.871506
160.000000 1531.026326
165.000000 1529.821048
170.000000 1528.521575
175.000000 1527.111576
180.000000 1525.749107
185.000000 1524.378507
190.000000 1522.770778
195.000000 1521.366137
200.000000 1519.813557
220.000000 1512.749511
240.000000 1507.064145
260.000000 1502.498176
280.000000 1498.679818
300.000000 1496.289831
320.000000 1494.194659
340.000000 1492.547539
360.000000 1491.986457
380.000000 1491.128635
400.000000 1490.204492
420.000000 1489.497974
440.000000 1488.440707
460.000000 1487.593855
480.000000 1487.061574
500.000000 1486.578518
550.000000 1486.135938
600.000000 1485.552935
650.000000 1485.234017
700.000000 1485.267725
750.000000 1484.953934
800.000000 1484.876851
850.000000 1485.029974
900.000000 1484.996522
950.000000 1484.860913
1000.000000 1484.668956
1050.000000 1484.610169
1100.000000 1484.925189
1150.000000 1485.066367
1200.000000 1484.660687
1250.000000 1484.733500
1300.000000 1485.102600
1350.000000 1485.298200
1400.000000 1485.692700
1450.000000 1486.136000
1500.000000 1486.524700
1550.000000 1486.944400
1600.000000 1487.552600
1650.000000 1488.022300
1700.000000 1488.490800
1750.000000 1488.973400
1800.000000 1489.484500
1850.000000 1489.967300
1900.000000 1490.368300
1950.000000 1491.072900
2000.000000 1491.671700
2050.000000 1492.158100
2100.000000 1492.745300
2150.000000 1493.480100
2200.000000 1494.120200
2250.000000 1494.826500
2300.000000 1495.507000
2350.000000 1496.177000
2400.000000 1496.959100
2450.000000 1497.672900
2500.000000 1498.397900
2550.000000 1499.119400
2600.000000 1499.872000
2650.000000 1500.608300
2700.000000 1501.433000
2750.000000 1502.271700
2800.000000 1503.060200
2850.000000 1503.881600
2900.000000 1504.706400
2950.000000 1505.487700
3000.000000 1506.303900
3050.000000 1507.120600
3100.000000 1507.921700
3150.000000 1508.768800
3200.000000 1509.596800
3250.000000 1510.451700
3300.000000 1511.326000
3350.000000 1512.158300
3400.000000 1513.012600
3450.000000 1513.846900
3500.000000 1514.700900
3550.000000 1515.556200
3600.000000 1516.406700
3650.000000 1517.255100
3700.000000 1518.137000
3750.000000 1519.006100
3800.000000 1519.878300
3850.000000 1520.746600
3900.000000 1521.632900
3950.000000 1522.488000
4000.000000 1523.337200
4050.000000 1524.228100
4100.000000 1525.115900
4150.000000 1526.008600
4200.000000 1526.898400
4250.000000 1527.792600
4300.000000 1528.699700
4350.000000 1529.601900
4400.000000 1530.516800
4450.000000 1531.427500
4500.000000 1532.342900
4550.000000 1533.259900
4600.000000 1534.151500
4650.000000 1535.116300
4700.000000 1536.037900
4750.000000 1536.959600
4800.000000 1537.881200
4850.000000 1538.802800
4900.000000 1539.724400
4950.000000 1540.646000
5000.000000 1541.567600
5050.000000 1542.489300
5100.000000 1543.410900
5150.000000 1544.332500
5200.000000 1545.254100
5250.000000 1546.175700
5300.000000 1547.097400
5350.000000 1548.019000
5400.000000 1548.940600
5450.000000 1549.862200
5500.000000 1550.783800
5550.000000 1551.705400
5600.000000 1552.627100
5650.000000 1553.548700
5700.000000 1554.470300
5750.000000 1555.391900
5800.000000 1556.313500
5850.000000 1557.235100
5900.000000 1558.156800
5950.000000 1559.078400
6000.000000 1560.000000
-1 -1
0.0000000 0.0000401
5.0000000 0.0000401
10.0000000 0.0000401
15.0000000 0.0000401
20.0000000 0.0000401
25.0000000 0.0000401
30.0000000 0.0000401
35.0000000 0.0000401
40.0000000 0.0000401
45.0000000 0.0000402
50.0000000 0.0000403
55.0000000 0.0000406
60.0000000 0.0000413
65.0000000 0.0000418
70.0000000 0.0000419
75.0000000 0.0000421
80.0000000 0.0000424
85.0000000 0.0000426
90.0000000 0.0000431
95.0000000 0.0000433
100.0000000 0.0000436
105.0000000 0.0000439
110.0000000 0.0000442
115.0000000 0.0000444
120.0000000 0.0000447
125.0000000 0.0000451
130.0000000 0.0000456
135.0000000 0.0000461
140.0000000 0.0000463
145.0000000 0.0000469
150.0000000 0.0000481
155.0000000 0.0000490
160.0000000 0.0000494
165.0000000 0.0000496
170.0000000 0.0000498
175.0000000 0.0000506
180.0000000 0.0000514
185.0000000 0.0000517
190.0000000 0.0000524
195.0000000 0.0000538
200.0000000 0.0000554
220.0000000 0.0000581
240.0000000 0.0000599
260.0000000 0.0000619
280.0000000 0.0000621
300.0000000 0.0000620
320.0000000 0.0000615
340.0000000 0.0000612
360.0000000 0.0000603
380.0000000 0.0000594
400.0000000 0.0000587
420.0000000 0.0000576
440.0000000 0.0000569
460.0000000 0.0000561
480.0000000 0.0000554
500.0000000 0.0000549
550.0000000 0.0000529
600.0000000 0.0000507
650.0000000 0.0000485
700.0000000 0.0000464
750.0000000 0.0000445
800.0000000 0.0000425
850.0000000 0.0000408
900.0000000 0.0000392
950.0000000 0.0000376
1000.0000000 0.0000360
1050.0000000 0.0000368
1100.0000000 0.0000377
1150.0000000 0.0000385
1200.0000000 0.0000394
1250.0000000 0.0000403
1300.0000000 0.0000411
1350.0000000 0.0000420
1400.0000000 0.0000429
1450.0000000 0.0000438
1500.0000000 0.0000447
1550.0000000 0.0000456
1600.0000000 0.0000465
1650.0000000 0.0000475
1700.0000000 0.0000485
1750.0000000 0.0000495
1800.0000000 0.0000505
1850.0000000 0.0000516
1900.0000000 0.0000527
1950.0000000 0.0000538
2000.0000000 0.0000549
2050.0000000 0.0000553
2100.0000000 0.0000556
2150.0000000 0.0000559
2200.0000000 0.0000562
2250.0000000 0.0000565
2300.0000000 0.0000568
2350.0000000 0.0000571
2400.0000000 0.0000574
2450.0000000 0.0000577
2500.0000000 0.0000581
2550.0000000 0.0000584
2600.0000000 0.0000587
2650.0000000 0.0000590
2700.0000000 0.0000593
2750.0000000 0.0000596
2800.0000000 0.0000599
2850.0000000 0.0000602
2900.0000000 0.0000605
2950.0000000 0.0000608
3000.0000000 0.0000611
3050.0000000 0.0000614
3100.0000000 0.0000618
3150.0000000 0.0000621
3200.0000000 0.0000624
3250.0000000 0.0000627
3300.0000000 0.0000630
3350.0000000 0.0000634
3400.0000000 0.0000637
3450.0000000 0.0000640
3500.0000000 0.0000643
3550.0000000 0.0000643
3600.0000000 0.0000643
3650.0000000 0.0000643
3700.0000000 0.0000642
3750.0000000 0.0000642
3800.0000000 0.0000642
3850.0000000 0.0000641
3900.0000000 0.0000641
3950.0000000 0.0000641
4000.0000000 0.0000641
4050.0000000 0.0000640
4100.0000000 0.0000640
4150.0000000 0.0000640
4200.0000000 0.0000639
4250.0000000 0.0000639
4300.0000000 0.0000639
4350.0000000 0.0000638
4400.0000000 0.0000638
4450.0000000 0.0000638
4500.0000000 0.0000637
4550.0000000 0.0000637
4600.0000000 0.0000637
4650.0000000 0.0000636
4700.0000000 0.0000636
4750.0000000 0.0000636
4800.0000000 0.0000635
4850.0000000 0.0000635
4900.0000000 0.0000635
4950.0000000 0.0000635
5000.0000000 0.0000634
5050.0000000 0.0000634
5100.0000000 0.0000634
5150.0000000 0.0000634
5200.0000000 0.0000633
5250.0000000 0.0000633
5300.0000000 0.0000633
5350.0000000 0.0000633
5400.0000000 0.0000632
5450.0000000 0.0000632
5500.0000000 0.0000632
5550.0000000 0.0000632
5600.0000000 0.0000632
5650.0000000 0.0000631
5700.0000000 0.0000631
5750.0000000 0.0000631
5800.0000000 0.0000631
5850.0000000 0.0000630
5900.0000000 0.0000630
5950.0000000 0.0000630
6000.0000000 0.0000630
-1 -1
0.000000 1706.145142
-1 -1
0.000000 1.871582
-1 -1
0.000000 0.401446
1074.098000 0.401446
1104.098000 10.000000
-1 -1
30000.000000
0.000000 1543.909828
5.000000 1543.915417
10.000000 1543.972954
15.000000 1544.047929
20.000000 1544.116462
25.000000 1544.196255
30.000000 1544.280593
35.000000 1544.366517
40.000000 1544.445654
45.000000 1544.478318
50.000000 1544.450973
55.000000 1544.278593
60.000000 1544.000562
65.000000 1543.651057
70.000000 1543.267319
75.000000 1542.849265
80.000000 1542.413250
85.000000 1542.056873
90.000000 1541.799585
95.000000 1541.592272
100.000000 1541.353982
105.000000 1541.085552
110.000000 1540.739178
115.000000 1539.994166
120.000000 1538.990236
125.000000 1537.862917
130.000000 1536.682350
135.000000 1535.466229
140.000000 1534.242116
145.000000 1533.329103
150.000000 1532.577069
155.000000 1531.817856
160.000000 1530.949245
165.000000 1529.740014
170.000000 1528.441065
175.000000 1527.041699
180.000000 1525.690886
185.000000 1524.333800
190.000000 1522.748499
195.000000 1521.349481
200.000000 1519.807751
220.000000 1512.801886
240.000000 1507.168224
260.000000 1502.571383
280.000000 1498.761711
300.000000 1496.361106
320.000000 1494.277190
340.000000 1492.660853
360.000000 1492.051200
380.000000 1491.155796
400.000000 1490.213129
420.000000 1489.486323
440.000000 1488.449457
460.000000 1487.616564
480.000000 1487.084303
500.000000 1486.613313
550.000000 1486.176119
600.000000 1485.600068
650.000000 1485.254404
700.000000 1485.264172
750.000000 1484.956849
800.000000 1484.898365
850.000000 1485.050118
900.000000 1485.006181
950.000000 1484.872056
1000.000000 1484.683319
1050.000000 1484.620274
1100.000000 1484.921701
1150.000000 1485.056994
1200.000000 1484.662066
1250.000000 1484.733500
1300.000000 1485.102600
1350.000000 1485.298200
1400.000000 1485.692700
1450.000000 1486.136000
1500.000000 1486.524700
1550.000000 1486.944400
1600.000000 1487.552600
1650.000000 1488.022300
1700.000000 1488.490800
1750.000000 1488.973400
1800.000000 1489.484500
1850.000000 1489.967300
1900.000000 1490.368300
1950.000000 1491.072900
2000.000000 1491.671700
2050.000000 1492.158100
2100.000000 1492.745300
2150.000000 1493.480100
2200.000000 1494.120200
2250.000000 1494.826500
2300.000000 1495.507000
2350.000000 1496.177000
2400.000000 1496.959100
2450.000000 1497.672900
2500.000000 1498.397900
2550.000000 1499.119400
2600.000000 1499.872000
2650.000000 1500.608300
2700.000000 1501.433000
2750.000000 1502.271700
2800.000000 1503.060200
2850.000000 1503.881600
2900.000000 1504.706400
2950.000000 1505.487700
3000.000000 1506.303900
3050.000000 1507.120600
3100.000000 1507.921700
3150.000000 1508.768800
3200.000000 1509.596800
3250.000000 1510.451700
3300.000000 1511.326000
3350.000000 1512.158300
3400.000000 1513.012600
3450.000000 1513.846900
3500.000000 1514.700900
3550.000000 1515.556200
3600.000000 1516.406700
3650.000000 1517.255100
3700.000000 1518.137000
3750.000000 1519.006100
3800.000000 1519.878300
3850.000000 1520.746600
3900.000000 1521.632900
3950.000000 1522.488000
4000.000000 1523.337200
4050.000000 1524.228100
4100.000000 1525.115900
4150.000000 1526.008600
4200.000000 1526.898400
4250.000000 1527.792600
4300.000000 1528.699700
4350.000000 1529.601900
4400.000000 1530.516800
4450.000000 1531.427500
4500.000000 1532.342900
4550.000000 1533.259900
4600.000000 1534.151500
4650.000000 1535.116300
4700.000000 1536.037900
4750.000000 1536.959600
4800.000000 1537.881200
4850.000000 1538.802800
4900.000000 1539.724400
4950.000000 1540.646000
5000.000000 1541.567600
5050.000000 1542.489300
5100.000000 1543.410900
5150.000000 1544.332500
5200.000000 1545.254100
5250.000000 1546.175700
5300.000000 1547.097400
5350.000000 1548.019000
5400.000000 1548.940600
5450.000000 1549.862200
5500.000000 1550.783800
5550.000000 1551.705400
5600.000000 1552.627100
5650.000000 1553.548700
5700.000000 1554.470300
5750.000000 1555.391900
5800.000000 1556.313500
5850.000000 1557.235100
5900.000000 1558.156800
5950.000000 1559.078400
6000.000000 1560.000000
-1 -1
0.0000000 0.0000401
5.0000000 0.0000401
10.0000000 0.0000401
15.0000000 0.0000401
20.0000000 0.0000401
25.0000000 0.0000401
30.0000000 0.0000401
35.0000000 0.0000401
40.0000000 0.0000401
45.0000000 0.0000402
50.0000000 0.0000403
55.0000000 0.0000406
60.0000000 0.0000413
65.0000000 0.0000418
70.0000000 0.0000419
75.0000000 0.0000421
80.0000000 0.0000424
85.0000000 0.0000426
90.0000000 0.0000431
95.0000000 0.0000433
100.0000000 0.0000436
105.0000000 0.0000439
110.0000000 0.0000442
115.0000000 0.0000444
120.0000000 0.0000447
125.0000000 0.0000451
130.0000000 0.0000456
135.0000000 0.0000461
140.0000000 0.0000463
145.0000000 0.0000469
150.0000000 0.0000481
155.0000000 0.0000490
160.0000000 0.0000494
165.0000000 0.0000496
170.0000000 0.0000498
175.0000000 0.0000506
180.0000000 0.0000514
185.0000000 0.0000517
190.0000000 0.0000524
195.0000000 0.0000538
200.0000000 0.0000554
220.0000000 0.0000581
240.0000000 0.0000599
260.0000000 0.0000619
280.0000000 0.0000621
300.0000000 0.0000620
320.0000000 0.0000615
340.0000000 0.0000612
360.0000000 0.0000603
380.0000000 0.0000594
400.0000000 0.0000587
420.0000000 0.0000576
440.0000000 0.0000569
460.0000000 0.0000561
480.0000000 0.0000554
500.0000000 0.0000549
550.0000000 0.0000529
600.0000000 0.0000507
650.0000000 0.0000485
700.0000000 0.0000464
750.0000000 0.0000445
800.0000000 0.0000425
850.0000000 0.0000408
900.0000000 0.0000392
950.0000000 0.0000376
1000.0000000 0.0000360
1050.0000000 0.0000368
1100.0000000 0.0000377
1150.0000000 0.0000385
1200.0000000 0.0000394
1250.0000000 0.0000403
1300.0000000 0.0000411
1350.0000000 0.0000420
1400.0000000 0.0000429
1450.0000000 0.0000438
1500.0000000 0.0000447
1550.0000000 0.0000456
1600.0000000 0.0000465
1650.0000000 0.0000475
1700.0000000 0.0000485
1750.0000000 0.0000495
1800.0000000 0.0000505
1850.0000000 0.0000516
1900.0000000 0.0000527
1950.0000000 0.0000538
2000.0000000 0.0000549
2050.0000000 0.0000553
2100.0000000 0.0000556
2150.0000000 0.0000559
2200.0000000 0.0000562
2250.0000000 0.0000565
2300.0000000 0.0000568
2350.0000000 0.0000571
2400.0000000 0.0000574
2450.0000000 0.0000577
2500.0000000 0.0000581
2550.0000000 0.0000584
2600.0000000 0.0000587
2650.0000000 0.0000590
2700.0000000 0.0000593
2750.0000000 0.0000596
2800.0000000 0.0000599
2850.0000000 0.0000602
2900.0000000 0.0000605
2950.0000000 0.0000608
3000.0000000 0.0000611
3050.0000000 0.0000614
3100.0000000 0.0000618
3150.0000000 0.0000621
3200.0000000 0.0000624
3250.0000000 0.0000627
3300.0000000 0.0000630
3350.0000000 0.0000634
3400.0000000 0.0000637
3450.0000000 0.0000640
3500.0000000 0.0000643
3550.0000000 0.0000643
3600.0000000 0.0000643
3650.0000000 0.0000643
3700.0000000 0.0000642
3750.0000000 0.0000642
3800.0000000 0.0000642
3850.0000000 0.0000641
3900.0000000 0.0000641
3950.0000000 0.0000641
4000.0000000 0.0000641
4050.0000000 0.0000640
4100.0000000 0.0000640
4150.0000000 0.0000640
4200.0000000 0.0000639
4250.0000000 0.0000639
4300.0000000 0.0000639
4350.0000000 0.0000638
4400.0000000 0.0000638
4450.0000000 0.0000638
4500.0000000 0.0000637
4550.0000000 0.0000637
4600.0000000 0.0000637
4650.0000000 0.0000636
4700.0000000 0.0000636
4750.0000000 0.0000636
4800.0000000 0.0000635
4850.0000000 0.0000635
4900.0000000 0.0000635
4950.0000000 0.0000635
5000.0000000 0.0000634
5050.0000000 0.0000634
5100.0000000 0.0000634
5150.0000000 0.0000634
5200.0000000 0.0000633
5250.0000000 0.0000633
5300.0000000 0.0000633
5350.0000000 0.0000633
5400.0000000 0.0000632
5450.0000000 0.0000632
5500.0000000 0.0000632
5550.0000000 0.0000632
5600.0000000 0.0000632
5650.0000000 0.0000631
5700.0000000 0.0000631
5750.0000000 0.0000631
5800.0000000 0.0000631
5850.0000000 0.0000630
5900.0000000 0.0000630
5950.0000000 0.0000630
6000.0000000 0.0000630
-1 -1
0.000000 1706.342491
-1 -1
0.000000 1.871582
-1 -1
0.000000 0.401492
1074.098000 0.401492
1104.098000 10.000000
-1 -1
31000.000000
0.000000 1543.919710
5.000000 1543.925343
10.000000 1543.981305
15.000000 1544.055420
20.000000 1544.123221
25.000000 1544.202264
30.000000 1544.286171
35.000000 1544.371858
40.000000 1544.450566
45.000000 1544.482463
50.000000 1544.455944
55.000000 1544.289305
60.000000 1544.015943
65.000000 1543.669576
70.000000 1543.285122
75.000000 1542.863852
80.000000 1542.421299
85.000000 1542.050978
90.000000 1541.773511
95.000000 1541.541171
100.000000 1541.278813
105.000000 1540.986893
110.000000 1540.621244
115.000000 1539.879217
120.000000 1538.891321
125.000000 1537.790905
130.000000 1536.637070
135.000000 1535.442818
140.000000 1534.238336
145.000000 1533.324320
150.000000 1532.554226
155.000000 1531.764206
160.000000 1530.872164
165.000000 1529.658980
170.000000 1528.360555
175.000000 1526.971823
180.000000 1525.632665
185.000000 1524.289093
190.000000 1522.726219
195.000000 1521.332824
200.000000 1519.801946
220.000000 1512.854261
240.000000 1507.272303
260.000000 1502.644590
280.000000 1498.843604
300.000000 1496.432381
320.000000 1494.359721
340.000000 1492.774166
360.000000 1492.115943
380.000000 1491.182957
400.000000 1490.221766
420.000000 1489.474672
440.000000 1488.458208
460.000000 1487.639273
480.000000 1487.107032
500.000000 1486.648108
550.000000 1486.216300
600.000000 1485.647200
650.000000 1485.274791
700.000000 1485.260619
750.000000 1484.959764
800.000000 1484.919878
850.000000 1485.070263
900.000000 1485.015841
950.000000 1484.883198
1000.000000 1484.697683
1050.000000 1484.630378
1100.000000 1484.918212
1150.000000 1485.047620
1200.000000 1484.663445
1250.000000 1484.733500
1300.000000 1485.102600
1350.000000 1485.298200
1400.000000 1485.692700
1450.000000 1486.136000
1500.000000 1486.524700
1550.000000 1486.944400
1600.000000 1487.552600
1650.000000 1488.022300
1700.000000 1488.490800
1750.000000 1488.973400
1800.000000 1489.484500
1850.000000 1489.967300
1900.000000 1490.368300
1950.000000 1491.072900
2000.000000 1491.671700
2050.000000 1492.158100
2100.000000 1492.745300
2150.000000 1493.480100
2200.000000 1494.120200
2250.000000 1494.826500
2300.000000 1495.507000
2350.000000 1496.177000
2400.000000 1496.959100
2450.000000 1497.672900
2500.000000 1498.397900
2550.000000 1499.119400
2600.000000 1499.872000
2650.000000 1500.608300
2700.000000 1501.433000
2750.000000 1502.271700
2800.000000 1503.060200
2850.000000 1503.881600
2900.000000 1504.706400
2950.000000 1505.487700
3000.000000 1506.303900
3050.000000 1507.120600
3100.000000 1507.921700
3150.000000 1508.768800
3200.000000 1509.596800
3250.000000 1510.451700
3300.000000 1511.326000
3350.000000 1512.158300
3400.000000 1513.012600
3450.000000 1513.846900
3500.000000 1514.700900
3550.000000 1515.556200
3600.000000 1516.406700
3650.000000 1517.255100
3700.000000 1518.137000
3750.000000 1519.006100
3800.000000 1519.878300
3850.000000 1520.746600
3900.000000 1521.632900
3950.000000 1522.488000
4000.000000 1523.337200
4050.000000 1524.228100
4100.000000 1525.115900
4150.000000 1526.008600
4200.000000 1526.898400
4250.000000 1527.792600
4300.000000 1528.699700
4350.000000 1529.601900
4400.000000 1530.516800
4450.000000 1531.427500
4500.000000 1532.342900
4550.000000 1533.259900
4600.000000 1534.151500
4650.000000 1535.116300
4700.000000 1536.037900
4750.000000 1536.959600
4800.000000 1537.881200
4850.000000 1538.802800
4900.000000 1539.724400
4950.000000 1540.646000
5000.000000 1541.567600
5050.000000 1542.489300
5100.000000 1543.410900
5150.000000 1544.332500
5200.000000 1545.254100
5250.000000 1546.175700
5300.000000 1547.097400
5350.000000 1548.019000
5400.000000 1548.940600
5450.000000 1549.862200
5500.000000 1550.783800
5550.000000 1551.705400
5600.000000 1552.627100
5650.000000 1553.548700
5700.000000 1554.470300
5750.000000 1555.391900
5800.000000 1556.313500
5850.000000 1557.235100
5900.000000 1558.156800
5950.000000 1559.078400
6000.000000 1560.000000
-1 -1
0.0000000 0.0000401
5.0000000 0.0000401
10.0000000 0.0000401
15.0000000 0.0000401
20.0000000 0.0000401
25.0000000 0.0000401
30.0000000 0.0000401
35.0000000 0.0000401
40.0000000 0.0000401
45.0000000 0.0000402
50.0000000 0.0000403
55.0000000 0.0000406
60.0000000 0.0000413
65.0000000 0.0000418
70.0000000 0.0000419
75.0000000 0.0000421
80.0000000 0.0000424
85.0000000 0.0000426
90.0000000 0.0000431
95.0000000 0.0000433
100.0000000 0.0000436
105.0000000 0.0000439
110.0000000 0.0000442
115.0000000 0.0000444
120.0000000 0.0000447
125.0000000 0.0000451
130.0000000 0.0000456
135.0000000 0.0000461
140.0000000 0.0000463
145.0000000 0.0000469
150.0000000 0.0000481
155.0000000 0.0000490
160.0000000 0.0000494
165.0000000 0.0000496
170.0000000 0.0000498
175.0000000 0.0000506
180.0000000 0.0000514
185.0000000 0.0000517
190.0000000 0.0000524
195.0000000 0.0000538
200.0000000 0.0000554
220.0000000 0.0000581
240.0000000 0.0000599
260.0000000 0.0000619
280.0000000 0.0000621
300.0000000 0.0000620
320.0000000 0.0000615
340.0000000 0.0000612
360.0000000 0.0000603
380.0000000 0.0000594
400.0000000 0.0000587
420.0000000 0.0000576
440.0000000 0.0000569
460.0000000 0.0000561
480.0000000 0.0000554
500.0000000 0.0000549
550.0000000 0.0000529
600.0000000 0.0000507
650.0000000 0.0000485
700.0000000 0.0000464
750.0000000 0.0000445
800.0000000 0.0000425
850.0000000 0.0000408
900.0000000 0.0000392
950.0000000 0.0000376
1000.0000000 0.0000360
1050.0000000 0.0000368
1100.0000000 0.0000377
1150.0000000 0.0000385
1200.0000000 0.0000394
1250.0000000 0.0000403
1300.0000000 0.0000411
1350.0000000 0.0000420
1400.0000000 0.0000429
1450.0000000 0.0000438
1500.0000000 0.0000447
1550.0000000 0.0000456
1600.0000000 0.0000465
1650.0000000 0.0000475
1700.0000000 0.0000485
1750.0000000 0.0000495
1800.0000000 0.0000505
1850.0000000 0.0000516
1900.0000000 0.0000527
1950.0000000 0.0000538
2000.0000000 0.0000549
2050.0000000 0.0000553
2100.0000000 0.0000556
2150.0000000 0.0000559
2200.0000000 0.0000562
2250.0000000 0.0000565
2300.0000000 0.0000568
2350.0000000 0.0000571
2400.0000000 0.0000574
2450.0000000 0.0000577
2500.0000000 0.0000581
2550.0000000 0.0000584
2600.0000000 0.0000587
2650.0000000 0.0000590
2700.0000000 0.0000593
2750.0000000 0.0000596
2800.0000000 0.0000599
2850.0000000 0.0000602
2900.0000000 0.0000605
2950.0000000 0.0000608
3000.0000000 0.0000611
3050.0000000 0.0000614
3100.0000000 0.0000618
3150.0000000 0.0000621
3200.0000000 0.0000624
3250.0000000 0.0000627
3300.0000000 0.0000630
3350.0000000 0.0000634
3400.0000000 0.0000637
3450.0000000 0.0000640
3500.0000000 0.0000643
3550.0000000 0.0000643
3600.0000000 0.0000643
3650.0000000 0.0000643
3700.0000000 0.0000642
3750.0000000 0.0000642
3800.0000000 0.0000642
3850.0000000 0.0000641
3900.0000000 0.0000641
3950.0000000 0.0000641
4000.0000000 0.0000641
4050.0000000 0.0000640
4100.0000000 0.0000640
4150.0000000 0.0000640
4200.0000000 0.0000639
4250.0000000 0.0000639
4300.0000000 0.0000639
4350.0000000 0.0000638
4400.0000000 0.0000638
4450.0000000 0.0000638
4500.0000000 0.0000637
4550.0000000 0.0000637
4600.0000000 0.0000637
4650.0000000 0.0000636
4700.0000000 0.0000636
4750.0000000 0.0000636
4800.0000000 0.0000635
4850.0000000 0.0000635
4900.0000000 0.0000635
4950.0000000 0.0000635
5000.0000000 0.0000634
5050.0000000 0.0000634
5100.0000000 0.0000634
5150.0000000 0.0000634
5200.0000000 0.0000633
5250.0000000 0.0000633
5300.0000000 0.0000633
5350.0000000 0.0000633
5400.0000000 0.0000632
5450.0000000 0.0000632
5500.0000000 0.0000632
5550.0000000 0.0000632
5600.0000000 0.0000632
5650.0000000 0.0000631
5700.0000000 0.0000631
5750.0000000 0.0000631
5800.0000000 0.0000631
5850.0000000 0.0000630
5900.0000000 0.0000630
5950.0000000 0.0000630
6000.0000000 0.0000630
-1 -1
0.000000 1706.440067
-1 -1
0.000000 1.871582
-1 -1
0.000000 0.401515
1074.098000 0.401515
1104.098000 10.000000
-1 -1
32000.000000
0.000000 1543.929592
5.000000 1543.935270
10.000000 1543.989655
15.000000 1544.062911
20.000000 1544.129981
25.000000 1544.208272
30.000000 1544.291750
35.000000 1544.377199
40.000000 1544.455477
45.000000 1544.486609
50.000000 1544.460915
55.000000 1544.300018
60.000000 1544.031325
65.000000 1543.688095
70.000000 1543.302925
75.000000 1542.878438
80.000000 1542.429348
85.000000 1542.045083
90.000000 1541.747437
95.000000 1541.490070
100.000000 1541.203644
105.000000 1540.888235
110.000000 1540.503311
115.000000 1539.764267
120.000000 1538.792405
125.000000 1537.718894
130.000000 1536.591790
135.000000 1535.419407
140.000000 1534.234556
145.000000 1533.319538
150.000000 1532.531383
155.000000 1531.710556
160.000000 1530.795083
165.000000 1529.577947
170.000000 1528.280045
175.000000 1526.901946
180.000000 1525.574445
185.000000 1524.244386
190.000000 1522.703940
195.000000 1521.316168
200.000000 1519.796140
220.000000 1512.906637
240.000000 1507.376382
260.000000 1502.717797
280.000000 1498.925498
300.000000 1496.503656
320.000000 1494.442251
340.000000 1492.887480
360.000000 1492.180686
380.000000 1491.210118
400.000000 1490.230403
420.000000 1489.463021
440.000000 1488.466959
460.000000 1487.661982
480.000000 1487.129761
500.000000 1486.682903
550.000000 1486.256481
600.000000 1485.694333
650.000000 1485.295178
700.000000 1485.257067
750.000000 1484.962680
800.000000 1484.941391
850.000000 1485.090408
900.000000 1485.025501
950.000000 1484.894340
1000.000000 1484.712047
1050.000000 1484.640483
1100.000000 1484.914724
1150.000000 1485.038247
1200.000000 1484.664823
1250.000000 1484.733500
1300.000000 1485.102600
1350.000000 1485.298200
1400.000000 1485.692700
1450.000000 1486.136000
1500.000000 1486.524700
1550.000000 1486.944400
1600.000000 1487.552600
1650.000000 1488.022300
1700.000000 1488.490800
1750.000000 1488.973400
1800.000000 1489.484500
1850.000000 1489.967300
1900.000000 1490.368300
1950.000000 1491.072900
2000.000000 1491.671700
2050.000000 1492.158100
2100.000000 1492.745300
2150.000000 1493.480100
2200.000000 1494.120200
2250.000000 1494.826500
2300.000000 1495.507000
2350.000000 1496.177000
2400.000000 1496.959100
2450.000000 1497.672900
2500.000000 1498.397900
2550.000000 1499.119400
2600.000000 1499.872000
2650.000000 1500.608300
2700.000000 1501.433000
2750.000000 1502.271700
2800.000000 1503.060200
2850.000000 1503.881600
2900.000000 1504.706400
2950.000000 1505.487700
3000.000000 1506.303900
3050.000000 1507.120600
3100.000000 1507.921700
3150.000000 1508.768800
3200.000000 1509.596800
3250.000000 1510.451700
3300.000000 1511.326000
3350.000000 1512.158300
3400.000000 1513.012600
3450.000000 1513.846900
3500.000000 1514.700900
3550.000000 1515.556200
3600.000000 1516.406700
3650.000000 1517.255100
3700.000000 1518.137000
3750.000000 1519.006100
3800.000000 1519.878300
3850.000000 1520.746600
3900.000000 1521.632900
3950.000000 1522.488000
4000.000000 1523.337200
4050.000000 1524.228100
4100.000000 1525.115900
4150.000000 1526.008600
4200.000000 1526.898400
4250.000000 1527.792600
4300.000000 1528.699700
4350.000000 1529.601900
4400.000000 1530.516800
4450.000000 1531.427500
4500.000000 1532.342900
4550.000000 1533.259900
4600.000000 1534.151500
4650.000000 1535.116300
4700.000000 1536.037900
4750.000000 1536.959600
4800.000000 1537.881200
4850.000000 1538.802800
4900.000000 1539.724400
4950.000000 1540.646000
5000.000000 1541.567600
5050.000000 1542.489300
5100.000000 1543.410900
5150.000000 1544.332500
5200.000000 1545.254100
5250.000000 1546.175700
5300.000000 1547.097400
5350.000000 1548.019000
5400.000000 1548.940600
5450.000000 1549.862200
5500.000000 1550.783800
5550.000000 1551.705400
5600.000000 1552.627100
5650.000000 1553.548700
5700.000000 1554.470300
5750.000000 1555.391900
5800.000000 1556.313500
5850.000000 1557.235100
5900.000000 1558.156800
5950.000000 1559.078400
6000.000000 1560.000000
-1 -1
0.0000000 0.0000401
5.0000000 0.0000401
10.0000000 0.0000401
15.0000000 0.0000401
20.0000000 0.0000401
25.0000000 0.0000401
30.0000000 0.0000401
35.0000000 0.0000401
40.0000000 0.0000401
45.0000000 0.0000402
50.0000000 0.0000403
55.0000000 0.0000406
60.0000000 0.0000413
65.0000000 0.0000418
70.0000000 0.0000419
75.0000000 0.0000421
80.0000000 0.0000424
85.0000000 0.0000426
90.0000000 0.0000431
95.0000000 0.0000433
100.0000000 0.0000436
105.0000000 0.0000439
110.0000000 0.0000442
115.0000000 0.0000444
120.0000000 0.0000447
125.0000000 0.0000451
130.0000000 0.0000456
135.0000000 0.0000461
140.0000000 0.0000463
145.0000000 0.0000469
150.0000000 0.0000481
155.0000000 0.0000490
160.0000000 0.0000494
165.0000000 0.0000496
170.0000000 0.0000498
175.0000000 0.0000506
180.0000000 0.0000514
185.0000000 0.0000517
190.0000000 0.0000524
195.0000000 0.0000538
200.0000000 0.0000554
220.0000000 0.0000581
240.0000000 0.0000599
260.0000000 0.0000619
280.0000000 0.0000621
300.0000000 0.0000620
320.0000000 0.0000615
340.0000000 0.0000612
360.0000000 0.0000603
380.0000000 0.0000594
400.0000000 0.0000587
420.0000000 0.0000576
440.0000000 0.0000569
460.0000000 0.0000561
480.0000000 0.0000554
500.0000000 0.0000549
550.0000000 0.0000529
600.0000000 0.0000507
650.0000000 0.0000485
700.0000000 0.0000464
750.0000000 0.0000445
800.0000000 0.0000425
850.0000000 0.0000408
900.0000000 0.0000392
950.0000000 0.0000376
1000.0000000 0.0000360
1050.0000000 0.0000368
1100.0000000 0.0000377
1150.0000000 0.0000385
1200.0000000 0.0000394
1250.0000000 0.0000403
1300.0000000 0.0000411
1350.0000000 0.0000420
1400.0000000 0.0000429
1450.0000000 0.0000438
1500.0000000 0.0000447
1550.0000000 0.0000456
1600.0000000 0.0000465
1650.0000000 0.0000475
1700.0000000 0.0000485
1750.0000000 0.0000495
1800.0000000 0.0000505
1850.0000000 0.0000516
1900.0000000 0.0000527
1950.0000000 0.0000538
2000.0000000 0.0000549
2050.0000000 0.0000553
2100.0000000 0.0000556
2150.0000000 0.0000559
2200.0000000 0.0000562
2250.0000000 0.0000565
2300.0000000 0.0000568
2350.0000000 0.0000571
2400.0000000 0.0000574
2450.0000000 0.0000577
2500.0000000 0.0000581
2550.0000000 0.0000584
2600.0000000 0.0000587
2650.0000000 0.0000590
2700.0000000 0.0000593
2750.0000000 0.0000596
2800.0000000 0.0000599
2850.0000000 0.0000602
2900.0000000 0.0000605
2950.0000000 0.0000608
3000.0000000 0.0000611
3050.0000000 0.0000614
3100.0000000 0.0000618
3150.0000000 0.0000621
3200.0000000 0.0000624
3250.0000000 0.0000627
3300.0000000 0.0000630
3350.0000000 0.0000634
3400.0000000 0.0000637
3450.0000000 0.0000640
3500.0000000 0.0000643
3550.0000000 0.0000643
3600.0000000 0.0000643
3650.0000000 0.0000643
3700.0000000 0.0000642
3750.0000000 0.0000642
3800.0000000 0.0000642
3850.0000000 0.0000641
3900.0000000 0.0000641
3950.0000000 0.0000641
4000.0000000 0.0000641
4050.0000000 0.0000640
4100.0000000 0.0000640
4150.0000000 0.0000640
4200.0000000 0.0000639
4250.0000000 0.0000639
4300.0000000 0.0000639
4350.0000000 0.0000638
4400.0000000 0.0000638
4450.0000000 0.0000638
4500.0000000 0.0000637
4550.0000000 0.0000637
4600.0000000 0.0000637
4650.0000000 0.0000636
4700.0000000 0.0000636
4750.0000000 0.0000636
4800.0000000 0.0000635
4850.0000000 0.0000635
4900.0000000 0.0000635
4950.0000000 0.0000635
5000.0000000 0.0000634
5050.0000000 0.0000634
5100.0000000 0.0000634
5150.0000000 0.0000634
5200.0000000 0.0000633
5250.0000000 0.0000633
5300.0000000 0.0000633
5350.0000000 0.0000633
5400.0000000 0.0000632
5450.0000000 0.0000632
5500.0000000 0.0000632
5550.0000000 0.0000632
5600.0000000 0.0000632
5650.0000000 0.0000631
5700.0000000 0.0000631
5750.0000000 0.0000631
5800.0000000 0.0000631
5850.0000000 0.0000630
5900.0000000 0.0000630
5950.0000000 0.0000630
6000.0000000 0.0000630
-1 -1
0.000000 1706.344497
-1 -1
0.000000 1.871582
-1 -1
0.000000 0.401493
1074.098000 0.401493
1104.098000 10.000000
-1 -1
33000.000000
0.000000 1543.939474
5.000000 1543.945197
10.000000 1543.998006
15.000000 1544.070401
20.000000 1544.136740
25.000000 1544.214280
30.000000 1544.297328
35.000000 1544.382541
40.000000 1544.460389
45.000000 1544.490754
50.000000 1544.465885
55.000000 1544.310730
60.000000 1544.046706
65.000000 1543.706614
70.000000 1543.320727
75.000000 1542.893024
80.000000 1542.437397
85.000000 1542.039189
90.000000 1541.721363
95.000000 1541.438970
100.000000 1541.128476
105.000000 1540.789576
110.000000 1540.385377
115.000000 1539.649318
120.000000 1538.693490
125.000000 1537.646883
130.000000 1536.546510
135.000000 1535.395996
140.000000 1534.230776
145.000000 1533.314755
150.000000 1532.508541
155.000000 1531.656906
160.000000 1530.718003
165.000000 1529.496913
170.000000 1528.199535
175.000000 1526.832069
180.000000 1525.516224
185.000000 1524.199680
190.000000 1522.681661
195.000000 1521.299512
200.000000 1519.790334
220.000000 1512.959012
240.000000 1507.480460
260.000000 1502.791004
280.000000 1499.007391
300.000000 1496.574931
320.000000 1494.524782
340.000000 1493.000794
360.000000 1492.245429
380.000000 1491.237279
400.000000 1490.239040
420.000000 1489.451370
440.000000 1488.475709
460.000000 1487.684691
480.000000 1487.152490
500.000000 1486.717698
550.000000 1486.296661
600.000000 1485.741466
650.000000 1485.315565
700.000000 1485.253514
750.000000 1484.965595
800.000000 1484.962905
850.000000 1485.110553
900.000000 1485.035161
950.000000 1484.905482
1000.000000 1484.726410
1050.000000 1484.650587
1100.000000 1484.911236
1150.000000 1485.028874
1200.000000 1484.666202
1250.000000 1484.733500
1300.000000 1485.102600
1350.000000 1485.298200
1400.000000 1485.692700
1450.000000 1486.136000
1500.000000 1486.524700
1550.000000 1486.944400
1600.000000 1487.552600
1650.000000 1488.022300
1700.000000 1488.490800
1750.000000 1488.973400
1800.000000 1489.484500
1850.000000 1489.967300
1900.000000 1490.368300
1950.000000 1491.072900
2000.000000 1491.671700
2050.000000 1492.158100
2100.000000 1492.745300
2150.000000 1493.480100
2200.000000 1494.120200
2250.000000 1494.826500
2300.000000 1495.507000
2350.000000 1496.177000
2400.000000 1496.959100
2450.000000 1497.672900
2500.000000 1498.397900
2550.000000 1499.119400
2600.000000 1499.872000
2650.000000 1500.608300
2700.000000 1501.433000
2750.000000 1502.271700
2800.000000 1503.060200
2850.000000 1503.881600
2900.000000 1504.706400
2950.000000 1505.487700
3000.000000 1506.303900
3050.000000 1507.120600
3100.000000 1507.921700
3150.000000 1508.768800
3200.000000 1509.596800
3250.000000 1510.451700
3300.000000 1511.326000
3350.000000 1512.158300
3400.000000 1513.012600
3450.000000 1513.846900
3500.000000 1514.700900
3550.000000 1515.556200
3600.000000 1516.406700
3650.000000 1517.255100
3700.000000 1518.137000
3750.000000 1519.006100
3800.000000 1519.878300
3850.000000 1520.746600
3900.000000 1521.632900
3950.000000 1522.488000
4000.000000 1523.337200
4050.000000 1524.228100
4100.000000 1525.115900
4150.000000 1526.008600
4200.000000 1526.898400
4250.000000 1527.792600
4300.000000 1528.699700
4350.000000 1529.601900
4400.000000 1530.516800
4450.000000 1531.427500
4500.000000 1532.342900
4550.000000 1533.259900
4600.000000 1534.151500
4650.000000 1535.116300
4700.000000 1536.037900
4750.000000 1536.959600
4800.000000 1537.881200
4850.000000 1538.802800
4900.000000 1539.724400
4950.000000 1540.646000
5000.000000 1541.567600
5050.000000 1542.489300
5100.000000 1543.410900
5150.000000 1544.332500
5200.000000 1545.254100
5250.000000 1546.175700
5300.000000 1547.097400
5350.000000 1548.019000
5400.000000 1548.940600
5450.000000 1549.862200
5500.000000 1550.783800
5550.000000 1551.705400
5600.000000 1552.627100
5650.000000 1553.548700
5700.000000 1554.470300
5750.000000 1555.391900
5800.000000 1556.313500
5850.000000 1557.235100
5900.000000 1558.156800
5950.000000 1559.078400
6000.000000 1560.000000
-1 -1
0.0000000 0.0000401
5.0000000 0.0000401
10.0000000 0.0000401
15.0000000 0.0000401
20.0000000 0.0000401
25.0000000 0.0000401
30.0000000 0.0000401
35.0000000 0.0000401
40.0000000 0.0000401
45.0000000 0.0000402
50.0000000 0.0000403
55.0000000 0.0000406
60.0000000 0.0000413
65.0000000 0.0000418
70.0000000 0.0000419
75.0000000 0.0000421
80.0000000 0.0000424
85.0000000 0.0000426
90.0000000 0.0000431
95.0000000 0.0000433
100.0000000 0.0000436
105.0000000 0.0000439
110.0000000 0.0000442
115.0000000 0.0000444
120.0000000 0.0000447
125.0000000 0.0000451
130.0000000 0.0000456
135.0000000 0.0000461
140.0000000 0.0000463
145.0000000 0.0000469
150.0000000 0.0000481
155.0000000 0.0000490
160.0000000 0.0000494
165.0000000 0.0000496
170.0000000 0.0000498
175.0000000 0.0000506
180.0000000 0.0000514
185.0000000 0.0000517
190.0000000 0.0000524
195.0000000 0.0000538
200.0000000 0.0000554
220.0000000 0.0000581
240.0000000 0.0000599
260.0000000 0.0000619
280.0000000 0.0000621
300.0000000 0.0000620
320.0000000 0.0000615
340.0000000 0.0000612
360.0000000 0.0000603
380.0000000 0.0000594
400.0000000 0.0000587
420.0000000 0.0000576
440.0000000 0.0000569
460.0000000 0.0000561
480.0000000 0.0000554
500.0000000 0.0000549
550.0000000 0.0000529
600.0000000 0.0000507
650.0000000 0.0000485
700.0000000 0.0000464
750.0000000 0.0000445
800.0000000 0.0000425
850.0000000 0.0000408
900.0000000 0.0000392
950.0000000 0.0000376
1000.0000000 0.0000360
1050.0000000 0.0000368
1100.0000000 0.0000377
1150.0000000 0.0000385
1200.0000000 0.0000394
1250.0000000 0.0000403
1300.0000000 0.0000411
1350.0000000 0.0000420
1400.0000000 0.0000429
1450.0000000 0.0000438
1500.0000000 0.0000447
1550.0000000 0.0000456
1600.0000000 0.0000465
1650.0000000 0.0000475
1700.0000000 0.0000485
1750.0000000 0.0000495
1800.0000000 0.0000505
1850.0000000 0.0000516
1900.0000000 0.0000527
1950.0000000 0.0000538
2000.0000000 0.0000549
2050.0000000 0.0000553
2100.0000000 0.0000556
2150.0000000 0.0000559
2200.0000000 0.0000562
2250.0000000 0.0000565
2300.0000000 0.0000568
2350.0000000 0.0000571
2400.0000000 0.0000574
2450.0000000 0.0000577
2500.0000000 0.0000581
2550.0000000 0.0000584
2600.0000000 0.0000587
2650.0000000 0.0000590
2700.0000000 0.0000593
2750.0000000 0.0000596
2800.0000000 0.0000599
2850.0000000 0.0000602
2900.0000000 0.0000605
2950.0000000 0.0000608
3000.0000000 0.0000611
3050.0000000 0.0000614
3100.0000000 0.0000618
3150.0000000 0.0000621
3200.0000000 0.0000624
3250.0000000 0.0000627
3300.0000000 0.0000630
3350.0000000 0.0000634
3400.0000000 0.0000637
3450.0000000 0.0000640
3500.0000000 0.0000643
3550.0000000 0.0000643
3600.0000000 0.0000643
3650.0000000 0.0000643
3700.0000000 0.0000642
3750.0000000 0.0000642
3800.0000000 0.0000642
3850.0000000 0.0000641
3900.0000000 0.0000641
3950.0000000 0.0000641
4000.0000000 0.0000641
4050.0000000 0.0000640
4100.0000000 0.0000640
4150.0000000 0.0000640
4200.0000000 0.0000639
4250.0000000 0.0000639
4300.0000000 0.0000639
4350.0000000 0.0000638
4400.0000000 0.0000638
4450.0000000 0.0000638
4500.0000000 0.0000637
4550.0000000 0.0000637
4600.0000000 0.0000637
4650.0000000 0.0000636
4700.0000000 0.0000636
4750.0000000 0.0000636
4800.0000000 0.0000635
4850.0000000 0.0000635
4900.0000000 0.0000635
4950.0000000 0.0000635
5000.0000000 0.0000634
5050.0000000 0.0000634
5100.0000000 0.0000634
5150.0000000 0.0000634
5200.0000000 0.0000633
5250.0000000 0.0000633
5300.0000000 0.0000633
5350.0000000 0.0000633
5400.0000000 0.0000632
5450.0000000 0.0000632
5500.0000000 0.0000632
5550.0000000 0.0000632
5600.0000000 0.0000632
5650.0000000 0.0000631
5700.0000000 0.0000631
5750.0000000 0.0000631
5800.0000000 0.0000631
5850.0000000 0.0000630
5900.0000000 0.0000630
5950.0000000 0.0000630
6000.0000000 0.0000630
-1 -1
0.000000 1706.080000
-1 -1
0.000000 1.871582
-1 -1
0.000000 0.401431
1074.098000 0.401431
1104.098000 10.000000
-1 -1
34000.000000
0.000000 1543.949356
5.000000 1543.955123
10.000000 1544.006356
15.000000 1544.077892
20.000000 1544.143500
25.000000 1544.220289
30.000000 1544.302907
35.000000 1544.387882
40.000000 1544.465300
45.000000 1544.494900
50.000000 1544.470856
55.000000 1544.321442
60.000000 1544.062088
65.000000 1543.725133
70.000000 1543.338530
75.000000 1542.907610
80.000000 1542.445446
85.000000 1542.033294
90.000000 1541.695289
95.000000 1541.387869
100.000000 1541.053307
105.000000 1540.690918
110.000000 1540.267443
115.000000 1539.534369
120.000000 1538.594574
125.000000 1537.574872
130.000000 1536.501230
135.000000 1535.372585
140.000000 1534.226996
145.000000 1533.309972
150.000000 1532.485698
155.000000 1531.603255
160.000000 1530.640922
165.000000 1529.415879
170.000000 1528.119025
175.000000 1526.762192
180.000000 1525.458003
185.000000 1524.154973
190.000000 1522.659381
195.000000 1521.282855
200.000000 1519.784528
220.000000 1513.011388
240.000000 1507.584539
260.000000 1502.864211
280.000000 1499.089285
300.000000 1496.646206
320.000000 1494.607313
340.000000 1493.114108
360.000000 1492.310172
380.000000 1491.264440
400.000000 1490.247677
420.000000 1489.439719
440.000000 1488.484460
460.000000 1487.707400
480.000000 1487.175219
500.000000 1486.752493
550.000000 1486.336842
600.000000 1485.788599
650.000000 1485.335952
700.000000 1485.249961
750.000000 1484.968510
800.000000 1484.984418
850.000000 1485.130698
900.000000 1485.044821
950.000000 1484.916624
1000.000000 1484.740774
1050.000000 1484.660692
1100.000000 1484.907747
1150.000000 1485.019501
1200.000000 1484.667580
1250.000000 1484.733500
1300.000000 1485.102600
1350.000000 1485.298200
1400.000000 1485.692700
1450.000000 1486.136000
1500.000000 1486.524700
1550.000000 1486.944400
1600.000000 1487.552600
1650.000000 1488.022300
1700.000000 1488.490800
1750.000000 1488.973400
1800.000000 1489.484500
1850.000000 1489.967300
1900.000000 1490.368300
1950.000000 1491.072900
2000.000000 1491.671700
2050.000000 1492.158100
2100.000000 1492.745300
2150.000000 1493.480100
2200.000000 1494.120200
2250.000000 1494.826500
2300.000000 1495.507000
2350.000000 1496.177000
2400.000000 1496.959100
2450.000000 1497.672900
2500.000000 1498.397900
2550.000000 1499.119400
2600.000000 1499.872000
2650.000000 1500.608300
2700.000000 1501.433000
2750.000000 1502.271700
2800.000000 1503.060200
2850.000000 1503.881600
2900.000000 1504.706400
2950.000000 1505.487700
3000.000000 1506.303900
3050.000000 1507.120600
3100.000000 1507.921700
3150.000000 1508.768800
3200.000000 1509.596800
3250.000000 1510.451700
3300.000000 1511.326000
3350.000000 1512.158300
3400.000000 1513.012600
3450.000000 1513.846900
3500.000000 1514.700900
3550.000000 1515.556200
3600.000000 1516.406700
3650.000000 1517.255100
3700.000000 1518.137000
3750.000000 1519.006100
3800.000000 1519.878300
3850.000000 1520.746600
3900.000000 1521.632900
3950.000000 1522.488000
4000.000000 1523.337200
4050.000000 1524.228100
4100.000000 1525.115900
4150.000000 1526.008600
4200.000000 1526.898400
4250.000000 1527.792600
4300.000000 1528.699700
4350.000000 1529.601900
4400.000000 1530.516800
4450.000000 1531.427500
4500.000000 1532.342900
4550.000000 1533.259900
4600.000000 1534.151500
4650.000000 1535.116300
4700.000000 1536.037900
4750.000000 1536.959600
4800.000000 1537.881200
4850.000000 1538.802800
4900.000000 1539.724400
4950.000000 1540.646000
5000.000000 1541.567600
5050.000000 1542.489300
5100.000000 1543.410900
5150.000000 1544.332500
5200.000000 1545.254100
5250.000000 1546.175700
5300.000000 1547.097400
5350.000000 1548.019000
5400.000000 1548.940600
5450.000000 1549.862200
5500.000000 1550.783800
5550.000000 1551.705400
5600.000000 1552.627100
5650.000000 1553.548700
5700.000000 1554.470300
5750.000000 1555.391900
5800.000000 1556.313500
5850.000000 1557.235100
5900.000000 1558.156800
5950.000000 1559.078400
6000.000000 1560.000000
-1 -1
0.0000000 0.0000401
5.0000000 0.0000401
10.0000000 0.0000401
15.0000000 0.0000401
20.0000000 0.0000401
25.0000000 0.0000401
30.0000000 0.0000401
35.0000000 0.0000401
40.0000000 0.0000401
45.0000000 0.0000402
50.0000000 0.0000403
55.0000000 0.0000406
60.0000000 0.0000413
65.0000000 0.0000418
70.0000000 0.0000419
75.0000000 0.0000421
80.0000000 0.0000424
85.0000000 0.0000426
90.0000000 0.0000431
95.0000000 0.0000433
100.0000000 0.0000436
105.0000000 0.0000439
110.0000000 0.0000442
115.0000000 0.0000444
120.0000000 0.0000447
125.0000000 0.0000451
130.0000000 0.0000456
135.0000000 0.0000461
140.0000000 0.0000463
145.0000000 0.0000469
150.0000000 0.0000481
155.0000000 0.0000490
160.0000000 0.0000494
165.0000000 0.0000496
170.0000000 0.0000498
175.0000000 0.0000506
180.0000000 0.0000514
185.0000000 0.0000517
190.0000000 0.0000524
195.0000000 0.0000538
200.0000000 0.0000554
220.0000000 0.0000581
240.0000000 0.0000599
260.0000000 0.0000619
280.0000000 0.0000621
300.0000000 0.0000620
320.0000000 0.0000615
340.0000000 0.0000612
360.0000000 0.0000603
380.0000000 0.0000594
400.0000000 0.0000587
420.0000000 0.0000576
440.0000000 0.0000569
460.0000000 0.0000561
480.0000000 0.0000554
500.0000000 0.0000549
550.0000000 0.0000529
600.0000000 0.0000507
650.0000000 0.0000485
700.0000000 0.0000464
750.0000000 0.0000445
800.0000000 0.0000425
850.0000000 0.0000408
900.0000000 0.0000392
950.0000000 0.0000376
1000.0000000 0.0000360
1050.0000000 0.0000368
1100.0000000 0.0000377
1150.0000000 0.0000385
1200.0000000 0.0000394
1250.0000000 0.0000403
1300.0000000 0.0000411
1350.0000000 0.0000420
1400.0000000 0.0000429
1450.0000000 0.0000438
1500.0000000 0.0000447
1550.0000000 0.0000456
1600.0000000 0.0000465
1650.0000000 0.0000475
1700.0000000 0.0000485
1750.0000000 0.0000495
1800.0000000 0.0000505
1850.0000000 0.0000516
1900.0000000 0.0000527
1950.0000000 0.0000538
2000.0000000 0.0000549
2050.0000000 0.0000553
2100.0000000 0.0000556
2150.0000000 0.0000559
2200.0000000 0.0000562
2250.0000000 0.0000565
2300.0000000 0.0000568
2350.0000000 0.0000571
2400.0000000 0.0000574
2450.0000000 0.0000577
2500.0000000 0.0000581
2550.0000000 0.0000584
2600.0000000 0.0000587
2650.0000000 0.0000590
2700.0000000 0.0000593
2750.0000000 0.0000596
2800.0000000 0.0000599
2850.0000000 0.0000602
2900.0000000 0.0000605
2950.0000000 0.0000608
3000.0000000 0.0000611
3050.0000000 0.0000614
3100.0000000 0.0000618
3150.0000000 0.0000621
3200.0000000 0.0000624
3250.0000000 0.0000627
3300.0000000 0.0000630
3350.0000000 0.0000634
3400.0000000 0.0000637
3450.0000000 0.0000640
3500.0000000 0.0000643
3550.0000000 0.0000643
3600.0000000 0.0000643
3650.0000000 0.0000643
3700.0000000 0.0000642
3750.0000000 0.0000642
3800.0000000 0.0000642
3850.0000000 0.0000641
3900.0000000 0.0000641
3950.0000000 0.0000641
4000.0000000 0.0000641
4050.0000000 0.0000640
4100.0000000 0.0000640
4150.0000000 0.0000640
4200.0000000 0.0000639
4250.0000000 0.0000639
4300.0000000 0.0000639
4350.0000000 0.0000638
4400.0000000 0.0000638
4450.0000000 0.0000638
4500.0000000 0.0000637
4550.0000000 0.0000637
4600.0000000 0.0000637
4650.0000000 0.0000636
4700.0000000 0.0000636
4750.0000000 0.0000636
4800.0000000 0.0000635
4850.0000000 0.0000635
4900.0000000 0.0000635
4950.0000000 0.0000635
5000.0000000 0.0000634
5050.0000000 0.0000634
5100.0000000 0.0000634
5150.0000000 0.0000634
5200.0000000 0.0000633
5250.0000000 0.0000633
5300.0000000 0.0000633
5350.0000000 0.0000633
5400.0000000 0.0000632
5450.0000000 0.0000632
5500.0000000 0.0000632
5550.0000000 0.0000632
5600.0000000 0.0000632
5650.0000000 0.0000631
5700.0000000 0.0000631
5750.0000000 0.0000631
5800.0000000 0.0000631
5850.0000000 0.0000630
5900.0000000 0.0000630
5950.0000000 0.0000630
6000.0000000 0.0000630
-1 -1
0.000000 1703.669458
-1 -1
0.000000 1.871582
-1 -1
0.000000 0.400863
1074.098000 0.400863
1104.098000 10.000000
-1 -1
35000.000000
0.000000 1543.959238
5.000000 1543.965050
10.000000 1544.014706
15.000000 1544.085383
20.000000 1544.150259
25.000000 1544.226297
30.000000 1544.308485
35.000000 1544.393223
40.000000 1544.470211
45.000000 1544.499045
50.000000 1544.475827
55.000000 1544.332154
60.000000 1544.077469
65.000000 1543.743653
70.000000 1543.356333
75.000000 1542.922196
80.000000 1542.453495
85.000000 1542.027399
90.000000 1541.669215
95.000000 1541.336769
100.000000 1540.978139
105.000000 1540.592259
110.000000 1540.149510
115.000000 1539.419420
120.000000 1538.495659
125.000000 1537.502860
130.000000 1536.455950
135.000000 1535.349174
140.000000 1534.223216
145.000000 1533.305189
150.000000 1532.462856
155.000000 1531.549605
160.000000 1530.563841
165.000000 1529.334846
170.000000 1528.038515
175.000000 1526.692316
180.000000 1525.399782
185.000000 1524.110266
190.000000 1522.637102
195.000000 1521.266199
200.000000 1519.778722
220.000000 1513.063763
240.000000 1507.688618
260.000000 1502.937418
280.000000 1499.171178
300.000000 1496.717481
320.000000 1494.689844
340.000000 1493.227421
360.000000 1492.374915
380.000000 1491.291602
400.000000 1490.256314
420.000000 1489.428068
440.000000 1488.493211
460.000000 1487.730110
480.000000 1487.197948
500.000000 1486.787288
550.000000 1486.377023
600.000000 1485.835732
650.000000 1485.356339
700.000000 1485.246409
750.000000 1484.971425
800.000000 1485.005932
850.000000 1485.150842
900.000000 1485.054480
950.000000 1484.927766
1000.000000 1484.755138
1050.000000 1484.670796
1100.000000 1484.904259
1150.000000 1485.010127
1200.000000 1484.668959
1250.000000 1484.733500
1300.000000 1485.102600
1350.000000 1485.298200
1400.000000 1485.692700
1450.000000 1486.136000
1500.000000 1486.524700
1550.000000 1486.944400
1600.000000 1487.552600
1650.000000 1488.022300
1700.000000 1488.490800
1750.000000 1488.973400
1800.000000 1489.484500
1850.000000 1489.967300
1900.000000 1490.368300
1950.000000 1491.072900
2000.000000 1491.671700
2050.000000 1492.158100
2100.000000 1492.745300
2150.000000 1493.480100
2200.000000 1494.120200
2250.000000 1494.826500
2300.000000 1495.507000
2350.000000 1496.177000
2400.000000 1496.959100
2450.000000 1497.672900
2500.000000 1498.397900
2550.000000 1499.119400
2600.000000 1499.872000
2650.000000 1500.608300
2700.000000 1501.433000
2750.000000 1502.271700
2800.000000 1503.060200
2850.000000 1503.881600
2900.000000 1504.706400
2950.000000 1505.487700
3000.000000 1506.303900
3050.000000 1507.120600
3100.000000 1507.921700
3150.000000 1508.768800
3200.000000 1509.596800
3250.000000 1510.451700
3300.000000 1511.326000
3350.000000 1512.158300
3400.000000 1513.012600
3450.000000 1513.846900
3500.000000 1514.700900
3550.000000 1515.556200
3600.000000 1516.406700
3650.000000 1517.255100
3700.000000 1518.137000
3750.000000 1519.006100
3800.000000 1519.878300
3850.000000 1520.746600
3900.000000 1521.632900
3950.000000 1522.488000
4000.000000 1523.337200
4050.000000 1524.228100
4100.000000 1525.115900
4150.000000 1526.008600
4200.000000 1526.898400
4250.000000 1527.792600
4300.000000 1528.699700
4350.000000 1529.601900
4400.000000 1530.516800
4450.000000 1531.427500
4500.000000 1532.342900
4550.000000 1533.259900
4600.000000 1534.151500
4650.000000 1535.116300
4700.000000 1536.037900
4750.000000 1536.959600
4800.000000 1537.881200
4850.000000 1538.802800
4900.000000 1539.724400
4950.000000 1540.646000
5000.000000 1541.567600
5050.000000 1542.489300
5100.000000 1543.410900
5150.000000 1544.332500
5200.000000 1545.254100
5250.000000 1546.175700
5300.000000 1547.097400
5350.000000 1548.019000
5400.000000 1548.940600
5450.000000 1549.862200
5500.000000 1550.783800
5550.000000 1551.705400
5600.000000 1552.627100
5650.000000 1553.548700
5700.000000 1554.470300
5750.000000 1555.391900
5800.000000 1556.313500
5850.000000 1557.235100
5900.000000 1558.156800
5950.000000 1559.078400
6000.000000 1560.000000
-1 -1
0.0000000 0.0000401
5.0000000 0.0000401
10.0000000 0.0000401
15.0000000 0.0000401
20.0000000 0.0000401
25.0000000 0.0000401
30.0000000 0.0000401
35.0000000 0.0000401
40.0000000 0.0000401
45.0000000 0.0000402
50.0000000 0.0000403
55.0000000 0.0000406
60.0000000 0.0000413
65.0000000 0.0000418
70.0000000 0.0000419
75.0000000 0.0000421
80.0000000 0.0000424
85.0000000 0.0000426
90.0000000 0.0000431
95.0000000 0.0000433
100.0000000 0.0000436
105.0000000 0.0000439
110.0000000 0.0000442
115.0000000 0.0000444
120.0000000 0.0000447
125.0000000 0.0000451
130.0000000 0.0000456
135.0000000 0.0000461
140.0000000 0.0000463
145.0000000 0.0000469
150.0000000 0.0000481
155.0000000 0.0000490
160.0000000 0.0000494
165.0000000 0.0000496
170.0000000 0.0000498
175.0000000 0.0000506
180.0000000 0.0000514
185.0000000 0.0000517
190.0000000 0.0000524
195.0000000 0.0000538
200.0000000 0.0000554
220.0000000 0.0000581
240.0000000 0.0000599
260.0000000 0.0000619
280.0000000 0.0000621
300.0000000 0.0000620
320.0000000 0.0000615
340.0000000 0.0000612
360.0000000 0.0000603
380.0000000 0.0000594
400.0000000 0.0000587
420.0000000 0.0000576
440.0000000 0.0000569
460.0000000 0.0000561
480.0000000 0.0000554
500.0000000 0.0000549
550.0000000 0.0000529
600.0000000 0.0000507
650.0000000 0.0000485
700.0000000 0.0000464
750.0000000 0.0000445
800.0000000 0.0000425
850.0000000 0.0000408
900.0000000 0.0000392
950.0000000 0.0000376
1000.0000000 0.0000360
1050.0000000 0.0000368
1100.0000000 0.0000377
1150.0000000 0.0000385
1200.0000000 0.0000394
1250.0000000 0.0000403
1300.0000000 0.0000411
1350.0000000 0.0000420
1400.0000000 0.0000429
1450.0000000 0.0000438
1500.0000000 0.0000447
1550.0000000 0.0000456
1600.0000000 0.0000465
1650.0000000 0.0000475
1700.0000000 0.0000485
1750.0000000 0.0000495
1800.0000000 0.0000505
1850.0000000 0.0000516
1900.0000000 0.0000527
1950.0000000 0.0000538
2000.0000000 0.0000549
2050.0000000 0.0000553
2100.0000000 0.0000556
2150.0000000 0.0000559
2200.0000000 0.0000562
2250.0000000 0.0000565
2300.0000000 0.0000568
2350.0000000 0.0000571
2400.0000000 0.0000574
2450.0000000 0.0000577
2500.0000000 0.0000581
2550.0000000 0.0000584
2600.0000000 0.0000587
2650.0000000 0.0000590
2700.0000000 0.0000593
2750.0000000 0.0000596
2800.0000000 0.0000599
2850.0000000 0.0000602
2900.0000000 0.0000605
2950.0000000 0.0000608
3000.0000000 0.0000611
3050.0000000 0.0000614
3100.0000000 0.0000618
3150.0000000 0.0000621
3200.0000000 0.0000624
3250.0000000 0.0000627
3300.0000000 0.0000630
3350.0000000 0.0000634
3400.0000000 0.0000637
3450.0000000 0.0000640
3500.0000000 0.0000643
3550.0000000 0.0000643
3600.0000000 0.0000643
3650.0000000 0.0000643
3700.0000000 0.0000642
3750.0000000 0.0000642
3800.0000000 0.0000642
3850.0000000 0.0000641
3900.0000000 0.0000641
3950.0000000 0.0000641
4000.0000000 0.0000641
4050.0000000 0.0000640
4100.0000000 0.0000640
4150.0000000 0.0000640
4200.0000000 0.0000639
4250.0000000 0.0000639
4300.0000000 0.0000639
4350.0000000 0.0000638
4400.0000000 0.0000638
4450.0000000 0.0000638
4500.0000000 0.0000637
4550.0000000 0.0000637
4600.0000000 0.0000637
4650.0000000 0.0000636
4700.0000000 0.0000636
4750.0000000 0.0000636
4800.0000000 0.0000635
4850.0000000 0.0000635
4900.0000000 0.0000635
4950.0000000 0.0000635
5000.0000000 0.0000634
5050.0000000 0.0000634
5100.0000000 0.0000634
5150.0000000 0.0000634
5200.0000000 0.0000633
5250.0000000 0.0000633
5300.0000000 0.0000633
5350.0000000 0.0000633
5400.0000000 0.0000632
5450.0000000 0.0000632
5500.0000000 0.0000632
5550.0000000 0.0000632
5600.0000000 0.0000632
5650.0000000 0.0000631
5700.0000000 0.0000631
5750.0000000 0.0000631
5800.0000000 0.0000631
5850.0000000 0.0000630
5900.0000000 0.0000630
5950.0000000 0.0000630
6000.0000000 0.0000630
-1 -1
0.000000 1702.726489
-1 -1
0.000000 1.871582
-1 -1
0.000000 0.400642
1074.098000 0.400642
1104.098000 10.000000
-1 -1
36000.000000
0.000000 1543.969120
5.000000 1543.974977
10.000000 1544.023057
15.000000 1544.092873
20.000000 1544.157018
25.000000 1544.232305
30.000000 1544.314064
35.000000 1544.398565
40.000000 1544.475123
45.000000 1544.503191
50.000000 1544.480798
55.000000 1544.342867
60.000000 1544.092851
65.000000 1543.762172
70.000000 1543.374136
75.000000 1542.936782
80.000000 1542.461544
85.000000 1542.021505
90.000000 1541.643141
95.000000 1541.285668
100.000000 1540.902970
105.000000 1540.493601
110.000000 1540.031576
115.000000 1539.304470
120.000000 1538.396743
125.000000 1537.430849
130.000000 1536.410670
135.000000 1535.325764
140.000000 1534.219436
145.000000 1533.300406
150.000000 1532.440013
155.000000 1531.495955
160.000000 1530.486760
165.000000 1529.253812
170.000000 1527.958005
175.000000 1526.622439
180.000000 1525.341562
185.000000 1524.065559
190.000000 1522.614823
195.000000 1521.249542
200.000000 1519.772917
220.000000 1513.116139
240.000000 1507.792697
260.000000 1503.010625
280.000000 1499.253071
300.000000 1496.788757
320.000000 1494.772375
340.000000 1493.340735
360.000000 1492.439658
380.000000 1491.318763
400.000000 1490.264951
420.000000 1489.416417
440.000000 1488.501961
460.000000 1487.752819
480.000000 1487.220677
500.000000 1486.822083
550.000000 1486.417204
600.000000 1485.882865
650.000000 1485.376726
700.000000 1485.242856
750.000000 1484.974341
800.000000 1485.027445
850.000000 1485.170987
900.000000 1485.064140
950.000000 1484.938908
1000.000000 1484.769502
1050.000000 1484.680901
1100.000000 1484.900770
1150.000000 1485.000754
1200.000000 1484.670337
1250.000000 1484.733500
1300.000000 1485.102600
1350.000000 1485.298200
1400.000000 1485.692700
1450.000000 1486.136000
1500.000000 1486.524700
1550.000000 1486.944400
1600.000000 1487.552600
1650.000000 1488.022300
1700.000000 1488.490800
1750.000000 1488.973400
1800.000000 1489.484500
1850.000000 1489.967300
1900.000000 1490.368300
1950.000000 1491.072900
2000.000000 1491.671700
2050.000000 1492.158100
2100.000000 1492.745300
2150.000000 1493.480100
2200.000000 1494.120200
2250.000000 1494.826500
2300.000000 1495.507000
2350.000000 1496.177000
2400.000000 1496.959100
2450.000000 1497.672900
2500.000000 1498.397900
2550.000000 1499.119400
2600.000000 1499.872000
2650.000000 1500.608300
2700.000000 1501.433000
2750.000000 1502.271700
2800.000000 1503.060200
2850.000000 1503.881600
2900.000000 1504.706400
2950.000000 1505.487700
3000.000000 1506.303900
3050.000000 1507.120600
3100.000000 1507.921700
3150.000000 1508.768800
3200.000000 1509.596800
3250.000000 1510.451700
3300.000000 1511.326000
3350.000000 1512.158300
3400.000000 1513.012600
3450.000000 1513.846900
3500.000000 1514.700900
3550.000000 1515.556200
3600.000000 1516.406700
3650.000000 1517.255100
3700.000000 1518.137000
3750.000000 1519.006100
3800.000000 1519.878300
3850.000000 1520.746600
3900.000000 1521.632900
3950.000000 1522.488000
4000.000000 1523.337200
4050.000000 1524.228100
4100.000000 1525.115900
4150.000000 1526.008600
4200.000000 1526.898400
4250.000000 1527.792600
4300.000000 1528.699700
4350.000000 1529.601900
4400.000000 1530.516800
4450.000000 1531.427500
4500.000000 1532.342900
4550.000000 1533.259900
4600.000000 1534.151500
4650.000000 1535.116300
4700.000000 1536.037900
4750.000000 1536.959600
4800.000000 1537.881200
4850.000000 1538.802800
4900.000000 1539.724400
4950.000000 1540.646000
5000.000000 1541.567600
5050.000000 1542.489300
5100.000000 1543.410900
5150.000000 1544.332500
5200.000000 1545.254100
5250.000000 1546.175700
5300.000000 1547.097400
5350.000000 1548.019000
5400.000000 1548.940600
5450.000000 1549.862200
5500.000000 1550.783800
5550.000000 1551.705400
5600.000000 1552.627100
5650.000000 1553.548700
5700.000000 1554.470300
5750.000000 1555.391900
5800.000000 1556.313500
5850.000000 1557.235100
5900.000000 1558.156800
5950.000000 1559.078400
6000.000000 1560.000000
-1 -1
0.0000000 0.0000401
5.0000000 0.0000401
10.0000000 0.0000401
15.0000000 0.0000401
20.0000000 0.0000401
25.0000000 0.0000401
30.0000000 0.0000401
35.0000000 0.0000401
40.0000000 0.0000401
45.0000000 0.0000402
50.0000000 0.0000403
55.0000000 0.0000406
60.0000000 0.0000413
65.0000000 0.0000418
70.0000000 0.0000419
75.0000000 0.0000421
80.0000000 0.0000424
85.0000000 0.0000426
90.0000000 0.0000431
95.0000000 0.0000433
100.0000000 0.0000436
105.0000000 0.0000439
110.0000000 0.0000442
115.0000000 0.0000444
120.0000000 0.0000447
125.0000000 0.0000451
130.0000000 0.0000456
135.0000000 0.0000461
140.0000000 0.0000463
145.0000000 0.0000469
150.0000000 0.0000481
155.0000000 0.0000490
160.0000000 0.0000494
165.0000000 0.0000496
170.0000000 0.0000498
175.0000000 0.0000506
180.0000000 0.0000514
185.0000000 0.0000517
190.0000000 0.0000524
195.0000000 0.0000538
200.0000000 0.0000554
220.0000000 0.0000581
240.0000000 0.0000599
260.0000000 0.0000619
280.0000000 0.0000621
300.0000000 0.0000620
320.0000000 0.0000615
340.0000000 0.0000612
360.0000000 0.0000603
380.0000000 0.0000594
400.0000000 0.0000587
420.0000000 0.0000576
440.0000000 0.0000569
460.0000000 0.0000561
480.0000000 0.0000554
500.0000000 0.0000549
550.0000000 0.0000529
600.0000000 0.0000507
650.0000000 0.0000485
700.0000000 0.0000464
750.0000000 0.0000445
800.0000000 0.0000425
850.0000000 0.0000408
900.0000000 0.0000392
950.0000000 0.0000376
1000.0000000 0.0000360
1050.0000000 0.0000368
1100.0000000 0.0000377
1150.0000000 0.0000385
1200.0000000 0.0000394
1250.0000000 0.0000403
1300.0000000 0.0000411
1350.0000000 0.0000420
1400.0000000 0.0000429
1450.0000000 0.0000438
1500.0000000 0.0000447
1550.0000000 0.0000456
1600.0000000 0.0000465
1650.0000000 0.0000475
1700.0000000 0.0000485
1750.0000000 0.0000495
1800.0000000 0.0000505
1850.0000000 0.0000516
1900.0000000 0.0000527
1950.0000000 0.0000538
2000.0000000 0.0000549
2050.0000000 0.0000553
2100.0000000 0.0000556
2150.0000000 0.0000559
2200.0000000 0.0000562
2250.0000000 0.0000565
2300.0000000 0.0000568
2350.0000000 0.0000571
2400.0000000 0.0000574
2450.0000000 0.0000577
2500.0000000 0.0000581
2550.0000000 0.0000584
2600.0000000 0.0000587
2650.0000000 0.0000590
2700.0000000 0.0000593
2750.0000000 0.0000596
2800.0000000 0.0000599
2850.0000000 0.0000602
2900.0000000 0.0000605
2950.0000000 0.0000608
3000.0000000 0.0000611
3050.0000000 0.0000614
3100.0000000 0.0000618
3150.0000000 0.0000621
3200.0000000 0.0000624
3250.0000000 0.0000627
3300.0000000 0.0000630
3350.0000000 0.0000634
3400.0000000 0.0000637
3450.0000000 0.0000640
3500.0000000 0.0000643
3550.0000000 0.0000643
3600.0000000 0.0000643
3650.0000000 0.0000643
3700.0000000 0.0000642
3750.0000000 0.0000642
3800.0000000 0.0000642
3850.0000000 0.0000641
3900.0000000 0.0000641
3950.0000000 0.0000641
4000.0000000 0.0000641
4050.0000000 0.0000640
4100.0000000 0.0000640
4150.0000000 0.0000640
4200.0000000 0.0000639
4250.0000000 0.0000639
4300.0000000 0.0000639
4350.0000000 0.0000638
4400.0000000 0.0000638
4450.0000000 0.0000638
4500.0000000 0.0000637
4550.0000000 0.0000637
4600.0000000 0.0000637
4650.0000000 0.0000636
4700.0000000 0.0000636
4750.0000000 0.0000636
4800.0000000 0.0000635
4850.0000000 0.0000635
4900.0000000 0.0000635
4950.0000000 0.0000635
5000.0000000 0.0000634
5050.0000000 0.0000634
5100.0000000 0.0000634
5150.0000000 0.0000634
5200.0000000 0.0000633
5250.0000000 0.0000633
5300.0000000 0.0000633
5350.0000000 0.0000633
5400.0000000 0.0000632
5450.0000000 0.0000632
5500.0000000 0.0000632
5550.0000000 0.0000632
5600.0000000 0.0000632
5650.0000000 0.0000631
5700.0000000 0.0000631
5750.0000000 0.0000631
5800.0000000 0.0000631
5850.0000000 0.0000630
5900.0000000 0.0000630
5950.0000000 0.0000630
6000.0000000 0.0000630
-1 -1
0.000000 1701.829938
-1 -1
0.000000 1.871582
-1 -1
0.000000 0.400431
1074.098000 0.400431
1104.098000 10.000000
-1 -1
37000.000000
0.000000 1543.979003
5.000000 1543.984903
10.000000 1544.031407
15.000000 1544.100364
20.000000 1544.163778
25.000000 1544.238314
30.000000 1544.319642
35.000000 1544.403906
40.000000 1544.480034
45.000000 1544.507337
50.000000 1544.485768
55.000000 1544.353579
60.000000 1544.108233
65.000000 1543.780691
70.000000 1543.391938
75.000000 1542.951368
80.000000 1542.469593
85.000000 1542.015610
90.000000 1541.617067
95.000000 1541.234567
100.000000 1540.827801
105.000000 1540.394942
110.000000 1539.913642
115.000000 1539.189521
120.000000 1538.297828
125.000000 1537.358838
130.000000 1536.365390
135.000000 1535.302353
140.000000 1534.215656
145.000000 1533.295623
150.000000 1532.417170
155.000000 1531.442305
160.000000 1530.409679
165.000000 1529.172778
170.000000 1527.877495
175.000000 1526.552562
180.000000 1525.283341
185.000000 1524.020852
190.000000 1522.592544
195.000000 1521.232886
200.000000 1519.767111
220.000000 1513.168514
240.000000 1507.896776
260.000000 1503.083832
280.000000 1499.334965
300.000000 1496.860032
320.000000 1494.854906
340.000000 1493.454049
360.000000 1492.504401
380.000000 1491.345924
400.000000 1490.273588
420.000000 1489.404766
440.000000 1488.510712
460.000000 1487.775528
480.000000 1487.243406
500.000000 1486.856878
550.000000 1486.457385
600.000000 1485.929998
650.000000 1485.397112
700.000000 1485.239304
750.000000 1484.977256
800.000000 1485.048959
850.000000 1485.191132
900.000000 1485.073800
950.000000 1484.950050
1000.000000 1484.783865
1050.000000 1484.691005
1100.000000 1484.897282
1150.000000 1484.991381
1200.000000 1484.671716
1250.000000 1484.733500
1300.000000 1485.102600
1350.000000 1485.298200
1400.000000 1485.692700
1450.000000 1486.136000
1500.000000 1486.524700
1550.000000 1486.944400
1600.000000 1487.552600
1650.000000 1488.022300
1700.000000 1488.490800
1750.000000 1488.973400
1800.000000 1489.484500
1850.000000 1489.967300
1900.000000 1490.368300
1950.000000 1491.072900
2000.000000 1491.671700
2050.000000 1492.158100
2100.000000 1492.745300
2150.000000 1493.480100
2200.000000 1494.120200
2250.000000 1494.826500
2300.000000 1495.507000
2350.000000 1496.177000
2400.000000 1496.959100
2450.000000 1497.672900
2500.000000 1498.397900
2550.000000 1499.119400
2600.000000 1499.872000
2650.000000 1500.608300
2700.000000 1501.433000
2750.000000 1502.271700
2800.000000 1503.060200
2850.000000 1503.881600
2900.000000 1504.706400
2950.000000 1505.487700
3000.000000 1506.303900
3050.000000 1507.120600
3100.000000 1507.921700
3150.000000 1508.768800
3200.000000 1509.596800
3250.000000 1510.451700
3300.000000 1511.326000
3350.000000 1512.158300
3400.000000 1513.012600
3450.000000 1513.846900
3500.000000 1514.700900
3550.000000 1515.556200
3600.000000 1516.406700
3650.000000 1517.255100
3700.000000 1518.137000
3750.000000 1519.006100
3800.000000 1519.878300
3850.000000 1520.746600
3900.000000 1521.632900
3950.000000 1522.488000
4000.000000 1523.337200
4050.000000 1524.228100
4100.000000 1525.115900
4150.000000 1526.008600
4200.000000 1526.898400
4250.000000 1527.792600
4300.000000 1528.699700
4350.000000 1529.601900
4400.000000 1530.516800
4450.000000 1531.427500
4500.000000 1532.342900
4550.000000 1533.259900
4600.000000 1534.151500
4650.000000 1535.116300
4700.000000 1536.037900
4750.000000 1536.959600
4800.000000 1537.881200
4850.000000 1538.802800
4900.000000 1539.724400
4950.000000 1540.646000
5000.000000 1541.567600
5050.000000 1542.489300
5100.000000 1543.410900
5150.000000 1544.332500
5200.000000 1545.254100
5250.000000 1546.175700
5300.000000 1547.097400
5350.000000 1548.019000
5400.000000 1548.940600
5450.000000 1549.862200
5500.000000 1550.783800
5550.000000 1551.705400
5600.000000 1552.627100
5650.000000 1553.548700
5700.000000 1554.470300
5750.000000 1555.391900
5800.000000 1556.313500
5850.000000 1557.235100
5900.000000 1558.156800
5950.000000 1559.078400
6000.000000 1560.000000
-1 -1
0.0000000 0.0000401
5.0000000 0.0000401
10.0000000 0.0000401
15.0000000 0.0000401
20.0000000 0.0000401
25.0000000 0.0000401
30.0000000 0.0000401
35.0000000 0.0000401
40.0000000 0.0000401
45.0000000 0.0000402
50.0000000 0.0000403
55.0000000 0.0000406
60.0000000 0.0000413
65.0000000 0.0000418
70.0000000 0.0000419
75.0000000 0.0000421
80.0000000 0.0000424
85.0000000 0.0000426
90.0000000 0.0000431
95.0000000 0.0000433
100.0000000 0.0000436
105.0000000 0.0000439
110.0000000 0.0000442
115.0000000 0.0000444
120.0000000 0.0000447
125.0000000 0.0000451
130.0000000 0.0000456
135.0000000 0.0000461
140.0000000 0.0000463
145.0000000 0.0000469
150.0000000 0.0000481
155.0000000 0.0000490
160.0000000 0.0000494
165.0000000 0.0000496
170.0000000 0.0000498
175.0000000 0.0000506
180.0000000 0.0000514
185.0000000 0.0000517
190.0000000 0.0000524
195.0000000 0.0000538
200.0000000 0.0000554
220.0000000 0.0000581
240.0000000 0.0000599
260.0000000 0.0000619
280.0000000 0.0000621
300.0000000 0.0000620
320.0000000 0.0000615
340.0000000 0.0000612
360.0000000 0.0000603
380.0000000 0.0000594
400.0000000 0.0000587
420.0000000 0.0000576
440.0000000 0.0000569
460.0000000 0.0000561
480.0000000 0.0000554
500.0000000 0.0000549
550.0000000 0.0000529
600.0000000 0.0000507
650.0000000 0.0000485
700.0000000 0.0000464
750.0000000 0.0000445
800.0000000 0.0000425
850.0000000 0.0000408
900.0000000 0.0000392
950.0000000 0.0000376
1000.0000000 0.0000360
1050.0000000 0.0000368
1100.0000000 0.0000377
1150.0000000 0.0000385
1200.0000000 0.0000394
1250.0000000 0.0000403
1300.0000000 0.0000411
1350.0000000 0.0000420
1400.0000000 0.0000429
1450.0000000 0.0000438
1500.0000000 0.0000447
1550.0000000 0.0000456
1600.0000000 0.0000465
1650.0000000 0.0000475
1700.0000000 0.0000485
1750.0000000 0.0000495
1800.0000000 0.0000505
1850.0000000 0.0000516
1900.0000000 0.0000527
1950.0000000 0.0000538
2000.0000000 0.0000549
2050.0000000 0.0000553
2100.0000000 0.0000556
2150.0000000 0.0000559
2200.0000000 0.0000562
2250.0000000 0.0000565
2300.0000000 0.0000568
2350.0000000 0.0000571
2400.0000000 0.0000574
2450.0000000 0.0000577
2500.0000000 0.0000581
2550.0000000 0.0000584
2600.0000000 0.0000587
2650.0000000 0.0000590
2700.0000000 0.0000593
2750.0000000 0.0000596
2800.0000000 0.0000599
2850.0000000 0.0000602
2900.0000000 0.0000605
2950.0000000 0.0000608
3000.0000000 0.0000611
3050.0000000 0.0000614
3100.0000000 0.0000618
3150.0000000 0.0000621
3200.0000000 0.0000624
3250.0000000 0.0000627
3300.0000000 0.0000630
3350.0000000 0.0000634
3400.0000000 0.0000637
3450.0000000 0.0000640
3500.0000000 0.0000643
3550.0000000 0.0000643
3600.0000000 0.0000643
3650.0000000 0.0000643
3700.0000000 0.0000642
3750.0000000 0.0000642
3800.0000000 0.0000642
3850.0000000 0.0000641
3900.0000000 0.0000641
3950.0000000 0.0000641
4000.0000000 0.0000641
4050.0000000 0.0000640
4100.0000000 0.0000640
4150.0000000 0.0000640
4200.0000000 0.0000639
4250.0000000 0.0000639
4300.0000000 0.0000639
4350.0000000 0.0000638
4400.0000000 0.0000638
4450.0000000 0.0000638
4500.0000000 0.0000637
4550.0000000 0.0000637
4600.0000000 0.0000637
4650.0000000 0.0000636
4700.0000000 0.0000636
4750.0000000 0.0000636
4800.0000000 0.0000635
4850.0000000 0.0000635
4900.0000000 0.0000635
4950.0000000 0.0000635
5000.0000000 0.0000634
5050.0000000 0.0000634
5100.0000000 0.0000634
5150.0000000 0.0000634
5200.0000000 0.0000633
5250.0000000 0.0000633
5300.0000000 0.0000633
5350.0000000 0.0000633
5400.0000000 0.0000632
5450.0000000 0.0000632
5500.0000000 0.0000632
5550.0000000 0.0000632
5600.0000000 0.0000632
5650.0000000 0.0000631
5700.0000000 0.0000631
5750.0000000 0.0000631
5800.0000000 0.0000631
5850.0000000 0.0000630
5900.0000000 0.0000630
5950.0000000 0.0000630
6000.0000000 0.0000630
-1 -1
0.000000 1701.499400
-1 -1
0.000000 1.871582
-1 -1
0.000000 0.400353
1074.098000 0.400353
1104.098000 10.000000
-1 -1
38000.000000
0.000000 1543.988885
5.000000 1543.994830
10.000000 1544.039758
15.000000 1544.107855
20.000000 1544.170537
25.000000 1544.244322
30.000000 1544.325220
35.000000 1544.409247
40.000000 1544.484946
45.000000 1544.511482
50.000000 1544.490739
55.000000 1544.364291
60.000000 1544.123614
65.000000 1543.799210
70.000000 1543.409741
75.000000 1542.965954
80.000000 1542.477642
85.000000 1542.009715
90.000000 1541.590992
95.000000 1541.183467
100.000000 1540.752633
105.000000 1540.296284
110.000000 1539.795709
115.000000 1539.074572
120.000000 1538.198913
125.000000 1537.286826
130.000000 1536.320110
135.000000 1535.278942
140.000000 1534.211877
145.000000 1533.290840
150.000000 1532.394328
155.000000 1531.388654
160.000000 1530.332599
165.000000 1529.091745
170.000000 1527.796986
175.000000 1526.482686
180.000000 1525.225120
185.000000 1523.976145
190.000000 1522.570264
195.000000 1521.216230
200.000000 1519.761305
220.000000 1513.220889
240.000000 1508.000855
260.000000 1503.157039
280.000000 1499.416858
300.000000 1496.931307
320.000000 1494.937436
340.000000 1493.567363
360.000000 1492.569144
380.000000 1491.373085
400.000000 1490.282225
420.000000 1489.393115
440.000000 1488.519462
460.000000 1487.798237
480.000000 1487.266135
500.000000 1486.891673
550.000000 1486.497566
600.000000 1485.977131
650.000000 1485.417499
700.000000 1485.235751
750.000000 1484.980171
800.000000 1485.070472
850.000000 1485.211277
900.000000 1485.083460
950.000000 1484.961193
1000.000000 1484.798229
1050.000000 1484.701110
1100.000000 1484.893794
1150.000000 1484.982008
1200.000000 1484.673094
1250.000000 1484.733500
1300.000000 1485.102600
1350.000000 1485.298200
1400.000000 1485.692700
1450.000000 1486.136000
1500.000000 1486.524700
1550.000000 1486.944400
1600.000000 1487.552600
1650.000000 1488.022300
1700.000000 1488.490800
1750.000000 1488.973400
1800.000000 1489.484500
1850.000000 1489.967300
1900.000000 1490.368300
1950.000000 1491.072900
2000.000000 1491.671700
2050.000000 1492.158100
2100.000000 1492.745300
2150.000000 1493.480100
2200.000000 1494.120200
2250.000000 1494.826500
2300.000000 1495.507000
2350.000000 1496.177000
2400.000000 1496.959100
2450.000000 1497.672900
2500.000000 1498.397900
2550.000000 1499.119400
2600.000000 1499.872000
2650.000000 1500.608300
2700.000000 1501.433000
2750.000000 1502.271700
2800.000000 1503.060200
2850.000000 1503.881600
2900.000000 1504.706400
2950.000000 1505.487700
3000.000000 1506.303900
3050.000000 1507.120600
3100.000000 1507.921700
3150.000000 1508.768800
3200.000000 1509.596800
3250.000000 1510.451700
3300.000000 1511.326000
3350.000000 1512.158300
3400.000000 1513.012600
3450.000000 1513.846900
3500.000000 1514.700900
3550.000000 1515.556200
3600.000000 1516.406700
3650.000000 1517.255100
3700.000000 1518.137000
3750.000000 1519.006100
3800.000000 1519.878300
3850.000000 1520.746600
3900.000000 1521.632900
3950.000000 1522.488000
4000.000000 1523.337200
4050.000000 1524.228100
4100.000000 1525.115900
4150.000000 1526.008600
4200.000000 1526.898400
4250.000000 1527.792600
4300.000000 1528.699700
4350.000000 1529.601900
4400.000000 1530.516800
4450.000000 1531.427500
4500.000000 1532.342900
4550.000000 1533.259900
4600.000000 1534.151500
4650.000000 1535.116300
4700.000000 1536.037900
4750.000000 1536.959600
4800.000000 1537.881200
4850.000000 1538.802800
4900.000000 1539.724400
4950.000000 1540.646000
5000.000000 1541.567600
5050.000000 1542.489300
5100.000000 1543.410900
5150.000000 1544.332500
5200.000000 1545.254100
5250.000000 1546.175700
5300.000000 1547.097400
5350.000000 1548.019000
5400.000000 1548.940600
5450.000000 1549.862200
5500.000000 1550.783800
5550.000000 1551.705400
5600.000000 1552.627100
5650.000000 1553.548700
5700.000000 1554.470300
5750.000000 1555.391900
5800.000000 1556.313500
5850.000000 1557.235100
5900.000000 1558.156800
5950.000000 1559.078400
6000.000000 1560.000000
-1 -1
0.0000000 0.0000401
5.0000000 0.0000401
10.0000000 0.0000401
15.0000000 0.0000401
20.0000000 0.0000401
25.0000000 0.0000401
30.0000000 0.0000401
35.0000000 0.0000401
40.0000000 0.0000401
45.0000000 0.0000402
50.0000000 0.0000403
55.0000000 0.0000406
60.0000000 0.0000413
65.0000000 0.0000418
70.0000000 0.0000419
75.0000000 0.0000421
80.0000000 0.0000424
85.0000000 0.0000426
90.0000000 0.0000431
95.0000000 0.0000433
100.0000000 0.0000436
105.0000000 0.0000439
110.0000000 0.0000442
115.0000000 0.0000444
120.0000000 0.0000447
125.0000000 0.0000451
130.0000000 0.0000456
135.0000000 0.0000461
140.0000000 0.0000463
145.0000000 0.0000469
150.0000000 0.0000481
155.0000000 0.0000490
160.0000000 0.0000494
165.0000000 0.0000496
170.0000000 0.0000498
175.0000000 0.0000506
180.0000000 0.0000514
185.0000000 0.0000517
190.0000000 0.0000524
195.0000000 0.0000538
200.0000000 0.0000554
220.0000000 0.0000581
240.0000000 0.0000599
260.0000000 0.0000619
280.0000000 0.0000621
300.0000000 0.0000620
320.0000000 0.0000615
340.0000000 0.0000612
360.0000000 0.0000603
380.0000000 0.0000594
400.0000000 0.0000587
420.0000000 0.0000576
440.0000000 0.0000569
460.0000000 0.0000561
480.0000000 0.0000554
500.0000000 0.0000549
550.0000000 0.0000529
600.0000000 0.0000507
650.0000000 0.0000485
700.0000000 0.0000464
750.0000000 0.0000445
800.0000000 0.0000425
850.0000000 0.0000408
900.0000000 0.0000392
950.0000000 0.0000376
1000.0000000 0.0000360
1050.0000000 0.0000368
1100.0000000 0.0000377
1150.0000000 0.0000385
1200.0000000 0.0000394
1250.0000000 0.0000403
1300.0000000 0.0000411
1350.0000000 0.0000420
1400.0000000 0.0000429
1450.0000000 0.0000438
1500.0000000 0.0000447
1550.0000000 0.0000456
1600.0000000 0.0000465
1650.0000000 0.0000475
1700.0000000 0.0000485
1750.0000000 0.0000495
1800.0000000 0.0000505
1850.0000000 0.0000516
1900.0000000 0.0000527
1950.0000000 0.0000538
2000.0000000 0.0000549
2050.0000000 0.0000553
2100.0000000 0.0000556
2150.0000000 0.0000559
2200.0000000 0.0000562
2250.0000000 0.0000565
2300.0000000 0.0000568
2350.0000000 0.0000571
2400.0000000 0.0000574
2450.0000000 0.0000577
2500.0000000 0.0000581
2550.0000000 0.0000584
2600.0000000 0.0000587
2650.0000000 0.0000590
2700.0000000 0.0000593
2750.0000000 0.0000596
2800.0000000 0.0000599
2850.0000000 0.0000602
2900.0000000 0.0000605
2950.0000000 0.0000608
3000.0000000 0.0000611
3050.0000000 0.0000614
3100.0000000 0.0000618
3150.0000000 0.0000621
3200.0000000 0.0000624
3250.0000000 0.0000627
3300.0000000 0.0000630
3350.0000000 0.0000634
3400.0000000 0.0000637
3450.0000000 0.0000640
3500.0000000 0.0000643
3550.0000000 0.0000643
3600.0000000 0.0000643
3650.0000000 0.0000643
3700.0000000 0.0000642
3750.0000000 0.0000642
3800.0000000 0.0000642
3850.0000000 0.0000641
3900.0000000 0.0000641
3950.0000000 0.0000641
4000.0000000 0.0000641
4050.0000000 0.0000640
4100.0000000 0.0000640
4150.0000000 0.0000640
4200.0000000 0.0000639
4250.0000000 0.0000639
4300.0000000 0.0000639
4350.0000000 0.0000638
4400.0000000 0.0000638
4450.0000000 0.0000638
4500.0000000 0.0000637
4550.0000000 0.0000637
4600.0000000 0.0000637
4650.0000000 0.0000636
4700.0000000 0.0000636
4750.0000000 0.0000636
4800.0000000 0.0000635
4850.0000000 0.0000635
4900.0000000 0.0000635
4950.0000000 0.0000635
5000.0000000 0.0000634
5050.0000000 0.0000634
5100.0000000 0.0000634
5150.0000000 0.0000634
5200.0000000 0.0000633
5250.0000000 0.0000633
5300.0000000 0.0000633
5350.0000000 0.0000633
5400.0000000 0.0000632
5450.0000000 0.0000632
5500.0000000 0.0000632
5550.0000000 0.0000632
5600.0000000 0.0000632
5650.0000000 0.0000631
5700.0000000 0.0000631
5750.0000000 0.0000631
5800.0000000 0.0000631
5850.0000000 0.0000630
5900.0000000 0.0000630
5950.0000000 0.0000630
6000.0000000 0.0000630
-1 -1
0.000000 1701.283735
-1 -1
0.000000 1.871582
-1 -1
0.000000 0.400302
1074.098000 0.400302
1104.098000 10.000000
-1 -1
39000.000000
0.000000 1543.998767
5.000000 1544.004756
10.000000 1544.048108
15.000000 1544.115345
20.000000 1544.177297
25.000000 1544.250330
30.000000 1544.330799
35.000000 1544.414589
40.000000 1544.489857
45.000000 1544.515628
50.000000 1544.495710
55.000000 1544.375003
60.000000 1544.138996
65.000000 1543.817729
70.000000 1543.427544
75.000000 1542.980540
80.000000 1542.485691
85.000000 1542.003821
90.000000 1541.564918
95.000000 1541.132366
100.000000 1540.677464
105.000000 1540.197625
110.000000 1539.677775
115.000000 1538.959623
120.000000 1538.099997
125.000000 1537.214815
130.000000 1536.274830
135.000000 1535.255531
140.000000 1534.208097
145.000000 1533.286057
150.000000 1532.371485
155.000000 1531.335004
160.000000 1530.255518
165.000000 1529.010711
170.000000 1527.716476
175.000000 1526.412809
180.000000 1525.166899
185.000000 1523.931438
190.000000 1522.547985
195.000000 1521.199573
200.000000 1519.755499
220.000000 1513.273265
240.000000 1508.104934
260.000000 1503.230246
280.000000 1499.498752
300.000000 1497.002582
320.000000 1495.019967
340.000000 1493.680676
360.000000 1492.633887
380.000000 1491.400246
400.000000 1490.290862
420.000000 1489.381464
440.000000 1488.528213
460.000000 1487.820946
480.000000 1487.288864
500.000000 1486.926468
550.000000 1486.537746
600.000000 1486.024264
650.000000 1485.437886
700.000000 1485.232198
750.000000 1484.983086
800.000000 1485.091986
850.000000 1485.231421
900.000000 1485.093120
950.000000 1484.972335
1000.000000 1484.812593
1050.000000 1484.711214
1100.000000 1484.890305
1150.000000 1484.972635
1200.000000 1484.674473
1250.000000 1484.733500
1300.000000 1485.102600
1350.000000 1485.298200
1400.000000 1485.692700
1450.000000 1486.136000
1500.000000 1486.524700
1550.000000 1486.944400
1600.000000 1487.552600
1650.000000 1488.022300
1700.000000 1488.490800
1750.000000 1488.973400
1800.000000 1489.484500
1850.000000 1489.967300
1900.000000 1490.368300
1950.000000 1491.072900
2000.000000 1491.671700
2050.000000 1492.158100
2100.000000 1492.745300
2150.000000 1493.480100
2200.000000 1494.120200
2250.000000 1494.826500
2300.000000 1495.507000
2350.000000 1496.177000
2400.000000 1496.959100
2450.000000 1497.672900
2500.000000 1498.397900
2550.000000 1499.119400
2600.000000 1499.872000
2650.000000 1500.608300
2700.000000 1501.433000
2750.000000 1502.271700
2800.000000 1503.060200
2850.000000 1503.881600
2900.000000 1504.706400
2950.000000 1505.487700
3000.000000 1506.303900
3050.000000 1507.120600
3100.000000 1507.921700
3150.000000 1508.768800
3200.000000 1509.596800
3250.000000 1510.451700
3300.000000 1511.326000
3350.000000 1512.158300
3400.000000 1513.012600
3450.000000 1513.846900
3500.000000 1514.700900
3550.000000 1515.556200
3600.000000 1516.406700
3650.000000 1517.255100
3700.000000 1518.137000
3750.000000 1519.006100
3800.000000 1519.878300
3850.000000 1520.746600
3900.000000 1521.632900
3950.000000 1522.488000
4000.000000 1523.337200
4050.000000 1524.228100
4100.000000 1525.115900
4150.000000 1526.008600
4200.000000 1526.898400
4250.000000 1527.792600
4300.000000 1528.699700
4350.000000 1529.601900
4400.000000 1530.516800
4450.000000 1531.427500
4500.000000 1532.342900
4550.000000 1533.259900
4600.000000 1534.151500
4650.000000 1535.116300
4700.000000 1536.037900
4750.000000 1536.959600
4800.000000 1537.881200
4850.000000 1538.802800
4900.000000 1539.724400
4950.000000 1540.646000
5000.000000 1541.567600
5050.000000 1542.489300
5100.000000 1543.410900
5150.000000 1544.332500
5200.000000 1545.254100
5250.000000 1546.175700
5300.000000 1547.097400
5350.000000 1548.019000
5400.000000 1548.940600
5450.000000 1549.862200
5500.000000 1550.783800
5550.000000 1551.705400
5600.000000 1552.627100
5650.000000 1553.548700
5700.000000 1554.470300
5750.000000 1555.391900
5800.000000 1556.313500
5850.000000 1557.235100
5900.000000 1558.156800
5950.000000 1559.078400
6000.000000 1560.000000
-1 -1
0.0000000 0.0000401
5.0000000 0.0000401
10.0000000 0.0000401
15.0000000 0.0000401
20.0000000 0.0000401
25.0000000 0.0000401
30.0000000 0.0000401
35.0000000 0.0000401
40.0000000 0.0000401
45.0000000 0.0000402
50.0000000 0.0000403
55.0000000 0.0000406
60.0000000 0.0000413
65.0000000 0.0000418
70.0000000 0.0000419
75.0000000 0.0000421
80.0000000 0.0000424
85.0000000 0.0000426
90.0000000 0.0000431
95.0000000 0.0000433
100.0000000 0.0000436
105.0000000 0.0000439
110.0000000 0.0000442
115.0000000 0.0000444
120.0000000 0.0000447
125.0000000 0.0000451
130.0000000 0.0000456
135.0000000 0.0000461
140.0000000 0.0000463
145.0000000 0.0000469
150.0000000 0.0000481
155.0000000 0.0000490
160.0000000 0.0000494
165.0000000 0.0000496
170.0000000 0.0000498
175.0000000 0.0000506
180.0000000 0.0000514
185.0000000 0.0000517
190.0000000 0.0000524
195.0000000 0.0000538
200.0000000 0.0000554
220.0000000 0.0000581
240.0000000 0.0000599
260.0000000 0.0000619
280.0000000 0.0000621
300.0000000 0.0000620
320.0000000 0.0000615
340.0000000 0.0000612
360.0000000 0.0000603
380.0000000 0.0000594
400.0000000 0.0000587
420.0000000 0.0000576
440.0000000 0.0000569
460.0000000 0.0000561
480.0000000 0.0000554
500.0000000 0.0000549
550.0000000 0.0000529
600.0000000 0.0000507
650.0000000 0.0000485
700.0000000 0.0000464
750.0000000 0.0000445
800.0000000 0.0000425
850.0000000 0.0000408
900.0000000 0.0000392
950.0000000 0.0000376
1000.0000000 0.0000360
1050.0000000 0.0000368
1100.0000000 0.0000377
1150.0000000 0.0000385
1200.0000000 0.0000394
1250.0000000 0.0000403
1300.0000000 0.0000411
1350.0000000 0.0000420
1400.0000000 0.0000429
1450.0000000 0.0000438
1500.0000000 0.0000447
1550.0000000 0.0000456
1600.0000000 0.0000465
1650.0000000 0.0000475
1700.0000000 0.0000485
1750.0000000 0.0000495
1800.0000000 0.0000505
1850.0000000 0.0000516
1900.0000000 0.0000527
1950.0000000 0.0000538
2000.0000000 0.0000549
2050.0000000 0.0000553
2100.0000000 0.0000556
2150.0000000 0.0000559
2200.0000000 0.0000562
2250.0000000 0.0000565
2300.0000000 0.0000568
2350.0000000 0.0000571
2400.0000000 0.0000574
2450.0000000 0.0000577
2500.0000000 0.0000581
2550.0000000 0.0000584
2600.0000000 0.0000587
2650.0000000 0.0000590
2700.0000000 0.0000593
2750.0000000 0.0000596
2800.0000000 0.0000599
2850.0000000 0.0000602
2900.0000000 0.0000605
2950.0000000 0.0000608
3000.0000000 0.0000611
3050.0000000 0.0000614
3100.0000000 0.0000618
3150.0000000 0.0000621
3200.0000000 0.0000624
3250.0000000 0.0000627
3300.0000000 0.0000630
3350.0000000 0.0000634
3400.0000000 0.0000637
3450.0000000 0.0000640
3500.0000000 0.0000643
3550.0000000 0.0000643
3600.0000000 0.0000643
3650.0000000 0.0000643
3700.0000000 0.0000642
3750.0000000 0.0000642
3800.0000000 0.0000642
3850.0000000 0.0000641
3900.0000000 0.0000641
3950.0000000 0.0000641
4000.0000000 0.0000641
4050.0000000 0.0000640
4100.0000000 0.0000640
4150.0000000 0.0000640
4200.0000000 0.0000639
4250.0000000 0.0000639
4300.0000000 0.0000639
4350.0000000 0.0000638
4400.0000000 0.0000638
4450.0000000 0.0000638
4500.0000000 0.0000637
4550.0000000 0.0000637
4600.0000000 0.0000637
4650.0000000 0.0000636
4700.0000000 0.0000636
4750.0000000 0.0000636
4800.0000000 0.0000635
4850.0000000 0.0000635
4900.0000000 0.0000635
4950.0000000 0.0000635
5000.0000000 0.0000634
5050.0000000 0.0000634
5100.0000000 0.0000634
5150.0000000 0.0000634
5200.0000000 0.0000633
5250.0000000 0.0000633
5300.0000000 0.0000633
5350.0000000 0.0000633
5400.0000000 0.0000632
5450.0000000 0.0000632
5500.0000000 0.0000632
5550.0000000 0.0000632
5600.0000000 0.0000632
5650.0000000 0.0000631
5700.0000000 0.0000631
5750.0000000 0.0000631
5800.0000000 0.0000631
5850.0000000 0.0000630
5900.0000000 0.0000630
5950.0000000 0.0000630
6000.0000000 0.0000630
-1 -1
0.000000 1701.127092
-1 -1
0.000000 1.871582
-1 -1
0.000000 0.400265
1074.098000 0.400265
1104.098000 10.000000
-1 -1
40000.000000
0.000000 1544.008649
5.000000 1544.014683
10.000000 1544.056458
15.000000 1544.122836
20.000000 1544.184056
25.000000 1544.256339
30.000000 1544.336377
35.000000 1544.419930
40.000000 1544.494769
45.000000 1544.519773
50.000000 1544.500681
55.000000 1544.385716
60.000000 1544.154377
65.000000 1543.836248
70.000000 1543.445346
75.000000 1542.995126
80.000000 1542.493740
85.000000 1541.997926
90.000000 1541.538844
95.000000 1541.081265
100.000000 1540.602296
105.000000 1540.098967
110.000000 1539.559842
115.000000 1538.844674
120.000000 1538.001082
125.000000 1537.142804
130.000000 1536.229550
135.000000 1535.232120
140.000000 1534.204317
145.000000 1533.281274
150.000000 1532.348643
155.000000 1531.281354
160.000000 1530.178437
165.000000 1528.929677
170.000000 1527.635966
175.000000 1526.342932
180.000000 1525.108679
185.000000 1523.886731
190.000000 1522.525706
195.000000 1521.182917
200.000000 1519.749694
220.000000 1513.325640
240.000000 1508.209012
260.000000 1503.303453
280.000000 1499.580645
300.000000 1497.073857
320.000000 1495.102498
340.000000 1493.793990
360.000000 1492.698630
380.000000 1491.427407
400.000000 1490.299499
420.000000 1489.369813
440.000000 1488.536964
460.000000 1487.843656
480.000000 1487.311593
500.000000 1486.961264
550.000000 1486.577927
600.000000 1486.071397
650.000000 1485.458273
700.000000 1485.228646
750.000000 1484.986001
800.000000 1485.113499
850.000000 1485.251566
900.000000 1485.102780
950.000000 1484.983477
1000.000000 1484.826956
1050.000000 1484.721319
1100.000000 1484.886817
1150.000000 1484.963261
1200.000000 1484.675852
1250.000000 1484.733500
1300.000000 1485.102600
1350.000000 1485.298200
1400.000000 1485.692700
1450.000000 1486.136000
1500.000000 1486.524700
1550.000000 1486.944400
1600.000000 1487.552600
1650.000000 1488.022300
1700.000000 1488.490800
1750.000000 1488.973400
1800.000000 1489.484500
1850.000000 1489.967300
1900.000000 1490.368300
1950.000000 1491.072900
2000.000000 1491.671700
2050.000000 1492.158100
2100.000000 1492.745300
2150.000000 1493.480100
2200.000000 1494.120200
2250.000000 1494.826500
2300.000000 1495.507000
2350.000000 1496.177000
2400.000000 1496.959100
2450.000000 1497.672900
2500.000000 1498.397900
2550.000000 1499.119400
2600.000000 1499.872000
2650.000000 1500.608300
2700.000000 1501.433000
2750.000000 1502.271700
2800.000000 1503.060200
2850.000000 1503.881600
2900.000000 1504.706400
2950.000000 1505.487700
3000.000000 1506.303900
3050.000000 1507.120600
3100.000000 1507.921700
3150.000000 1508.768800
3200.000000 1509.596800
3250.000000 1510.451700
3300.000000 1511.326000
3350.000000 1512.158300
3400.000000 1513.012600
3450.000000 1513.846900
3500.000000 1514.700900
3550.000000 1515.556200
3600.000000 1516.406700
3650.000000 1517.255100
3700.000000 1518.137000
3750.000000 1519.006100
3800.000000 1519.878300
3850.000000 1520.746600
3900.000000 1521.632900
3950.000000 1522.488000
4000.000000 1523.337200
4050.000000 1524.228100
4100.000000 1525.115900
4150.000000 1526.008600
4200.000000 1526.898400
4250.000000 1527.792600
4300.000000 1528.699700
4350.000000 1529.601900
4400.000000 1530.516800
4450.000000 1531.427500
4500.000000 1532.342900
4550.000000 1533.259900
4600.000000 1534.151500
4650.000000 1535.116300
4700.000000 1536.037900
4750.000000 1536.959600
4800.000000 1537.881200
4850.000000 1538.802800
4900.000000 1539.724400
4950.000000 1540.646000
5000.000000 1541.567600
5050.000000 1542.489300
5100.000000 1543.410900
5150.000000 1544.332500
5200.000000 1545.254100
5250.000000 1546.175700
5300.000000 1547.097400
5350.000000 1548.019000
5400.000000 1548.940600
5450.000000 1549.862200
5500.000000 1550.783800
5550.000000 1551.705400
5600.000000 1552.627100
5650.000000 1553.548700
5700.000000 1554.470300
5750.000000 1555.391900
5800.000000 1556.313500
5850.000000 1557.235100
5900.000000 1558.156800
5950.000000 1559.078400
6000.000000 1560.000000
-1 -1
0.0000000 0.0000401
5.0000000 0.0000401
10.0000000 0.0000401
15.0000000 0.0000401
20.0000000 0.0000401
25.0000000 0.0000401
30.0000000 0.0000401
35.0000000 0.0000401
40.0000000 0.0000401
45.0000000 0.0000402
50.0000000 0.0000403
55.0000000 0.0000406
60.0000000 0.0000413
65.0000000 0.0000418
70.0000000 0.0000419
75.0000000 0.0000421
80.0000000 0.0000424
85.0000000 0.0000426
90.0000000 0.0000431
95.0000000 0.0000433
100.0000000 0.0000436
105.0000000 0.0000439
110.0000000 0.0000442
115.0000000 0.0000444
120.0000000 0.0000447
125.0000000 0.0000451
130.0000000 0.0000456
135.0000000 0.0000461
140.0000000 0.0000463
145.0000000 0.0000469
150.0000000 0.0000481
155.0000000 0.0000490
160.0000000 0.0000494
165.0000000 0.0000496
170.0000000 0.0000498
175.0000000 0.0000506
180.0000000 0.0000514
185.0000000 0.0000517
190.0000000 0.0000524
195.0000000 0.0000538
200.0000000 0.0000554
220.0000000 0.0000581
240.0000000 0.0000599
260.0000000 0.0000619
280.0000000 0.0000621
300.0000000 0.0000620
320.0000000 0.0000615
340.0000000 0.0000612
360.0000000 0.0000603
380.0000000 0.0000594
400.0000000 0.0000587
420.0000000 0.0000576
440.0000000 0.0000569
460.0000000 0.0000561
480.0000000 0.0000554
500.0000000 0.0000549
550.0000000 0.0000529
600.0000000 0.0000507
650.0000000 0.0000485
700.0000000 0.0000464
750.0000000 0.0000445
800.0000000 0.0000425
850.0000000 0.0000408
900.0000000 0.0000392
950.0000000 0.0000376
1000.0000000 0.0000360
1050.0000000 0.0000368
1100.0000000 0.0000377
1150.0000000 0.0000385
1200.0000000 0.0000394
1250.0000000 0.0000403
1300.0000000 0.0000411
1350.0000000 0.0000420
1400.0000000 0.0000429
1450.0000000 0.0000438
1500.0000000 0.0000447
1550.0000000 0.0000456
1600.0000000 0.0000465
1650.0000000 0.0000475
1700.0000000 0.0000485
1750.0000000 0.0000495
1800.0000000 0.0000505
1850.0000000 0.0000516
1900.0000000 0.0000527
1950.0000000 0.0000538
2000.0000000 0.0000549
2050.0000000 0.0000553
2100.0000000 0.0000556
2150.0000000 0.0000559
2200.0000000 0.0000562
2250.0000000 0.0000565
2300.0000000 0.0000568
2350.0000000 0.0000571
2400.0000000 0.0000574
2450.0000000 0.0000577
2500.0000000 0.0000581
2550.0000000 0.0000584
2600.0000000 0.0000587
2650.0000000 0.0000590
2700.0000000 0.0000593
2750.0000000 0.0000596
2800.0000000 0.0000599
2850.0000000 0.0000602
2900.0000000 0.0000605
2950.0000000 0.0000608
3000.0000000 0.0000611
3050.0000000 0.0000614
3100.0000000 0.0000618
3150.0000000 0.0000621
3200.0000000 0.0000624
3250.0000000 0.0000627
3300.0000000 0.0000630
3350.0000000 0.0000634
3400.0000000 0.0000637
3450.0000000 0.0000640
3500.0000000 0.0000643
3550.0000000 0.0000643
3600.0000000 0.0000643
3650.0000000 0.0000643
3700.0000000 0.0000642
3750.0000000 0.0000642
3800.0000000 0.0000642
3850.0000000 0.0000641
3900.0000000 0.0000641
3950.0000000 0.0000641
4000.0000000 0.0000641
4050.0000000 0.0000640
4100.0000000 0.0000640
4150.0000000 0.0000640
4200.0000000 0.0000639
4250.0000000 0.0000639
4300.0000000 0.0000639
4350.0000000 0.0000638
4400.0000000 0.0000638
4450.0000000 0.0000638
4500.0000000 0.0000637
4550.0000000 0.0000637
4600.0000000 0.0000637
4650.0000000 0.0000636
4700.0000000 0.0000636
4750.0000000 0.0000636
4800.0000000 0.0000635
4850.0000000 0.0000635
4900.0000000 0.0000635
4950.0000000 0.0000635
5000.0000000 0.0000634
5050.0000000 0.0000634
5100.0000000 0.0000634
5150.0000000 0.0000634
5200.0000000 0.0000633
5250.0000000 0.0000633
5300.0000000 0.0000633
5350.0000000 0.0000633
5400.0000000 0.0000632
5450.0000000 0.0000632
5500.0000000 0.0000632
5550.0000000 0.0000632
5600.0000000 0.0000632
5650.0000000 0.0000631
5700.0000000 0.0000631
5750.0000000 0.0000631
5800.0000000 0.0000631
5850.0000000 0.0000630
5900.0000000 0.0000630
5950.0000000 0.0000630
6000.0000000 0.0000630
-1 -1
0.000000 1700.997355
-1 -1
0.000000 1.871582
-1 -1
0.000000 0.400235
1074.098000 0.400235
1104.098000 10.000000
-1 -1
41000.000000
0.000000 1544.018531
5.000000 1544.024610
10.000000 1544.064809
15.000000 1544.130327
20.000000 1544.190815
25.000000 1544.262347
30.000000 1544.341956
35.000000 1544.425271
40.000000 1544.499680
45.000000 1544.523919
50.000000 1544.505651
55.000000 1544.396428
60.000000 1544.169759
65.000000 1543.854768
70.000000 1543.463149
75.000000 1543.009712
80.000000 1542.501789
85.000000 1541.992031
90.000000 1541.512770
95.000000 1541.030165
100.000000 1540.527127
105.000000 1540.000308
110.000000 1539.441908
115.000000 1538.729724
120.000000 1537.902166
125.000000 1537.070793
130.000000 1536.184270
135.000000 1535.208709
140.000000 1534.200537
145.000000 1533.276491
150.000000 1532.325800
155.000000 1531.227704
160.000000 1530.101356
165.000000 1528.848644
170.000000 1527.555456
175.000000 1526.273055
180.000000 1525.050458
185.000000 1523.842025
190.000000 1522.503426
195.000000 1521.166261
200.000000 1519.743888
220.000000 1513.378016
240.000000 1508.313091
260.000000 1503.376660
280.000000 1499.662539
300.000000 1497.145132
320.000000 1495.185029
340.000000 1493.907304
360.000000 1492.763373
380.000000 1491.454568
400.000000 1490.308136
420.000000 1489.358162
440.000000 1488.545714
460.000000 1487.866365
480.000000 1487.334322
500.000000 1486.996059
550.000000 1486.618108
600.000000 1486.118530
650.000000 1485.478660
700.000000 1485.225093
750.000000 1484.988917
800.000000 1485.135013
850.000000 1485.271711
900.000000 1485.112439
950.000000 1484.994619
1000.000000 1484.841320
1050.000000 1484.731423
1100.000000 1484.883328
1150.000000 1484.953888
1200.000000 1484.677230
1250.000000 1484.733500
1300.000000 1485.102600
1350.000000 1485.298200
1400.000000 1485.692700
1450.000000 1486.136000
1500.000000 1486.524700
1550.000000 1486.944400
1600.000000 1487.552600
1650.000000 1488.022300
1700.000000 1488.490800
1750.000000 1488.973400
1800.000000 1489.484500
1850.000000 1489.967300
1900.000000 1490.368300
1950.000000 1491.072900
2000.000000 1491.671700
2050.000000 1492.158100
2100.000000 1492.745300
2150.000000 1493.480100
2200.000000 1494.120200
2250.000000 1494.826500
2300.000000 1495.507000
2350.000000 1496.177000
2400.000000 1496.959100
2450.000000 1497.672900
2500.000000 1498.397900
2550.000000 1499.119400
2600.000000 1499.872000
2650.000000 1500.608300
2700.000000 1501.433000
2750.000000 1502.271700
2800.000000 1503.060200
2850.000000 1503.881600
2900.000000 1504.706400
2950.000000 1505.487700
3000.000000 1506.303900
3050.000000 1507.120600
3100.000000 1507.921700
3150.000000 1508.768800
3200.000000 1509.596800
3250.000000 1510.451700
3300.000000 1511.326000
3350.000000 1512.158300
3400.000000 1513.012600
3450.000000 1513.846900
3500.000000 1514.700900
3550.000000 1515.556200
3600.000000 1516.406700
3650.000000 1517.255100
3700.000000 1518.137000
3750.000000 1519.006100
3800.000000 1519.878300
3850.000000 1520.746600
3900.000000 1521.632900
3950.000000 1522.488000
4000.000000 1523.337200
4050.000000 1524.228100
4100.000000 1525.115900
4150.000000 1526.008600
4200.000000 1526.898400
4250.000000 1527.792600
4300.000000 1528.699700
4350.000000 1529.601900
4400.000000 1530.516800
4450.000000 1531.427500
4500.000000 1532.342900
4550.000000 1533.259900
4600.000000 1534.151500
4650.000000 1535.116300
4700.000000 1536.037900
4750.000000 1536.959600
4800.000000 1537.881200
4850.000000 1538.802800
4900.000000 1539.724400
4950.000000 1540.646000
5000.000000 1541.567600
5050.000000 1542.489300
5100.000000 1543.410900
5150.000000 1544.332500
5200.000000 1545.254100
5250.000000 1546.175700
5300.000000 1547.097400
5350.000000 1548.019000
5400.000000 1548.940600
5450.000000 1549.862200
5500.000000 1550.783800
5550.000000 1551.705400
5600.000000 1552.627100
5650.000000 1553.548700
5700.000000 1554.470300
5750.000000 1555.391900
5800.000000 1556.313500
5850.000000 1557.235100
5900.000000 1558.156800
5950.000000 1559.078400
6000.000000 1560.000000
-1 -1
0.0000000 0.0000401
5.0000000 0.0000401
10.0000000 0.0000401
15.0000000 0.0000401
20.0000000 0.0000401
25.0000000 0.0000401
30.0000000 0.0000401
35.0000000 0.0000401
40.0000000 0.0000401
45.0000000 0.0000402
50.0000000 0.0000403
55.0000000 0.0000406
60.0000000 0.0000413
65.0000000 0.0000418
70.0000000 0.0000419
75.0000000 0.0000421
80.0000000 0.0000424
85.0000000 0.0000426
90.0000000 0.0000431
95.0000000 0.0000433
100.0000000 0.0000436
105.0000000 0.0000439
110.0000000 0.0000442
115.0000000 0.0000444
120.0000000 0.0000447
125.0000000 0.0000451
130.0000000 0.0000456
135.0000000 0.0000461
140.0000000 0.0000463
145.0000000 0.0000469
150.0000000 0.0000481
155.0000000 0.0000490
160.0000000 0.0000494
165.0000000 0.0000496
170.0000000 0.0000498
175.0000000 0.0000506
180.0000000 0.0000514
185.0000000 0.0000517
190.0000000 0.0000524
195.0000000 0.0000538
200.0000000 0.0000554
220.0000000 0.0000581
240.0000000 0.0000599
260.0000000 0.0000619
280.0000000 0.0000621
300.0000000 0.0000620
320.0000000 0.0000615
340.0000000 0.0000612
360.0000000 0.0000603
380.0000000 0.0000594
400.0000000 0.0000587
420.0000000 0.0000576
440.0000000 0.0000569
460.0000000 0.0000561
480.0000000 0.0000554
500.0000000 0.0000549
550.0000000 0.0000529
600.0000000 0.0000507
650.0000000 0.0000485
700.0000000 0.0000464
750.0000000 0.0000445
800.0000000 0.0000425
850.0000000 0.0000408
900.0000000 0.0000392
950.0000000 0.0000376
1000.0000000 0.0000360
1050.0000000 0.0000368
1100.0000000 0.0000377
1150.0000000 0.0000385
1200.0000000 0.0000394
1250.0000000 0.0000403
1300.0000000 0.0000411
1350.0000000 0.0000420
1400.0000000 0.0000429
1450.0000000 0.0000438
1500.0000000 0.0000447
1550.0000000 0.0000456
1600.0000000 0.0000465
1650.0000000 0.0000475
1700.0000000 0.0000485
1750.0000000 0.0000495
1800.0000000 0.0000505
1850.0000000 0.0000516
1900.0000000 0.0000527
1950.0000000 0.0000538
2000.0000000 0.0000549
2050.0000000 0.0000553
2100.0000000 0.0000556
2150.0000000 0.0000559
2200.0000000 0.0000562
2250.0000000 0.0000565
2300.0000000 0.0000568
2350.0000000 0.0000571
2400.0000000 0.0000574
2450.0000000 0.0000577
2500.0000000 0.0000581
2550.0000000 0.0000584
2600.0000000 0.0000587
2650.0000000 0.0000590
2700.0000000 0.0000593
2750.0000000 0.0000596
2800.0000000 0.0000599
2850.0000000 0.0000602
2900.0000000 0.0000605
2950.0000000 0.0000608
3000.0000000 0.0000611
3050.0000000 0.0000614
3100.0000000 0.0000618
3150.0000000 0.0000621
3200.0000000 0.0000624
3250.0000000 0.0000627
3300.0000000 0.0000630
3350.0000000 0.0000634
3400.0000000 0.0000637
3450.0000000 0.0000640
3500.0000000 0.0000643
3550.0000000 0.0000643
3600.0000000 0.0000643
3650.0000000 0.0000643
3700.0000000 0.0000642
3750.0000000 0.0000642
3800.0000000 0.0000642
3850.0000000 0.0000641
3900.0000000 0.0000641
3950.0000000 0.0000641
4000.0000000 0.0000641
4050.0000000 0.0000640
4100.0000000 0.0000640
4150.0000000 0.0000640
4200.0000000 0.0000639
4250.0000000 0.0000639
4300.0000000 0.0000639
4350.0000000 0.0000638
4400.0000000 0.0000638
4450.0000000 0.0000638
4500.0000000 0.0000637
4550.0000000 0.0000637
4600.0000000 0.0000637
4650.0000000 0.0000636
4700.0000000 0.0000636
4750.0000000 0.0000636
4800.0000000 0.0000635
4850.0000000 0.0000635
4900.0000000 0.0000635
4950.0000000 0.0000635
5000.0000000 0.0000634
5050.0000000 0.0000634
5100.0000000 0.0000634
5150.0000000 0.0000634
5200.0000000 0.0000633
5250.0000000 0.0000633
5300.0000000 0.0000633
5350.0000000 0.0000633
5400.0000000 0.0000632
5450.0000000 0.0000632
5500.0000000 0.0000632
5550.0000000 0.0000632
5600.0000000 0.0000632
5650.0000000 0.0000631
5700.0000000 0.0000631
5750.0000000 0.0000631
5800.0000000 0.0000631
5850.0000000 0.0000630
5900.0000000 0.0000630
5950.0000000 0.0000630
6000.0000000 0.0000630
-1 -1
0.000000 1699.505827
-1 -1
0.000000 1.871582
-1 -1
0.000000 0.399884
1074.098000 0.399884
1104.098000 10.000000
-1 -1
42000.000000
0.000000 1544.028413
5.000000 1544.034536
10.000000 1544.073159
15.000000 1544.137817
20.000000 1544.197575
25.000000 1544.268355
30.000000 1544.347534
35.000000 1544.430612
40.000000 1544.504591
45.000000 1544.528064
50.000000 1544.510622
55.000000 1544.407140
60.000000 1544.185140
65.000000 1543.873287
70.000000 1543.480952
75.000000 1543.024298
80.000000 1542.509838
85.000000 1541.986136
90.000000 1541.486696
95.000000 1540.979064
100.000000 1540.451958
105.000000 1539.901650
110.000000 1539.323974
115.000000 1538.614775
120.000000 1537.803251
125.000000 1536.998781
130.000000 1536.138990
135.000000 1535.185299
140.000000 1534.196757
145.000000 1533.271708
150.000000 1532.302957
155.000000 1531.174054
160.000000 1530.024275
165.000000 1528.767610
170.000000 1527.474946
175.000000 1526.203179
180.000000 1524.992237
185.000000 1523.797318
190.000000 1522.481147
195.000000 1521.149604
200.000000 1519.738082
220.000000 1513.430391
240.000000 1508.417170
260.000000 1503.449867
280.000000 1499.744432
300.000000 1497.216407
320.000000 1495.267560
340.000000 1494.020617
360.000000 1492.828116
380.000000 1491.481729
400.000000 1490.316773
420.000000 1489.346511
440.000000 1488.554465
460.000000 1487.889074
480.000000 1487.357051
500.000000 1487.030854
550.000000 1486.658289
600.000000 1486.165663
650.000000 1485.499047
700.000000 1485.221540
750.000000 1484.991832
800.000000 1485.156526
850.000000 1485.291856
900.000000 1485.122099
950.000000 1485.005761
1000.000000 1484.855684
1050.000000 1484.741528
1100.000000 1484.879840
1150.000000 1484.944515
1200.000000 1484.678609
1250.000000 1484.733500
1300.000000 1485.102600
1350.000000 1485.298200
1400.000000 1485.692700
1450.000000 1486.136000
1500.000000 1486.524700
1550.000000 1486.944400
1600.000000 1487.552600
1650.000000 1488.022300
1700.000000 1488.490800
1750.000000 1488.973400
1800.000000 1489.484500
1850.000000 1489.967300
1900.000000 1490.368300
1950.000000 1491.072900
2000.000000 1491.671700
2050.000000 1492.158100
2100.000000 1492.745300
2150.000000 1493.480100
2200.000000 1494.120200
2250.000000 1494.826500
2300.000000 1495.507000
2350.000000 1496.177000
2400.000000 1496.959100
2450.000000 1497.672900
2500.000000 1498.397900
2550.000000 1499.119400
2600.000000 1499.872000
2650.000000 1500.608300
2700.000000 1501.433000
2750.000000 1502.271700
2800.000000 1503.060200
2850.000000 1503.881600
2900.000000 1504.706400
2950.000000 1505.487700
3000.000000 1506.303900
3050.000000 1507.120600
3100.000000 1507.921700
3150.000000 1508.768800
3200.000000 1509.596800
3250.000000 1510.451700
3300.000000 1511.326000
3350.000000 1512.158300
3400.000000 1513.012600
3450.000000 1513.846900
3500.000000 1514.700900
3550.000000 1515.556200
3600.000000 1516.406700
3650.000000 1517.255100
3700.000000 1518.137000
3750.000000 1519.006100
3800.000000 1519.878300
3850.000000 1520.746600
3900.000000 1521.632900
3950.000000 1522.488000
4000.000000 1523.337200
4050.000000 1524.228100
4100.000000 1525.115900
4150.000000 1526.008600
4200.000000 1526.898400
4250.000000 1527.792600
4300.000000 1528.699700
4350.000000 1529.601900
4400.000000 1530.516800
4450.000000 1531.427500
4500.000000 1532.342900
4550.000000 1533.259900
4600.000000 1534.151500
4650.000000 1535.116300
4700.000000 1536.037900
4750.000000 1536.959600
4800.000000 1537.881200
4850.000000 1538.802800
4900.000000 1539.724400
4950.000000 1540.646000
5000.000000 1541.567600
5050.000000 1542.489300
5100.000000 1543.410900
5150.000000 1544.332500
5200.000000 1545.254100
5250.000000 1546.175700
5300.000000 1547.097400
5350.000000 1548.019000
5400.000000 1548.940600
5450.000000 1549.862200
5500.000000 1550.783800
5550.000000 1551.705400
5600.000000 1552.627100
5650.000000 1553.548700
5700.000000 1554.470300
5750.000000 1555.391900
5800.000000 1556.313500
5850.000000 1557.235100
5900.000000 1558.156800
5950.000000 1559.078400
6000.000000 1560.000000
-1 -1
0.0000000 0.0000401
5.0000000 0.0000401
10.0000000 0.0000401
15.0000000 0.0000401
20.0000000 0.0000401
25.0000000 0.0000401
30.0000000 0.0000401
35.0000000 0.0000401
40.0000000 0.0000401
45.0000000 0.0000402
50.0000000 0.0000403
55.0000000 0.0000406
60.0000000 0.0000413
65.0000000 0.0000418
70.0000000 0.0000419
75.0000000 0.0000421
80.0000000 0.0000424
85.0000000 0.0000426
90.0000000 0.0000431
95.0000000 0.0000433
100.0000000 0.0000436
105.0000000 0.0000439
110.0000000 0.0000442
115.0000000 0.0000444
120.0000000 0.0000447
125.0000000 0.0000451
130.0000000 0.0000456
135.0000000 0.0000461
140.0000000 0.0000463
145.0000000 0.0000469
150.0000000 0.0000481
155.0000000 0.0000490
160.0000000 0.0000494
165.0000000 0.0000496
170.0000000 0.0000498
175.0000000 0.0000506
180.0000000 0.0000514
185.0000000 0.0000517
190.0000000 0.0000524
195.0000000 0.0000538
200.0000000 0.0000554
220.0000000 0.0000581
240.0000000 0.0000599
260.0000000 0.0000619
280.0000000 0.0000621
300.0000000 0.0000620
320.0000000 0.0000615
340.0000000 0.0000612
360.0000000 0.0000603
380.0000000 0.0000594
400.0000000 0.0000587
420.0000000 0.0000576
440.0000000 0.0000569
460.0000000 0.0000561
480.0000000 0.0000554
500.0000000 0.0000549
550.0000000 0.0000529
600.0000000 0.0000507
650.0000000 0.0000485
700.0000000 0.0000464
750.0000000 0.0000445
800.0000000 0.0000425
850.0000000 0.0000408
900.0000000 0.0000392
950.0000000 0.0000376
1000.0000000 0.0000360
1050.0000000 0.0000368
1100.0000000 0.0000377
1150.0000000 0.0000385
1200.0000000 0.0000394
1250.0000000 0.0000403
1300.0000000 0.0000411
1350.0000000 0.0000420
1400.0000000 0.0000429
1450.0000000 0.0000438
1500.0000000 0.0000447
1550.0000000 0.0000456
1600.0000000 0.0000465
1650.0000000 0.0000475
1700.0000000 0.0000485
1750.0000000 0.0000495
1800.0000000 0.0000505
1850.0000000 0.0000516
1900.0000000 0.0000527
1950.0000000 0.0000538
2000.0000000 0.0000549
2050.0000000 0.0000553
2100.0000000 0.0000556
2150.0000000 0.0000559
2200.0000000 0.0000562
2250.0000000 0.0000565
2300.0000000 0.0000568
2350.0000000 0.0000571
2400.0000000 0.0000574
2450.0000000 0.0000577
2500.0000000 0.0000581
2550.0000000 0.0000584
2600.0000000 0.0000587
2650.0000000 0.0000590
2700.0000000 0.0000593
2750.0000000 0.0000596
2800.0000000 0.0000599
2850.0000000 0.0000602
2900.0000000 0.0000605
2950.0000000 0.0000608
3000.0000000 0.0000611
3050.0000000 0.0000614
3100.0000000 0.0000618
3150.0000000 0.0000621
3200.0000000 0.0000624
3250.0000000 0.0000627
3300.0000000 0.0000630
3350.0000000 0.0000634
3400.0000000 0.0000637
3450.0000000 0.0000640
3500.0000000 0.0000643
3550.0000000 0.0000643
3600.0000000 0.0000643
3650.0000000 0.0000643
3700.0000000 0.0000642
3750.0000000 0.0000642
3800.0000000 0.0000642
3850.0000000 0.0000641
3900.0000000 0.0000641
3950.0000000 0.0000641
4000.0000000 0.0000641
4050.0000000 0.0000640
4100.0000000 0.0000640
4150.0000000 0.0000640
4200.0000000 0.0000639
4250.0000000 0.0000639
4300.0000000 0.0000639
4350.0000000 0.0000638
4400.0000000 0.0000638
4450.0000000 0.0000638
4500.0000000 0.0000637
4550.0000000 0.0000637
4600.0000000 0.0000637
4650.0000000 0.0000636
4700.0000000 0.0000636
4750.0000000 0.0000636
4800.0000000 0.0000635
4850.0000000 0.0000635
4900.0000000 0.0000635
4950.0000000 0.0000635
5000.0000000 0.0000634
5050.0000000 0.0000634
5100.0000000 0.0000634
5150.0000000 0.0000634
5200.0000000 0.0000633
5250.0000000 0.0000633
5300.0000000 0.0000633
5350.0000000 0.0000633
5400.0000000 0.0000632
5450.0000000 0.0000632
5500.0000000 0.0000632
5550.0000000 0.0000632
5600.0000000 0.0000632
5650.0000000 0.0000631
5700.0000000 0.0000631
5750.0000000 0.0000631
5800.0000000 0.0000631
5850.0000000 0.0000630
5900.0000000 0.0000630
5950.0000000 0.0000630
6000.0000000 0.0000630
-1 -1
0.000000 1698.152074
-1 -1
0.000000 1.871582
-1 -1
0.000000 0.399565
1074.098000 0.399565
1104.098000 10.000000
-1 -1
43000.000000
0.000000 1544.038296
5.000000 1544.044463
10.000000 1544.081510
15.000000 1544.145308
20.000000 1544.204334
25.000000 1544.274364
30.000000 1544.353113
35.000000 1544.435954
40.000000 1544.509503
45.000000 1544.532210
50.000000 1544.515593
55.000000 1544.417852
60.000000 1544.200522
65.000000 1543.891806
70.000000 1543.498754
75.000000 1543.038884
80.000000 1542.517887
85.000000 1541.980242
90.000000 1541.460622
95.000000 1540.927964
100.000000 1540.376790
105.000000 1539.802991
110.000000 1539.206041
115.000000 1538.499826
120.000000 1537.704335
125.000000 1536.926770
130.000000 1536.093710
135.000000 1535.161888
140.000000 1534.192977
145.000000 1533.266925
150.000000 1532.280115
155.000000 1531.120403
160.000000 1529.947195
165.000000 1528.686576
170.000000 1527.394436
175.000000 1526.133302
180.000000 1524.934017
185.000000 1523.752611
190.000000 1522.458868
195.000000 1521.132948
200.000000 1519.732276
220.000000 1513.482767
240.000000 1508.521249
260.000000 1503.523074
280.000000 1499.826325
300.000000 1497.287682
320.000000 1495.350090
340.000000 1494.133931
360.000000 1492.892858
380.000000 1491.508890
400.000000 1490.325410
420.000000 1489.334860
440.000000 1488.563216
460.000000 1487.911783
480.000000 1487.379780
500.000000 1487.065649
550.000000 1486.698470
600.000000 1486.212796
650.000000 1485.519434
700.000000 1485.217988
750.000000 1484.994747
800.000000 1485.178039
850.000000 1485.312001
900.000000 1485.131759
950.000000 1485.016903
1000.000000 1484.870048
1050.000000 1484.751632
1100.000000 1484.876352
1150.000000 1484.935142
1200.000000 1484.679987
1250.000000 1484.733500
1300.000000 1485.102600
1350.000000 1485.298200
1400.000000 1485.692700
1450.000000 1486.136000
1500.000000 1486.524700
1550.000000 1486.944400
1600.000000 1487.552600
1650.000000 1488.022300
1700.000000 1488.490800
1750.000000 1488.973400
1800.000000 1489.484500
1850.000000 1489.967300
1900.000000 1490.368300
1950.000000 1491.072900
2000.000000 1491.671700
2050.000000 1492.158100
2100.000000 1492.745300
2150.000000 1493.480100
2200.000000 1494.120200
2250.000000 1494.826500
2300.000000 1495.507000
2350.000000 1496.177000
2400.000000 1496.959100
2450.000000 1497.672900
2500.000000 1498.397900
2550.000000 1499.119400
2600.000000 1499.872000
2650.000000 1500.608300
2700.000000 1501.433000
2750.000000 1502.271700
2800.000000 1503.060200
2850.000000 1503.881600
2900.000000 1504.706400
2950.000000 1505.487700
3000.000000 1506.303900
3050.000000 1507.120600
3100.000000 1507.921700
3150.000000 1508.768800
3200.000000 1509.596800
3250.000000 1510.451700
3300.000000 1511.326000
3350.000000 1512.158300
3400.000000 1513.012600
3450.000000 1513.846900
3500.000000 1514.700900
3550.000000 1515.556200
3600.000000 1516.406700
3650.000000 1517.255100
3700.000000 1518.137000
3750.000000 1519.006100
3800.000000 1519.878300
3850.000000 1520.746600
3900.000000 1521.632900
3950.000000 1522.488000
4000.000000 1523.337200
4050.000000 1524.228100
4100.000000 1525.115900
4150.000000 1526.008600
4200.000000 1526.898400
4250.000000 1527.792600
4300.000000 1528.699700
4350.000000 1529.601900
4400.000000 1530.516800
4450.000000 1531.427500
4500.000000 1532.342900
4550.000000 1533.259900
4600.000000 1534.151500
4650.000000 1535.116300
4700.000000 1536.037900
4750.000000 1536.959600
4800.000000 1537.881200
4850.000000 1538.802800
4900.000000 1539.724400
4950.000000 1540.646000
5000.000000 1541.567600
5050.000000 1542.489300
5100.000000 1543.410900
5150.000000 1544.332500
5200.000000 1545.254100
5250.000000 1546.175700
5300.000000 1547.097400
5350.000000 1548.019000
5400.000000 1548.940600
5450.000000 1549.862200
5500.000000 1550.783800
5550.000000 1551.705400
5600.000000 1552.627100
5650.000000 1553.548700
5700.000000 1554.470300
5750.000000 1555.391900
5800.000000 1556.313500
5850.000000 1557.235100
5900.000000 1558.156800
5950.000000 1559.078400
6000.000000 1560.000000
-1 -1
0.0000000 0.0000401
5.0000000 0.0000401
10.0000000 0.0000401
15.0000000 0.0000401
20.0000000 0.0000401
25.0000000 0.0000401
30.0000000 0.0000401
35.0000000 0.0000401
40.0000000 0.0000401
45.0000000 0.0000402
50.0000000 0.0000403
55.0000000 0.0000406
60.0000000 0.0000413
65.0000000 0.0000418
70.0000000 0.0000419
75.0000000 0.0000421
80.0000000 0.0000424
85.0000000 0.0000426
90.0000000 0.0000431
95.0000000 0.0000433
100.0000000 0.0000436
105.0000000 0.0000439
110.0000000 0.0000442
115.0000000 0.0000444
120.0000000 0.0000447
125.0000000 0.0000451
130.0000000 0.0000456
135.0000000 0.0000461
140.0000000 0.0000463
145.0000000 0.0000469
150.0000000 0.0000481
155.0000000 0.0000490
160.0000000 0.0000494
165.0000000 0.0000496
170.0000000 0.0000498
175.0000000 0.0000506
180.0000000 0.0000514
185.0000000 0.0000517
190.0000000 0.0000524
195.0000000 0.0000538
200.0000000 0.0000554
220.0000000 0.0000581
240.0000000 0.0000599
260.0000000 0.0000619
280.0000000 0.0000621
300.0000000 0.0000620
320.0000000 0.0000615
340.0000000 0.0000612
360.0000000 0.0000603
380.0000000 0.0000594
400.0000000 0.0000587
420.0000000 0.0000576
440.0000000 0.0000569
460.0000000 0.0000561
480.0000000 0.0000554
500.0000000 0.0000549
550.0000000 0.0000529
600.0000000 0.0000507
650.0000000 0.0000485
700.0000000 0.0000464
750.0000000 0.0000445
800.0000000 0.0000425
850.0000000 0.0000408
900.0000000 0.0000392
950.0000000 0.0000376
1000.0000000 0.0000360
1050.0000000 0.0000368
1100.0000000 0.0000377
1150.0000000 0.0000385
1200.0000000 0.0000394
1250.0000000 0.0000403
1300.0000000 0.0000411
1350.0000000 0.0000420
1400.0000000 0.0000429
1450.0000000 0.0000438
1500.0000000 0.0000447
1550.0000000 0.0000456
1600.0000000 0.0000465
1650.0000000 0.0000475
1700.0000000 0.0000485
1750.0000000 0.0000495
1800.0000000 0.0000505
1850.0000000 0.0000516
1900.0000000 0.0000527
1950.0000000 0.0000538
2000.0000000 0.0000549
2050.0000000 0.0000553
2100.0000000 0.0000556
2150.0000000 0.0000559
2200.0000000 0.0000562
2250.0000000 0.0000565
2300.0000000 0.0000568
2350.0000000 0.0000571
2400.0000000 0.0000574
2450.0000000 0.0000577
2500.0000000 0.0000581
2550.0000000 0.0000584
2600.0000000 0.0000587
2650.0000000 0.0000590
2700.0000000 0.0000593
2750.0000000 0.0000596
2800.0000000 0.0000599
2850.0000000 0.0000602
2900.0000000 0.0000605
2950.0000000 0.0000608
3000.0000000 0.0000611
3050.0000000 0.0000614
3100.0000000 0.0000618
3150.0000000 0.0000621
3200.0000000 0.0000624
3250.0000000 0.0000627
3300.0000000 0.0000630
3350.0000000 0.0000634
3400.0000000 0.0000637
3450.0000000 0.0000640
3500.0000000 0.0000643
3550.0000000 0.0000643
3600.0000000 0.0000643
3650.0000000 0.0000643
3700.0000000 0.0000642
3750.0000000 0.0000642
3800.0000000 0.0000642
3850.0000000 0.0000641
3900.0000000 0.0000641
3950.0000000 0.0000641
4000.0000000 0.0000641
4050.0000000 0.0000640
4100.0000000 0.0000640
4150.0000000 0.0000640
4200.0000000 0.0000639
4250.0000000 0.0000639
4300.0000000 0.0000639
4350.0000000 0.0000638
4400.0000000 0.0000638
4450.0000000 0.0000638
4500.0000000 0.0000637
4550.0000000 0.0000637
4600.0000000 0.0000637
4650.0000000 0.0000636
4700.0000000 0.0000636
4750.0000000 0.0000636
4800.0000000 0.0000635
4850.0000000 0.0000635
4900.0000000 0.0000635
4950.0000000 0.0000635
5000.0000000 0.0000634
5050.0000000 0.0000634
5100.0000000 0.0000634
5150.0000000 0.0000634
5200.0000000 0.0000633
5250.0000000 0.0000633
5300.0000000 0.0000633
5350.0000000 0.0000633
5400.0000000 0.0000632
5450.0000000 0.0000632
5500.0000000 0.0000632
5550.0000000 0.0000632
5600.0000000 0.0000632
5650.0000000 0.0000631
5700.0000000 0.0000631
5750.0000000 0.0000631
5800.0000000 0.0000631
5850.0000000 0.0000630
5900.0000000 0.0000630
5950.0000000 0.0000630
6000.0000000 0.0000630
-1 -1
0.000000 1699.673147
-1 -1
0.000000 1.871582
-1 -1
0.000000 0.399923
1074.098000 0.399923
1104.098000 10.000000
-1 -1
44000.000000
0.000000 1544.048178
5.000000 1544.054390
10.000000 1544.089860
15.000000 1544.152799
20.000000 1544.211094
25.000000 1544.280372
30.000000 1544.358691
35.000000 1544.441295
40.000000 1544.514414
45.000000 1544.536356
50.000000 1544.520563
55.000000 1544.428565
60.000000 1544.215904
65.000000 1543.910325
70.000000 1543.516557
75.000000 1543.053470
80.000000 1542.525936
85.000000 1541.974347
90.000000 1541.434548
95.000000 1540.876863
100.000000 1540.301621
105.000000 1539.704333
110.000000 1539.088107
115.000000 1538.384877
120.000000 1537.605420
125.000000 1536.854759
130.000000 1536.048430
135.000000 1535.138477
140.000000 1534.189197
145.000000 1533.262142
150.000000 1532.257272
155.000000 1531.066753
160.000000 1529.870114
165.000000 1528.605543
170.000000 1527.313926
175.000000 1526.063425
180.000000 1524.875796
185.000000 1523.707904
190.000000 1522.436588
195.000000 1521.116291
200.000000 1519.726471
220.000000 1513.535142
240.000000 1508.625328
260.000000 1503.596281
280.000000 1499.908219
300.000000 1497.358957
320.000000 1495.432621
340.000000 1494.247245
360.000000 1492.957601
380.000000 1491.536051
400.000000 1490.334047
420.000000 1489.323208
440.000000 1488.571966
460.000000 1487.934492
480.000000 1487.402509
500.000000 1487.100444
550.000000 1486.738651
600.000000 1486.259929
650.000000 1485.539821
700.000000 1485.214435
750.000000 1484.997662
800.000000 1485.199553
850.000000 1485.332145
900.000000 1485.141419
950.000000 1485.028045
1000.000000 1484.884411
1050.000000 1484.761737
1100.000000 1484.872863
1150.000000 1484.925768
1200.000000 1484.681366
1250.000000 1484.733500
1300.000000 1485.102600
1350.000000 1485.298200
1400.000000 1485.692700
1450.000000 1486.136000
1500.000000 1486.524700
1550.000000 1486.944400
1600.000000 1487.552600
1650.000000 1488.022300
1700.000000 1488.490800
1750.000000 1488.973400
1800.000000 1489.484500
1850.000000 1489.967300
1900.000000 1490.368300
1950.000000 1491.072900
2000.000000 1491.671700
2050.000000 1492.158100
2100.000000 1492.745300
2150.000000 1493.480100
2200.000000 1494.120200
2250.000000 1494.826500
2300.000000 1495.507000
2350.000000 1496.177000
2400.000000 1496.959100
2450.000000 1497.672900
2500.000000 1498.397900
2550.000000 1499.119400
2600.000000 1499.872000
2650.000000 1500.608300
2700.000000 1501.433000
2750.000000 1502.271700
2800.000000 1503.060200
2850.000000 1503.881600
2900.000000 1504.706400
2950.000000 1505.487700
3000.000000 1506.303900
3050.000000 1507.120600
3100.000000 1507.921700
3150.000000 1508.768800
3200.000000 1509.596800
3250.000000 1510.451700
3300.000000 1511.326000
3350.000000 1512.158300
3400.000000 1513.012600
3450.000000 1513.846900
3500.000000 1514.700900
3550.000000 1515.556200
3600.000000 1516.406700
3650.000000 1517.255100
3700.000000 1518.137000
3750.000000 1519.006100
3800.000000 1519.878300
3850.000000 1520.746600
3900.000000 1521.632900
3950.000000 1522.488000
4000.000000 1523.337200
4050.000000 1524.228100
4100.000000 1525.115900
4150.000000 1526.008600
4200.000000 1526.898400
4250.000000 1527.792600
4300.000000 1528.699700
4350.000000 1529.601900
4400.000000 1530.516800
4450.000000 1531.427500
4500.000000 1532.342900
4550.000000 1533.259900
4600.000000 1534.151500
4650.000000 1535.116300
4700.000000 1536.037900
4750.000000 1536.959600
4800.000000 1537.881200
4850.000000 1538.802800
4900.000000 1539.724400
4950.000000 1540.646000
5000.000000 1541.567600
5050.000000 1542.489300
5100.000000 1543.410900
5150.000000 1544.332500
5200.000000 1545.254100
5250.000000 1546.175700
5300.000000 1547.097400
5350.000000 1548.019000
5400.000000 1548.940600
5450.000000 1549.862200
5500.000000 1550.783800
5550.000000 1551.705400
5600.000000 1552.627100
5650.000000 1553.548700
5700.000000 1554.470300
5750.000000 1555.391900
5800.000000 1556.313500
5850.000000 1557.235100
5900.000000 1558.156800
5950.000000 1559.078400
6000.000000 1560.000000
-1 -1
0.0000000 0.0000401
5.0000000 0.0000401
10.0000000 0.0000401
15.0000000 0.0000401
20.0000000 0.0000401
25.0000000 0.0000401
30.0000000 0.0000401
35.0000000 0.0000401
40.0000000 0.0000401
45.0000000 0.0000402
50.0000000 0.0000403
55.0000000 0.0000406
60.0000000 0.0000413
65.0000000 0.0000418
70.0000000 0.0000419
75.0000000 0.0000421
80.0000000 0.0000424
85.0000000 0.0000426
90.0000000 0.0000431
95.0000000 0.0000433
100.0000000 0.0000436
105.0000000 0.0000439
110.0000000 0.0000442
115.0000000 0.0000444
120.0000000 0.0000447
125.0000000 0.0000451
130.0000000 0.0000456
135.0000000 0.0000461
140.0000000 0.0000463
145.0000000 0.0000469
150.0000000 0.0000481
155.0000000 0.0000490
160.0000000 0.0000494
165.0000000 0.0000496
170.0000000 0.0000498
175.0000000 0.0000506
180.0000000 0.0000514
185.0000000 0.0000517
190.0000000 0.0000524
195.0000000 0.0000538
200.0000000 0.0000554
220.0000000 0.0000581
240.0000000 0.0000599
260.0000000 0.0000619
280.0000000 0.0000621
300.0000000 0.0000620
320.0000000 0.0000615
340.0000000 0.0000612
360.0000000 0.0000603
380.0000000 0.0000594
400.0000000 0.0000587
420.0000000 0.0000576
440.0000000 0.0000569
460.0000000 0.0000561
480.0000000 0.0000554
500.0000000 0.0000549
550.0000000 0.0000529
600.0000000 0.0000507
650.0000000 0.0000485
700.0000000 0.0000464
750.0000000 0.0000445
800.0000000 0.0000425
850.0000000 0.0000408
900.0000000 0.0000392
950.0000000 0.0000376
1000.0000000 0.0000360
1050.0000000 0.0000368
1100.0000000 0.0000377
1150.0000000 0.0000385
1200.0000000 0.0000394
1250.0000000 0.0000403
1300.0000000 0.0000411
1350.0000000 0.0000420
1400.0000000 0.0000429
1450.0000000 0.0000438
1500.0000000 0.0000447
1550.0000000 0.0000456
1600.0000000 0.0000465
1650.0000000 0.0000475
1700.0000000 0.0000485
1750.0000000 0.0000495
1800.0000000 0.0000505
1850.0000000 0.0000516
1900.0000000 0.0000527
1950.0000000 0.0000538
2000.0000000 0.0000549
2050.0000000 0.0000553
2100.0000000 0.0000556
2150.0000000 0.0000559
2200.0000000 0.0000562
2250.0000000 0.0000565
2300.0000000 0.0000568
2350.0000000 0.0000571
2400.0000000 0.0000574
2450.0000000 0.0000577
2500.0000000 0.0000581
2550.0000000 0.0000584
2600.0000000 0.0000587
2650.0000000 0.0000590
2700.0000000 0.0000593
2750.0000000 0.0000596
2800.0000000 0.0000599
2850.0000000 0.0000602
2900.0000000 0.0000605
2950.0000000 0.0000608
3000.0000000 0.0000611
3050.0000000 0.0000614
3100.0000000 0.0000618
3150.0000000 0.0000621
3200.0000000 0.0000624
3250.0000000 0.0000627
3300.0000000 0.0000630
3350.0000000 0.0000634
3400.0000000 0.0000637
3450.0000000 0.0000640
3500.0000000 0.0000643
3550.0000000 0.0000643
3600.0000000 0.0000643
3650.0000000 0.0000643
3700.0000000 0.0000642
3750.0000000 0.0000642
3800.0000000 0.0000642
3850.0000000 0.0000641
3900.0000000 0.0000641
3950.0000000 0.0000641
4000.0000000 0.0000641
4050.0000000 0.0000640
4100.0000000 0.0000640
4150.0000000 0.0000640
4200.0000000 0.0000639
4250.0000000 0.0000639
4300.0000000 0.0000639
4350.0000000 0.0000638
4400.0000000 0.0000638
4450.0000000 0.0000638
4500.0000000 0.0000637
4550.0000000 0.0000637
4600.0000000 0.0000637
4650.0000000 0.0000636
4700.0000000 0.0000636
4750.0000000 0.0000636
4800.0000000 0.0000635
4850.0000000 0.0000635
4900.0000000 0.0000635
4950.0000000 0.0000635
5000.0000000 0.0000634
5050.0000000 0.0000634
5100.0000000 0.0000634
5150.0000000 0.0000634
5200.0000000 0.0000633
5250.0000000 0.0000633
5300.0000000 0.0000633
5350.0000000 0.0000633
5400.0000000 0.0000632
5450.0000000 0.0000632
5500.0000000 0.0000632
5550.0000000 0.0000632
5600.0000000 0.0000632
5650.0000000 0.0000631
5700.0000000 0.0000631
5750.0000000 0.0000631
5800.0000000 0.0000631
5850.0000000 0.0000630
5900.0000000 0.0000630
5950.0000000 0.0000630
6000.0000000 0.0000630
-1 -1
0.000000 1699.496997
-1 -1
0.000000 1.871582
-1 -1
0.000000 0.399882
1074.098000 0.399882
1104.098000 10.000000
-1 -1
45000.000000
0.000000 1544.058060
5.000000 1544.064316
10.000000 1544.098211
15.000000 1544.160289
20.000000 1544.217853
25.000000 1544.286380
30.000000 1544.364270
35.000000 1544.446636
40.000000 1544.519326
45.000000 1544.540501
50.000000 1544.525534
55.000000 1544.439277
60.000000 1544.231285
65.000000 1543.928844
70.000000 1543.534360
75.000000 1543.068056
80.000000 1542.533985
85.000000 1541.968452
90.000000 1541.408474
95.000000 1540.825762
100.000000 1540.226452
105.000000 1539.605674
110.000000 1538.970173
115.000000 1538.269927
120.000000 1537.506505
125.000000 1536.782748
130.000000 1536.003150
135.000000 1535.115066
140.000000 1534.185417
145.000000 1533.257359
150.000000 1532.234430
155.000000 1531.013103
160.000000 1529.793033
165.000000 1528.524509
170.000000 1527.233416
175.000000 1525.993549
180.000000 1524.817575
185.000000 1523.663197
190.000000 1522.414309
195.000000 1521.099635
200.000000 1519.720665
220.000000 1513.587517
240.000000 1508.729407
260.000000 1503.669488
280.000000 1499.990112
300.000000 1497.430232
320.000000 1495.515152
340.000000 1494.360559
360.000000 1493.022344
380.000000 1491.563213
400.000000 1490.342684
420.000000 1489.311557
440.000000 1488.580717
460.000000 1487.957202
480.000000 1487.425238
500.000000 1487.135239
550.000000 1486.778831
600.000000 1486.307062
650.000000 1485.560208
700.000000 1485.210882
750.000000 1485.000578
800.000000 1485.221066
850.000000 1485.352290
900.000000 1485.151079
950.000000 1485.039188
1000.000000 1484.898775
1050.000000 1484.771841
1100.000000 1484.869375
1150.000000 1484.916395
1200.000000 1484.682744
1250.000000 1484.733500
1300.000000 1485.102600
1350.000000 1485.298200
1400.000000 1485.692700
1450.000000 1486.136000
1500.000000 1486.524700
1550.000000 1486.944400
1600.000000 1487.552600
1650.000000 1488.022300
1700.000000 1488.490800
1750.000000 1488.973400
1800.000000 1489.484500
1850.000000 1489.967300
1900.000000 1490.368300
1950.000000 1491.072900
2000.000000 1491.671700
2050.000000 1492.158100
2100.000000 1492.745300
2150.000000 1493.480100
2200.000000 1494.120200
2250.000000 1494.826500
2300.000000 1495.507000
2350.000000 1496.177000
2400.000000 1496.959100
2450.000000 1497.672900
2500.000000 1498.397900
2550.000000 1499.119400
2600.000000 1499.872000
2650.000000 1500.608300
2700.000000 1501.433000
2750.000000 1502.271700
2800.000000 1503.060200
2850.000000 1503.881600
2900.000000 1504.706400
2950.000000 1505.487700
3000.000000 1506.303900
3050.000000 1507.120600
3100.000000 1507.921700
3150.000000 1508.768800
3200.000000 1509.596800
3250.000000 1510.451700
3300.000000 1511.326000
3350.000000 1512.158300
3400.000000 1513.012600
3450.000000 1513.846900
3500.000000 1514.700900
3550.000000 1515.556200
3600.000000 1516.406700
3650.000000 1517.255100
3700.000000 1518.137000
3750.000000 1519.006100
3800.000000 1519.878300
3850.000000 1520.746600
3900.000000 1521.632900
3950.000000 1522.488000
4000.000000 1523.337200
4050.000000 1524.228100
4100.000000 1525.115900
4150.000000 1526.008600
4200.000000 1526.898400
4250.000000 1527.792600
4300.000000 1528.699700
4350.000000 1529.601900
4400.000000 1530.516800
4450.000000 1531.427500
4500.000000 1532.342900
4550.000000 1533.259900
4600.000000 1534.151500
4650.000000 1535.116300
4700.000000 1536.037900
4750.000000 1536.959600
4800.000000 1537.881200
4850.000000 1538.802800
4900.000000 1539.724400
4950.000000 1540.646000
5000.000000 1541.567600
5050.000000 1542.489300
5100.000000 1543.410900
5150.000000 1544.332500
5200.000000 1545.254100
5250.000000 1546.175700
5300.000000 1547.097400
5350.000000 1548.019000
5400.000000 1548.940600
5450.000000 1549.862200
5500.000000 1550.783800
5550.000000 1551.705400
5600.000000 1552.627100
5650.000000 1553.548700
5700.000000 1554.470300
5750.000000 1555.391900
5800.000000 1556.313500
5850.000000 1557.235100
5900.000000 1558.156800
5950.000000 1559.078400
6000.000000 1560.000000
-1 -1
0.0000000 0.0000401
5.0000000 0.0000401
10.0000000 0.0000401
15.0000000 0.0000401
20.0000000 0.0000401
25.0000000 0.0000401
30.0000000 0.0000401
35.0000000 0.0000401
40.0000000 0.0000401
45.0000000 0.0000402
50.0000000 0.0000403
55.0000000 0.0000406
60.0000000 0.0000413
65.0000000 0.0000418
70.0000000 0.0000419
75.0000000 0.0000421
80.0000000 0.0000424
85.0000000 0.0000426
90.0000000 0.0000431
95.0000000 0.0000433
100.0000000 0.0000436
105.0000000 0.0000439
110.0000000 0.0000442
115.0000000 0.0000444
120.0000000 0.0000447
125.0000000 0.0000451
130.0000000 0.0000456
135.0000000 0.0000461
140.0000000 0.0000463
145.0000000 0.0000469
150.0000000 0.0000481
155.0000000 0.0000490
160.0000000 0.0000494
165.0000000 0.0000496
170.0000000 0.0000498
175.0000000 0.0000506
180.0000000 0.0000514
185.0000000 0.0000517
190.0000000 0.0000524
195.0000000 0.0000538
200.0000000 0.0000554
220.0000000 0.0000581
240.0000000 0.0000599
260.0000000 0.0000619
280.0000000 0.0000621
300.0000000 0.0000620
320.0000000 0.0000615
340.0000000 0.0000612
360.0000000 0.0000603
380.0000000 0.0000594
400.0000000 0.0000587
420.0000000 0.0000576
440.0000000 0.0000569
460.0000000 0.0000561
480.0000000 0.0000554
500.0000000 0.0000549
550.0000000 0.0000529
600.0000000 0.0000507
650.0000000 0.0000485
700.0000000 0.0000464
750.0000000 0.0000445
800.0000000 0.0000425
850.0000000 0.0000408
900.0000000 0.0000392
950.0000000 0.0000376
1000.0000000 0.0000360
1050.0000000 0.0000368
1100.0000000 0.0000377
1150.0000000 0.0000385
1200.0000000 0.0000394
1250.0000000 0.0000403
1300.0000000 0.0000411
1350.0000000 0.0000420
1400.0000000 0.0000429
1450.0000000 0.0000438
1500.0000000 0.0000447
1550.0000000 0.0000456
1600.0000000 0.0000465
1650.0000000 0.0000475
1700.0000000 0.0000485
1750.0000000 0.0000495
1800.0000000 0.0000505
1850.0000000 0.0000516
1900.0000000 0.0000527
1950.0000000 0.0000538
2000.0000000 0.0000549
2050.0000000 0.0000553
2100.0000000 0.0000556
2150.0000000 0.0000559
2200.0000000 0.0000562
2250.0000000 0.0000565
2300.0000000 0.0000568
2350.0000000 0.0000571
2400.0000000 0.0000574
2450.0000000 0.0000577
2500.0000000 0.0000581
2550.0000000 0.0000584
2600.0000000 0.0000587
2650.0000000 0.0000590
2700.0000000 0.0000593
2750.0000000 0.0000596
2800.0000000 0.0000599
2850.0000000 0.0000602
2900.0000000 0.0000605
2950.0000000 0.0000608
3000.0000000 0.0000611
3050.0000000 0.0000614
3100.0000000 0.0000618
3150.0000000 0.0000621
3200.0000000 0.0000624
3250.0000000 0.0000627
3300.0000000 0.0000630
3350.0000000 0.0000634
3400.0000000 0.0000637
3450.0000000 0.0000640
3500.0000000 0.0000643
3550.0000000 0.0000643
3600.0000000 0.0000643
3650.0000000 0.0000643
3700.0000000 0.0000642
3750.0000000 0.0000642
3800.0000000 0.0000642
3850.0000000 0.0000641
3900.0000000 0.0000641
3950.0000000 0.0000641
4000.0000000 0.0000641
4050.0000000 0.0000640
4100.0000000 0.0000640
4150.0000000 0.0000640
4200.0000000 0.0000639
4250.0000000 0.0000639
4300.0000000 0.0000639
4350.0000000 0.0000638
4400.0000000 0.0000638
4450.0000000 0.0000638
4500.0000000 0.0000637
4550.0000000 0.0000637
4600.0000000 0.0000637
4650.0000000 0.0000636
4700.0000000 0.0000636
4750.0000000 0.0000636
4800.0000000 0.0000635
4850.0000000 0.0000635
4900.0000000 0.0000635
4950.0000000 0.0000635
5000.0000000 0.0000634
5050.0000000 0.0000634
5100.0000000 0.0000634
5150.0000000 0.0000634
5200.0000000 0.0000633
5250.0000000 0.0000633
5300.0000000 0.0000633
5350.0000000 0.0000633
5400.0000000 0.0000632
5450.0000000 0.0000632
5500.0000000 0.0000632
5550.0000000 0.0000632
5600.0000000 0.0000632
5650.0000000 0.0000631
5700.0000000 0.0000631
5750.0000000 0.0000631
5800.0000000 0.0000631
5850.0000000 0.0000630
5900.0000000 0.0000630
5950.0000000 0.0000630
6000.0000000 0.0000630
-1 -1
0.000000 1699.676522
-1 -1
0.000000 1.871582
-1 -1
0.000000 0.399924
1074.098000 0.399924
1104.098000 10.000000
-1 -1
46000.000000
0.000000 1544.067942
5.000000 1544.074243
10.000000 1544.106561
15.000000 1544.167780
20.000000 1544.224612
25.000000 1544.292389
30.000000 1544.369848
35.000000 1544.451978
40.000000 1544.524237
45.000000 1544.544647
50.000000 1544.530505
55.000000 1544.449989
60.000000 1544.246667
65.000000 1543.947363
70.000000 1543.552163
75.000000 1543.082642
80.000000 1542.542034
85.000000 1541.962558
90.000000 1541.382400
95.000000 1540.774662
100.000000 1540.151284
105.000000 1539.507016
110.000000 1538.852240
115.000000 1538.154978
120.000000 1537.407589
125.000000 1536.710736
130.000000 1535.957870
135.000000 1535.091655
140.000000 1534.181637
145.000000 1533.252576
150.000000 1532.211587
155.000000 1530.959453
160.000000 1529.715952
165.000000 1528.443475
170.000000 1527.152906
175.000000 1525.923672
180.000000 1524.759354
185.000000 1523.618490
190.000000 1522.392030
195.000000 1521.082979
200.000000 1519.714859
220.000000 1513.639893
240.000000 1508.833486
260.000000 1503.742695
280.000000 1500.072006
300.000000 1497.501507
320.000000 1495.597683
340.000000 1494.473872
360.000000 1493.087087
380.000000 1491.590374
400.000000 1490.351321
420.000000 1489.299906
440.000000 1488.589468
460.000000 1487.979911
480.000000 1487.447967
500.000000 1487.170034
550.000000 1486.819012
600.000000 1486.354195
650.000000 1485.580594
700.000000 1485.207330
750.000000 1485.003493
800.000000 1485.242580
850.000000 1485.372435
900.000000 1485.160738
950.000000 1485.050330
1000.000000 1484.913139
1050.000000 1484.781946
1100.000000 1484.865886
1150.000000 1484.907022
1200.000000 1484.684123
1250.000000 1484.733500
1300.000000 1485.102600
1350.000000 1485.298200
1400.000000 1485.692700
1450.000000 1486.136000
1500.000000 1486.524700
1550.000000 1486.944400
1600.000000 1487.552600
1650.000000 1488.022300
1700.000000 1488.490800
1750.000000 1488.973400
1800.000000 1489.484500
1850.000000 1489.967300
1900.000000 1490.368300
1950.000000 1491.072900
2000.000000 1491.671700
2050.000000 1492.158100
2100.000000 1492.745300
2150.000000 1493.480100
2200.000000 1494.120200
2250.000000 1494.826500
2300.000000 1495.507000
2350.000000 1496.177000
2400.000000 1496.959100
2450.000000 1497.672900
2500.000000 1498.397900
2550.000000 1499.119400
2600.000000 1499.872000
2650.000000 1500.608300
2700.000000 1501.433000
2750.000000 1502.271700
2800.000000 1503.060200
2850.000000 1503.881600
2900.000000 1504.706400
2950.000000 1505.487700
3000.000000 1506.303900
3050.000000 1507.120600
3100.000000 1507.921700
3150.000000 1508.768800
3200.000000 1509.596800
3250.000000 1510.451700
3300.000000 1511.326000
3350.000000 1512.158300
3400.000000 1513.012600
3450.000000 1513.846900
3500.000000 1514.700900
3550.000000 1515.556200
3600.000000 1516.406700
3650.000000 1517.255100
3700.000000 1518.137000
3750.000000 1519.006100
3800.000000 1519.878300
3850.000000 1520.746600
3900.000000 1521.632900
3950.000000 1522.488000
4000.000000 1523.337200
4050.000000 1524.228100
4100.000000 1525.115900
4150.000000 1526.008600
4200.000000 1526.898400
4250.000000 1527.792600
4300.000000 1528.699700
4350.000000 1529.601900
4400.000000 1530.516800
4450.000000 1531.427500
4500.000000 1532.342900
4550.000000 1533.259900
4600.000000 1534.151500
4650.000000 1535.116300
4700.000000 1536.037900
4750.000000 1536.959600
4800.000000 1537.881200
4850.000000 1538.802800
4900.000000 1539.724400
4950.000000 1540.646000
5000.000000 1541.567600
5050.000000 1542.489300
5100.000000 1543.410900
5150.000000 1544.332500
5200.000000 1545.254100
5250.000000 1546.175700
5300.000000 1547.097400
5350.000000 1548.019000
5400.000000 1548.940600
5450.000000 1549.862200
5500.000000 1550.783800
5550.000000 1551.705400
5600.000000 1552.627100
5650.000000 1553.548700
5700.000000 1554.470300
5750.000000 1555.391900
5800.000000 1556.313500
5850.000000 1557.235100
5900.000000 1558.156800
5950.000000 1559.078400
6000.000000 1560.000000
-1 -1
0.0000000 0.0000401
5.0000000 0.0000401
10.0000000 0.0000401
15.0000000 0.0000401
20.0000000 0.0000401
25.0000000 0.0000401
30.0000000 0.0000401
35.0000000 0.0000401
40.0000000 0.0000401
45.0000000 0.0000402
50.0000000 0.0000403
55.0000000 0.0000406
60.0000000 0.0000413
65.0000000 0.0000418
70.0000000 0.0000419
75.0000000 0.0000421
80.0000000 0.0000424
85.0000000 0.0000426
90.0000000 0.0000431
95.0000000 0.0000433
100.0000000 0.0000436
105.0000000 0.0000439
110.0000000 0.0000442
115.0000000 0.0000444
120.0000000 0.0000447
125.0000000 0.0000451
130.0000000 0.0000456
135.0000000 0.0000461
140.0000000 0.0000463
145.0000000 0.0000469
150.0000000 0.0000481
155.0000000 0.0000490
160.0000000 0.0000494
165.0000000 0.0000496
170.0000000 0.0000498
175.0000000 0.0000506
180.0000000 0.0000514
185.0000000 0.0000517
190.0000000 0.0000524
195.0000000 0.0000538
200.0000000 0.0000554
220.0000000 0.0000581
240.0000000 0.0000599
260.0000000 0.0000619
280.0000000 0.0000621
300.0000000 0.0000620
320.0000000 0.0000615
340.0000000 0.0000612
360.0000000 0.0000603
380.0000000 0.0000594
400.0000000 0.0000587
420.0000000 0.0000576
440.0000000 0.0000569
460.0000000 0.0000561
480.0000000 0.0000554
500.0000000 0.0000549
550.0000000 0.0000529
600.0000000 0.0000507
650.0000000 0.0000485
700.0000000 0.0000464
750.0000000 0.0000445
800.0000000 0.0000425
850.0000000 0.0000408
900.0000000 0.0000392
950.0000000 0.0000376
1000.0000000 0.0000360
1050.0000000 0.0000368
1100.0000000 0.0000377
1150.0000000 0.0000385
1200.0000000 0.0000394
1250.0000000 0.0000403
1300.0000000 0.0000411
1350.0000000 0.0000420
1400.0000000 0.0000429
1450.0000000 0.0000438
1500.0000000 0.0000447
1550.0000000 0.0000456
1600.0000000 0.0000465
1650.0000000 0.0000475
1700.0000000 0.0000485
1750.0000000 0.0000495
1800.0000000 0.0000505
1850.0000000 0.0000516
1900.0000000 0.0000527
1950.0000000 0.0000538
2000.0000000 0.0000549
2050.0000000 0.0000553
2100.0000000 0.0000556
2150.0000000 0.0000559
2200.0000000 0.0000562
2250.0000000 0.0000565
2300.0000000 0.0000568
2350.0000000 0.0000571
2400.0000000 0.0000574
2450.0000000 0.0000577
2500.0000000 0.0000581
2550.0000000 0.0000584
2600.0000000 0.0000587
2650.0000000 0.0000590
2700.0000000 0.0000593
2750.0000000 0.0000596
2800.0000000 0.0000599
2850.0000000 0.0000602
2900.0000000 0.0000605
2950.0000000 0.0000608
3000.0000000 0.0000611
3050.0000000 0.0000614
3100.0000000 0.0000618
3150.0000000 0.0000621
3200.0000000 0.0000624
3250.0000000 0.0000627
3300.0000000 0.0000630
3350.0000000 0.0000634
3400.0000000 0.0000637
3450.0000000 0.0000640
3500.0000000 0.0000643
3550.0000000 0.0000643
3600.0000000 0.0000643
3650.0000000 0.0000643
3700.0000000 0.0000642
3750.0000000 0.0000642
3800.0000000 0.0000642
3850.0000000 0.0000641
3900.0000000 0.0000641
3950.0000000 0.0000641
4000.0000000 0.0000641
4050.0000000 0.0000640
4100.0000000 0.0000640
4150.0000000 0.0000640
4200.0000000 0.0000639
4250.0000000 0.0000639
4300.0000000 0.0000639
4350.0000000 0.0000638
4400.0000000 0.0000638
4450.0000000 0.0000638
4500.0000000 0.0000637
4550.0000000 0.0000637
4600.0000000 0.0000637
4650.0000000 0.0000636
4700.0000000 0.0000636
4750.0000000 0.0000636
4800.0000000 0.0000635
4850.0000000 0.0000635
4900.0000000 0.0000635
4950.0000000 0.0000635
5000.0000000 0.0000634
5050.0000000 0.0000634
5100.0000000 0.0000634
5150.0000000 0.0000634
5200.0000000 0.0000633
5250.0000000 0.0000633
5300.0000000 0.0000633
5350.0000000 0.0000633
5400.0000000 0.0000632
5450.0000000 0.0000632
5500.0000000 0.0000632
5550.0000000 0.0000632
5600.0000000 0.0000632
5650.0000000 0.0000631
5700.0000000 0.0000631
5750.0000000 0.0000631
5800.0000000 0.0000631
5850.0000000 0.0000630
5900.0000000 0.0000630
5950.0000000 0.0000630
6000.0000000 0.0000630
-1 -1
0.000000 1698.968570
-1 -1
0.000000 1.871582
-1 -1
0.000000 0.399757
1074.098000 0.399757
1104.098000 10.000000
-1 -1
47000.000000
0.000000 1544.077824
5.000000 1544.084169
10.000000 1544.114911
15.000000 1544.175271
20.000000 1544.231372
25.000000 1544.298397
30.000000 1544.375427
35.000000 1544.457319
40.000000 1544.529149
45.000000 1544.548792
50.000000 1544.535476
55.000000 1544.460701
60.000000 1544.262048
65.000000 1543.965883
70.000000 1543.569965
75.000000 1543.097229
80.000000 1542.550083
85.000000 1541.956663
90.000000 1541.356326
95.000000 1540.723561
100.000000 1540.076115
105.000000 1539.408357
110.000000 1538.734306
115.000000 1538.040029
120.000000 1537.308674
125.000000 1536.638725
130.000000 1535.912590
135.000000 1535.068244
140.000000 1534.177857
145.000000 1533.247793
150.000000 1532.188744
155.000000 1530.905802
160.000000 1529.638871
165.000000 1528.362442
170.000000 1527.072396
175.000000 1525.853795
180.000000 1524.701134
185.000000 1523.573783
190.000000 1522.369750
195.000000 1521.066322
200.000000 1519.709053
220.000000 1513.692268
240.000000 1508.937564
260.000000 1503.815902
280.000000 1500.153899
300.000000 1497.572782
320.000000 1495.680214
340.000000 1494.587186
360.000000 1493.151830
380.000000 1491.617535
400.000000 1490.359958
420.000000 1489.288255
440.000000 1488.598218
460.000000 1488.002620
480.000000 1487.470696
500.000000 1487.204829
550.000000 1486.859193
600.000000 1486.401328
650.000000 1485.600981
700.000000 1485.203777
750.000000 1485.006408
800.000000 1485.264093
850.000000 1485.392580
900.000000 1485.170398
950.000000 1485.061472
1000.000000 1484.927502
1050.000000 1484.792050
1100.000000 1484.862398
1150.000000 1484.897649
1200.000000 1484.685501
1250.000000 1484.733500
1300.000000 1485.102600
1350.000000 1485.298200
1400.000000 1485.692700
1450.000000 1486.136000
1500.000000 1486.524700
1550.000000 1486.944400
1600.000000 1487.552600
1650.000000 1488.022300
1700.000000 1488.490800
1750.000000 1488.973400
1800.000000 1489.484500
1850.000000 1489.967300
1900.000000 1490.368300
1950.000000 1491.072900
2000.000000 1491.671700
2050.000000 1492.158100
2100.000000 1492.745300
2150.000000 1493.480100
2200.000000 1494.120200
2250.000000 1494.826500
2300.000000 1495.507000
2350.000000 1496.177000
2400.000000 1496.959100
2450.000000 1497.672900
2500.000000 1498.397900
2550.000000 1499.119400
2600.000000 1499.872000
2650.000000 1500.608300
2700.000000 1501.433000
2750.000000 1502.271700
2800.000000 1503.060200
2850.000000 1503.881600
2900.000000 1504.706400
2950.000000 1505.487700
3000.000000 1506.303900
3050.000000 1507.120600
3100.000000 1507.921700
3150.000000 1508.768800
3200.000000 1509.596800
3250.000000 1510.451700
3300.000000 1511.326000
3350.000000 1512.158300
3400.000000 1513.012600
3450.000000 1513.846900
3500.000000 1514.700900
3550.000000 1515.556200
3600.000000 1516.406700
3650.000000 1517.255100
3700.000000 1518.137000
3750.000000 1519.006100
3800.000000 1519.878300
3850.000000 1520.746600
3900.000000 1521.632900
3950.000000 1522.488000
4000.000000 1523.337200
4050.000000 1524.228100
4100.000000 1525.115900
4150.000000 1526.008600
4200.000000 1526.898400
4250.000000 1527.792600
4300.000000 1528.699700
4350.000000 1529.601900
4400.000000 1530.516800
4450.000000 1531.427500
4500.000000 1532.342900
4550.000000 1533.259900
4600.000000 1534.151500
4650.000000 1535.116300
4700.000000 1536.037900
4750.000000 1536.959600
4800.000000 1537.881200
4850.000000 1538.802800
4900.000000 1539.724400
4950.000000 1540.646000
5000.000000 1541.567600
5050.000000 1542.489300
5100.000000 1543.410900
5150.000000 1544.332500
5200.000000 1545.254100
5250.000000 1546.175700
5300.000000 1547.097400
5350.000000 1548.019000
5400.000000 1548.940600
5450.000000 1549.862200
5500.000000 1550.783800
5550.000000 1551.705400
5600.000000 1552.627100
5650.000000 1553.548700
5700.000000 1554.470300
5750.000000 1555.391900
5800.000000 1556.313500
5850.000000 1557.235100
5900.000000 1558.156800
5950.000000 1559.078400
6000.000000 1560.000000
-1 -1
0.0000000 0.0000401
5.0000000 0.0000401
10.0000000 0.0000401
15.0000000 0.0000401
20.0000000 0.0000401
25.0000000 0.0000401
30.0000000 0.0000401
35.0000000 0.0000401
40.0000000 0.0000401
45.0000000 0.0000402
50.0000000 0.0000403
55.0000000 0.0000406
60.0000000 0.0000413
65.0000000 0.0000418
70.0000000 0.0000419
75.0000000 0.0000421
80.0000000 0.0000424
85.0000000 0.0000426
90.0000000 0.0000431
95.0000000 0.0000433
100.0000000 0.0000436
105.0000000 0.0000439
110.0000000 0.0000442
115.0000000 0.0000444
120.0000000 0.0000447
125.0000000 0.0000451
130.0000000 0.0000456
135.0000000 0.0000461
140.0000000 0.0000463
145.0000000 0.0000469
150.0000000 0.0000481
155.0000000 0.0000490
160.0000000 0.0000494
165.0000000 0.0000496
170.0000000 0.0000498
175.0000000 0.0000506
180.0000000 0.0000514
185.0000000 0.0000517
190.0000000 0.0000524
195.0000000 0.0000538
200.0000000 0.0000554
220.0000000 0.0000581
240.0000000 0.0000599
260.0000000 0.0000619
280.0000000 0.0000621
300.0000000 0.0000620
320.0000000 0.0000615
340.0000000 0.0000612
360.0000000 0.0000603
380.0000000 0.0000594
400.0000000 0.0000587
420.0000000 0.0000576
440.0000000 0.0000569
460.0000000 0.0000561
480.0000000 0.0000554
500.0000000 0.0000549
550.0000000 0.0000529
600.0000000 0.0000507
650.0000000 0.0000485
700.0000000 0.0000464
750.0000000 0.0000445
800.0000000 0.0000425
850.0000000 0.0000408
900.0000000 0.0000392
950.0000000 0.0000376
1000.0000000 0.0000360
1050.0000000 0.0000368
1100.0000000 0.0000377
1150.0000000 0.0000385
1200.0000000 0.0000394
1250.0000000 0.0000403
1300.0000000 0.0000411
1350.0000000 0.0000420
1400.0000000 0.0000429
1450.0000000 0.0000438
1500.0000000 0.0000447
1550.0000000 0.0000456
1600.0000000 0.0000465
1650.0000000 0.0000475
1700.0000000 0.0000485
1750.0000000 0.0000495
1800.0000000 0.0000505
1850.0000000 0.0000516
1900.0000000 0.0000527
1950.0000000 0.0000538
2000.0000000 0.0000549
2050.0000000 0.0000553
2100.0000000 0.0000556
2150.0000000 0.0000559
2200.0000000 0.0000562
2250.0000000 0.0000565
2300.0000000 0.0000568
2350.0000000 0.0000571
2400.0000000 0.0000574
2450.0000000 0.0000577
2500.0000000 0.0000581
2550.0000000 0.0000584
2600.0000000 0.0000587
2650.0000000 0.0000590
2700.0000000 0.0000593
2750.0000000 0.0000596
2800.0000000 0.0000599
2850.0000000 0.0000602
2900.0000000 0.0000605
2950.0000000 0.0000608
3000.0000000 0.0000611
3050.0000000 0.0000614
3100.0000000 0.0000618
3150.0000000 0.0000621
3200.0000000 0.0000624
3250.0000000 0.0000627
3300.0000000 0.0000630
3350.0000000 0.0000634
3400.0000000 0.0000637
3450.0000000 0.0000640
3500.0000000 0.0000643
3550.0000000 0.0000643
3600.0000000 0.0000643
3650.0000000 0.0000643
3700.0000000 0.0000642
3750.0000000 0.0000642
3800.0000000 0.0000642
3850.0000000 0.0000641
3900.0000000 0.0000641
3950.0000000 0.0000641
4000.0000000 0.0000641
4050.0000000 0.0000640
4100.0000000 0.0000640
4150.0000000 0.0000640
4200.0000000 0.0000639
4250.0000000 0.0000639
4300.0000000 0.0000639
4350.0000000 0.0000638
4400.0000000 0.0000638
4450.0000000 0.0000638
4500.0000000 0.0000637
4550.0000000 0.0000637
4600.0000000 0.0000637
4650.0000000 0.0000636
4700.0000000 0.0000636
4750.0000000 0.0000636
4800.0000000 0.0000635
4850.0000000 0.0000635
4900.0000000 0.0000635
4950.0000000 0.0000635
5000.0000000 0.0000634
5050.0000000 0.0000634
5100.0000000 0.0000634
5150.0000000 0.0000634
5200.0000000 0.0000633
5250.0000000 0.0000633
5300.0000000 0.0000633
5350.0000000 0.0000633
5400.0000000 0.0000632
5450.0000000 0.0000632
5500.0000000 0.0000632
5550.0000000 0.0000632
5600.0000000 0.0000632
5650.0000000 0.0000631
5700.0000000 0.0000631
5750.0000000 0.0000631
5800.0000000 0.0000631
5850.0000000 0.0000630
5900.0000000 0.0000630
5950.0000000 0.0000630
6000.0000000 0.0000630
-1 -1
0.000000 1699.288674
-1 -1
0.000000 1.871582
-1 -1
0.000000 0.399833
1074.098000 0.399833
1104.098000 10.000000
-1 -1
48000.000000
0.000000 1544.087706
5.000000 1544.094096
10.000000 1544.123262
15.000000 1544.182761
20.000000 1544.238131
25.000000 1544.304405
30.000000 1544.381005
35.000000 1544.462660
40.000000 1544.534060
45.000000 1544.552938
50.000000 1544.540446
55.000000 1544.471414
60.000000 1544.277430
65.000000 1543.984402
70.000000 1543.587768
75.000000 1543.111815
80.000000 1542.558132
85.000000 1541.950768
90.000000 1541.330252
95.000000 1540.672460
100.000000 1540.000947
105.000000 1539.309699
110.000000 1538.616372
115.000000 1537.925080
120.000000 1537.209758
125.000000 1536.566714
130.000000 1535.867309
135.000000 1535.044834
140.000000 1534.174077
145.000000 1533.243010
150.000000 1532.165902
155.000000 1530.852152
160.000000 1529.561790
165.000000 1528.281408
170.000000 1526.991886
175.000000 1525.783918
180.000000 1524.642913
185.000000 1523.529076
190.000000 1522.347471
195.000000 1521.049666
200.000000 1519.703248
220.000000 1513.744644
240.000000 1509.041643
260.000000 1503.889109
280.000000 1500.235793
300.000000 1497.644057
320.000000 1495.762745
340.000000 1494.700500
360.000000 1493.216573
380.000000 1491.644696
400.000000 1490.368595
420.000000 1489.276604
440.000000 1488.606969
460.000000 1488.025329
480.000000 1487.493425
500.000000 1487.239624
550.000000 1486.899374
600.000000 1486.448460
650.000000 1485.621368
700.000000 1485.200225
750.000000 1485.009323
800.000000 1485.285607
850.000000 1485.412724
900.000000 1485.180058
950.000000 1485.072614
1000.000000 1484.941866
1050.000000 1484.802155
1100.000000 1484.858910
1150.000000 1484.888276
1200.000000 1484.686880
1250.000000 1484.733500
1300.000000 1485.102600
1350.000000 1485.298200
1400.000000 1485.692700
1450.000000 1486.136000
1500.000000 1486.524700
1550.000000 1486.944400
1600.000000 1487.552600
1650.000000 1488.022300
1700.000000 1488.490800
1750.000000 1488.973400
1800.000000 1489.484500
1850.000000 1489.967300
1900.000000 1490.368300
1950.000000 1491.072900
2000.000000 1491.671700
2050.000000 1492.158100
2100.000000 1492.745300
2150.000000 1493.480100
2200.000000 1494.120200
2250.000000 1494.826500
2300.000000 1495.507000
2350.000000 1496.177000
2400.000000 1496.959100
2450.000000 1497.672900
2500.000000 1498.397900
2550.000000 1499.119400
2600.000000 1499.872000
2650.000000 1500.608300
2700.000000 1501.433000
2750.000000 1502.271700
2800.000000 1503.060200
2850.000000 1503.881600
2900.000000 1504.706400
2950.000000 1505.487700
3000.000000 1506.303900
3050.000000 1507.120600
3100.000000 1507.921700
3150.000000 1508.768800
3200.000000 1509.596800
3250.000000 1510.451700
3300.000000 1511.326000
3350.000000 1512.158300
3400.000000 1513.012600
3450.000000 1513.846900
3500.000000 1514.700900
3550.000000 1515.556200
3600.000000 1516.406700
3650.000000 1517.255100
3700.000000 1518.137000
3750.000000 1519.006100
3800.000000 1519.878300
3850.000000 1520.746600
3900.000000 1521.632900
3950.000000 1522.488000
4000.000000 1523.337200
4050.000000 1524.228100
4100.000000 1525.115900
4150.000000 1526.008600
4200.000000 1526.898400
4250.000000 1527.792600
4300.000000 1528.699700
4350.000000 1529.601900
4400.000000 1530.516800
4450.000000 1531.427500
4500.000000 1532.342900
4550.000000 1533.259900
4600.000000 1534.151500
4650.000000 1535.116300
4700.000000 1536.037900
4750.000000 1536.959600
4800.000000 1537.881200
4850.000000 1538.802800
4900.000000 1539.724400
4950.000000 1540.646000
5000.000000 1541.567600
5050.000000 1542.489300
5100.000000 1543.410900
5150.000000 1544.332500
5200.000000 1545.254100
5250.000000 1546.175700
5300.000000 1547.097400
5350.000000 1548.019000
5400.000000 1548.940600
5450.000000 1549.862200
5500.000000 1550.783800
5550.000000 1551.705400
5600.000000 1552.627100
5650.000000 1553.548700
5700.000000 1554.470300
5750.000000 1555.391900
5800.000000 1556.313500
5850.000000 1557.235100
5900.000000 1558.156800
5950.000000 1559.078400
6000.000000 1560.000000
-1 -1
0.0000000 0.0000401
5.0000000 0.0000401
10.0000000 0.0000401
15.0000000 0.0000401
20.0000000 0.0000401
25.0000000 0.0000401
30.0000000 0.0000401
35.0000000 0.0000401
40.0000000 0.0000401
45.0000000 0.0000402
50.0000000 0.0000403
55.0000000 0.0000406
60.0000000 0.0000413
65.0000000 0.0000418
70.0000000 0.0000419
75.0000000 0.0000421
80.0000000 0.0000424
85.0000000 0.0000426
90.0000000 0.0000431
95.0000000 0.0000433
100.0000000 0.0000436
105.0000000 0.0000439
110.0000000 0.0000442
115.0000000 0.0000444
120.0000000 0.0000447
125.0000000 0.0000451
130.0000000 0.0000456
135.0000000 0.0000461
140.0000000 0.0000463
145.0000000 0.0000469
150.0000000 0.0000481
155.0000000 0.0000490
160.0000000 0.0000494
165.0000000 0.0000496
170.0000000 0.0000498
175.0000000 0.0000506
180.0000000 0.0000514
185.0000000 0.0000517
190.0000000 0.0000524
195.0000000 0.0000538
200.0000000 0.0000554
220.0000000 0.0000581
240.0000000 0.0000599
260.0000000 0.0000619
280.0000000 0.0000621
300.0000000 0.0000620
320.0000000 0.0000615
340.0000000 0.0000612
360.0000000 0.0000603
380.0000000 0.0000594
400.0000000 0.0000587
420.0000000 0.0000576
440.0000000 0.0000569
460.0000000 0.0000561
480.0000000 0.0000554
500.0000000 0.0000549
550.0000000 0.0000529
600.0000000 0.0000507
650.0000000 0.0000485
700.0000000 0.0000464
750.0000000 0.0000445
800.0000000 0.0000425
850.0000000 0.0000408
900.0000000 0.0000392
950.0000000 0.0000376
1000.0000000 0.0000360
1050.0000000 0.0000368
1100.0000000 0.0000377
1150.0000000 0.0000385
1200.0000000 0.0000394
1250.0000000 0.0000403
1300.0000000 0.0000411
1350.0000000 0.0000420
1400.0000000 0.0000429
1450.0000000 0.0000438
1500.0000000 0.0000447
1550.0000000 0.0000456
1600.0000000 0.0000465
1650.0000000 0.0000475
1700.0000000 0.0000485
1750.0000000 0.0000495
1800.0000000 0.0000505
1850.0000000 0.0000516
1900.0000000 0.0000527
1950.0000000 0.0000538
2000.0000000 0.0000549
2050.0000000 0.0000553
2100.0000000 0.0000556
2150.0000000 0.0000559
2200.0000000 0.0000562
2250.0000000 0.0000565
2300.0000000 0.0000568
2350.0000000 0.0000571
2400.0000000 0.0000574
2450.0000000 0.0000577
2500.0000000 0.0000581
2550.0000000 0.0000584
2600.0000000 0.0000587
2650.0000000 0.0000590
2700.0000000 0.0000593
2750.0000000 0.0000596
2800.0000000 0.0000599
2850.0000000 0.0000602
2900.0000000 0.0000605
2950.0000000 0.0000608
3000.0000000 0.0000611
3050.0000000 0.0000614
3100.0000000 0.0000618
3150.0000000 0.0000621
3200.0000000 0.0000624
3250.0000000 0.0000627
3300.0000000 0.0000630
3350.0000000 0.0000634
3400.0000000 0.0000637
3450.0000000 0.0000640
3500.0000000 0.0000643
3550.0000000 0.0000643
3600.0000000 0.0000643
3650.0000000 0.0000643
3700.0000000 0.0000642
3750.0000000 0.0000642
3800.0000000 0.0000642
3850.0000000 0.0000641
3900.0000000 0.0000641
3950.0000000 0.0000641
4000.0000000 0.0000641
4050.0000000 0.0000640
4100.0000000 0.0000640
4150.0000000 0.0000640
4200.0000000 0.0000639
4250.0000000 0.0000639
4300.0000000 0.0000639
4350.0000000 0.0000638
4400.0000000 0.0000638
4450.0000000 0.0000638
4500.0000000 0.0000637
4550.0000000 0.0000637
4600.0000000 0.0000637
4650.0000000 0.0000636
4700.0000000 0.0000636
4750.0000000 0.0000636
4800.0000000 0.0000635
4850.0000000 0.0000635
4900.0000000 0.0000635
4950.0000000 0.0000635
5000.0000000 0.0000634
5050.0000000 0.0000634
5100.0000000 0.0000634
5150.0000000 0.0000634
5200.0000000 0.0000633
5250.0000000 0.0000633
5300.0000000 0.0000633
5350.0000000 0.0000633
5400.0000000 0.0000632
5450.0000000 0.0000632
5500.0000000 0.0000632
5550.0000000 0.0000632
5600.0000000 0.0000632
5650.0000000 0.0000631
5700.0000000 0.0000631
5750.0000000 0.0000631
5800.0000000 0.0000631
5850.0000000 0.0000630
5900.0000000 0.0000630
5950.0000000 0.0000630
6000.0000000 0.0000630
-1 -1
0.000000 1697.670798
-1 -1
0.000000 1.871582
-1 -1
0.000000 0.399452
1074.098000 0.399452
1104.098000 10.000000
-1 -1
49000.000000
0.000000 1544.090000
5.000000 1544.096400
10.000000 1544.125200
15.000000 1544.184500
20.000000 1544.239700
25.000000 1544.305800
30.000000 1544.382300
35.000000 1544.463900
40.000000 1544.535200
45.000000 1544.553900
50.000000 1544.541600
55.000000 1544.473900
60.000000 1544.281000
65.000000 1543.988700
70.000000 1543.591900
75.000000 1543.115200
80.000000 1542.560000
85.000000 1541.949400
90.000000 1541.324200
95.000000 1540.660600
100.000000 1539.983500
105.000000 1539.286800
110.000000 1538.589000
115.000000 1537.898400
120.000000 1537.186800
125.000000 1536.550000
130.000000 1535.856800
135.000000 1535.039400
140.000000 1534.173200
145.000000 1533.241900
150.000000 1532.160600
155.000000 1530.839700
160.000000 1529.543900
165.000000 1528.262600
170.000000 1526.973200
175.000000 1525.767700
180.000000 1524.629400
185.000000 1523.518700
190.000000 1522.342300
195.000000 1521.045800
200.000000 1519.701900
220.000000 1513.756800
240.000000 1509.065800
260.000000 1503.906100
280.000000 1500.254800
300.000000 1497.660600
320.000000 1495.781900
340.000000 1494.726800
360.000000 1493.231600
380.000000 1491.651000
400.000000 1490.370600
420.000000 1489.273900
440.000000 1488.609000
460.000000 1488.030600
480.000000 1487.498700
500.000000 1487.247700
550.000000 1486.908700
600.000000 1486.459400
650.000000 1485.626100
700.000000 1485.199400
750.000000 1485.010000
800.000000 1485.290600
850.000000 1485.417400
900.000000 1485.182300
950.000000 1485.075200
1000.000000 1484.945200
1050.000000 1484.804500
1100.000000 1484.858100
1150.000000 1484.886100
1200.000000 1484.687200
1250.000000 1484.733500
1300.000000 1485.102600
1350.000000 1485.298200
1400.000000 1485.692700
1450.000000 1486.136000
1500.000000 1486.524700
1550.000000 1486.944400
1600.000000 1487.552600
1650.000000 1488.022300
1700.000000 1488.490800
1750.000000 1488.973400
1800.000000 1489.484500
1850.000000 1489.967300
1900.000000 1490.368300
1950.000000 1491.072900
2000.000000 1491.671700
2050.000000 1492.158100
2100.000000 1492.745300
2150.000000 1493.480100
2200.000000 1494.120200
2250.000000 1494.826500
2300.000000 1495.507000
2350.000000 1496.177000
2400.000000 1496.959100
2450.000000 1497.672900
2500.000000 1498.397900
2550.000000 1499.119400
2600.000000 1499.872000
2650.000000 1500.608300
2700.000000 1501.433000
2750.000000 1502.271700
2800.000000 1503.060200
2850.000000 1503.881600
2900.000000 1504.706400
2950.000000 1505.487700
3000.000000 1506.303900
3050.000000 1507.120600
3100.000000 1507.921700
3150.000000 1508.768800
3200.000000 1509.596800
3250.000000 1510.451700
3300.000000 1511.326000
3350.000000 1512.158300
3400.000000 1513.012600
3450.000000 1513.846900
3500.000000 1514.700900
3550.000000 1515.556200
3600.000000 1516.406700
3650.000000 1517.255100
3700.000000 1518.137000
3750.000000 1519.006100
3800.000000 1519.878300
3850.000000 1520.746600
3900.000000 1521.632900
3950.000000 1522.488000
4000.000000 1523.337200
4050.000000 1524.228100
4100.000000 1525.115900
4150.000000 1526.008600
4200.000000 1526.898400
4250.000000 1527.792600
4300.000000 1528.699700
4350.000000 1529.601900
4400.000000 1530.516800
4450.000000 1531.427500
4500.000000 1532.342900
4550.000000 1533.259900
4600.000000 1534.151500
4650.000000 1535.116300
4700.000000 1536.037900
4750.000000 1536.959600
4800.000000 1537.881200
4850.000000 1538.802800
4900.000000 1539.724400
4950.000000 1540.646000
5000.000000 1541.567600
5050.000000 1542.489300
5100.000000 1543.410900
5150.000000 1544.332500
5200.000000 1545.254100
5250.000000 1546.175700
5300.000000 1547.097400
5350.000000 1548.019000
5400.000000 1548.940600
5450.000000 1549.862200
5500.000000 1550.783800
5550.000000 1551.705400
5600.000000 1552.627100
5650.000000 1553.548700
5700.000000 1554.470300
5750.000000 1555.391900
5800.000000 1556.313500
5850.000000 1557.235100
5900.000000 1558.156800
5950.000000 1559.078400
6000.000000 1560.000000
-1 -1
0.0000000 0.0000401
5.0000000 0.0000401
10.0000000 0.0000401
15.0000000 0.0000401
20.0000000 0.0000401
25.0000000 0.0000401
30.0000000 0.0000401
35.0000000 0.0000401
40.0000000 0.0000401
45.0000000 0.0000402
50.0000000 0.0000403
55.0000000 0.0000406
60.0000000 0.0000413
65.0000000 0.0000418
70.0000000 0.0000419
75.0000000 0.0000421
80.0000000 0.0000424
85.0000000 0.0000426
90.0000000 0.0000431
95.0000000 0.0000433
100.0000000 0.0000436
105.0000000 0.0000439
110.0000000 0.0000442
115.0000000 0.0000444
120.0000000 0.0000447
125.0000000 0.0000451
130.0000000 0.0000456
135.0000000 0.0000461
140.0000000 0.0000463
145.0000000 0.0000469
150.0000000 0.0000481
155.0000000 0.0000490
160.0000000 0.0000494
165.0000000 0.0000496
170.0000000 0.0000498
175.0000000 0.0000506
180.0000000 0.0000514
185.0000000 0.0000517
190.0000000 0.0000524
195.0000000 0.0000538
200.0000000 0.0000554
220.0000000 0.0000581
240.0000000 0.0000599
260.0000000 0.0000619
280.0000000 0.0000621
300.0000000 0.0000620
320.0000000 0.0000615
340.0000000 0.0000612
360.0000000 0.0000603
380.0000000 0.0000594
400.0000000 0.0000587
420.0000000 0.0000576
440.0000000 0.0000569
460.0000000 0.0000561
480.0000000 0.0000554
500.0000000 0.0000549
550.0000000 0.0000529
600.0000000 0.0000507
650.0000000 0.0000485
700.0000000 0.0000464
750.0000000 0.0000445
800.0000000 0.0000425
850.0000000 0.0000408
900.0000000 0.0000392
950.0000000 0.0000376
1000.0000000 0.0000360
1050.0000000 0.0000368
1100.0000000 0.0000377
1150.0000000 0.0000385
1200.0000000 0.0000394
1250.0000000 0.0000403
1300.0000000 0.0000411
1350.0000000 0.0000420
1400.0000000 0.0000429
1450.0000000 0.0000438
1500.0000000 0.0000447
1550.0000000 0.0000456
1600.0000000 0.0000465
1650.0000000 0.0000475
1700.0000000 0.0000485
1750.0000000 0.0000495
1800.0000000 0.0000505
1850.0000000 0.0000516
1900.0000000 0.0000527
1950.0000000 0.0000538
2000.0000000 0.0000549
2050.0000000 0.0000553
2100.0000000 0.0000556
2150.0000000 0.0000559
2200.0000000 0.0000562
2250.0000000 0.0000565
2300.0000000 0.0000568
2350.0000000 0.0000571
2400.0000000 0.0000574
2450.0000000 0.0000577
2500.0000000 0.0000581
2550.0000000 0.0000584
2600.0000000 0.0000587
2650.0000000 0.0000590
2700.0000000 0.0000593
2750.0000000 0.0000596
2800.0000000 0.0000599
2850.0000000 0.0000602
2900.0000000 0.0000605
2950.0000000 0.0000608
3000.0000000 0.0000611
3050.0000000 0.0000614
3100.0000000 0.0000618
3150.0000000 0.0000621
3200.0000000 0.0000624
3250.0000000 0.0000627
3300.0000000 0.0000630
3350.0000000 0.0000634
3400.0000000 0.0000637
3450.0000000 0.0000640
3500.0000000 0.0000643
3550.0000000 0.0000643
3600.0000000 0.0000643
3650.0000000 0.0000643
3700.0000000 0.0000642
3750.0000000 0.0000642
3800.0000000 0.0000642
3850.0000000 0.0000641
3900.0000000 0.0000641
3950.0000000 0.0000641
4000.0000000 0.0000641
4050.0000000 0.0000640
4100.0000000 0.0000640
4150.0000000 0.0000640
4200.0000000 0.0000639
4250.0000000 0.0000639
4300.0000000 0.0000639
4350.0000000 0.0000638
4400.0000000 0.0000638
4450.0000000 0.0000638
4500.0000000 0.0000637
4550.0000000 0.0000637
4600.0000000 0.0000637
4650.0000000 0.0000636
4700.0000000 0.0000636
4750.0000000 0.0000636
4800.0000000 0.0000635
4850.0000000 0.0000635
4900.0000000 0.0000635
4950.0000000 0.0000635
5000.0000000 0.0000634
5050.0000000 0.0000634
5100.0000000 0.0000634
5150.0000000 0.0000634
5200.0000000 0.0000633
5250.0000000 0.0000633
5300.0000000 0.0000633
5350.0000000 0.0000633
5400.0000000 0.0000632
5450.0000000 0.0000632
5500.0000000 0.0000632
5550.0000000 0.0000632
5600.0000000 0.0000632
5650.0000000 0.0000631
5700.0000000 0.0000631
5750.0000000 0.0000631
5800.0000000 0.0000631
5850.0000000 0.0000630
5900.0000000 0.0000630
5950.0000000 0.0000630
6000.0000000 0.0000630
-1 -1
0.000000 1697.654722
-1 -1
0.000000 1.871582
-1 -1
0.000000 0.399448
1074.098000 0.399448
1104.098000 10.000000
-1 -1
50000.000000
0.000000 1544.090000
5.000000 1544.096400
10.000000 1544.125200
15.000000 1544.184500
20.000000 1544.239700
25.000000 1544.305800
30.000000 1544.382300
35.000000 1544.463900
40.000000 1544.535200
45.000000 1544.553900
50.000000 1544.541600
55.000000 1544.473900
60.000000 1544.281000
65.000000 1543.988700
70.000000 1543.591900
75.000000 1543.115200
80.000000 1542.560000
85.000000 1541.949400
90.000000 1541.324200
95.000000 1540.660600
100.000000 1539.983500
105.000000 1539.286800
110.000000 1538.589000
115.000000 1537.898400
120.000000 1537.186800
125.000000 1536.550000
130.000000 1535.856800
135.000000 1535.039400
140.000000 1534.173200
145.000000 1533.241900
150.000000 1532.160600
155.000000 1530.839700
160.000000 1529.543900
165.000000 1528.262600
170.000000 1526.973200
175.000000 1525.767700
180.000000 1524.629400
185.000000 1523.518700
190.000000 1522.342300
195.000000 1521.045800
200.000000 1519.701900
220.000000 1513.756800
240.000000 1509.065800
260.000000 1503.906100
280.000000 1500.254800
300.000000 1497.660600
320.000000 1495.781900
340.000000 1494.726800
360.000000 1493.231600
380.000000 1491.651000
400.000000 1490.370600
420.000000 1489.273900
440.000000 1488.609000
460.000000 1488.030600
480.000000 1487.498700
500.000000 1487.247700
550.000000 1486.908700
600.000000 1486.459400
650.000000 1485.626100
700.000000 1485.199400
750.000000 1485.010000
800.000000 1485.290600
850.000000 1485.417400
900.000000 1485.182300
950.000000 1485.075200
1000.000000 1484.945200
1050.000000 1484.804500
1100.000000 1484.858100
1150.000000 1484.886100
1200.000000 1484.687200
1250.000000 1484.733500
1300.000000 1485.102600
1350.000000 1485.298200
1400.000000 1485.692700
1450.000000 1486.136000
1500.000000 1486.524700
1550.000000 1486.944400
1600.000000 1487.552600
1650.000000 1488.022300
1700.000000 1488.490800
1750.000000 1488.973400
1800.000000 1489.484500
1850.000000 1489.967300
1900.000000 1490.368300
1950.000000 1491.072900
2000.000000 1491.671700
2050.000000 1492.158100
2100.000000 1492.745300
2150.000000 1493.480100
2200.000000 1494.120200
2250.000000 1494.826500
2300.000000 1495.507000
2350.000000 1496.177000
2400.000000 1496.959100
2450.000000 1497.672900
2500.000000 1498.397900
2550.000000 1499.119400
2600.000000 1499.872000
2650.000000 1500.608300
2700.000000 1501.433000
2750.000000 1502.271700
2800.000000 1503.060200
2850.000000 1503.881600
2900.000000 1504.706400
2950.000000 1505.487700
3000.000000 1506.303900
3050.000000 1507.120600
3100.000000 1507.921700
3150.000000 1508.768800
3200.000000 1509.596800
3250.000000 1510.451700
3300.000000 1511.326000
3350.000000 1512.158300
3400.000000 1513.012600
3450.000000 1513.846900
3500.000000 1514.700900
3550.000000 1515.556200
3600.000000 1516.406700
3650.000000 1517.255100
3700.000000 1518.137000
3750.000000 1519.006100
3800.000000 1519.878300
3850.000000 1520.746600
3900.000000 1521.632900
3950.000000 1522.488000
4000.000000 1523.337200
4050.000000 1524.228100
4100.000000 1525.115900
4150.000000 1526.008600
4200.000000 1526.898400
4250.000000 1527.792600
4300.000000 1528.699700
4350.000000 1529.601900
4400.000000 1530.516800
4450.000000 1531.427500
4500.000000 1532.342900
4550.000000 1533.259900
4600.000000 1534.151500
4650.000000 1535.116300
4700.000000 1536.037900
4750.000000 1536.959600
4800.000000 1537.881200
4850.000000 1538.802800
4900.000000 1539.724400
4950.000000 1540.646000
5000.000000 1541.567600
5050.000000 1542.489300
5100.000000 1543.410900
5150.000000 1544.332500
5200.000000 1545.254100
5250.000000 1546.175700
5300.000000 1547.097400
5350.000000 1548.019000
5400.000000 1548.940600
5450.000000 1549.862200
5500.000000 1550.783800
5550.000000 1551.705400
5600.000000 1552.627100
5650.000000 1553.548700
5700.000000 1554.470300
5750.000000 1555.391900
5800.000000 1556.313500
5850.000000 1557.235100
5900.000000 1558.156800
5950.000000 1559.078400
6000.000000 1560.000000
-1 -1
0.0000000 0.0000401
5.0000000 0.0000401
10.0000000 0.0000401
15.0000000 0.0000401
20.0000000 0.0000401
25.0000000 0.0000401
30.0000000 0.0000401
35.0000000 0.0000401
40.0000000 0.0000401
45.0000000 0.0000402
50.0000000 0.0000403
55.0000000 0.0000406
60.0000000 0.0000413
65.0000000 0.0000418
70.0000000 0.0000419
75.0000000 0.0000421
80.0000000 0.0000424
85.0000000 0.0000426
90.0000000 0.0000431
95.0000000 0.0000433
100.0000000 0.0000436
105.0000000 0.0000439
110.0000000 0.0000442
115.0000000 0.0000444
120.0000000 0.0000447
125.0000000 0.0000451
130.0000000 0.0000456
135.0000000 0.0000461
140.0000000 0.0000463
145.0000000 0.0000469
150.0000000 0.0000481
155.0000000 0.0000490
160.0000000 0.0000494
165.0000000 0.0000496
170.0000000 0.0000498
175.0000000 0.0000506
180.0000000 0.0000514
185.0000000 0.0000517
190.0000000 0.0000524
195.0000000 0.0000538
200.0000000 0.0000554
220.0000000 0.0000581
240.0000000 0.0000599
260.0000000 0.0000619
280.0000000 0.0000621
300.0000000 0.0000620
320.0000000 0.0000615
340.0000000 0.0000612
360.0000000 0.0000603
380.0000000 0.0000594
400.0000000 0.0000587
420.0000000 0.0000576
440.0000000 0.0000569
460.0000000 0.0000561
480.0000000 0.0000554
500.0000000 0.0000549
550.0000000 0.0000529
600.0000000 0.0000507
650.0000000 0.0000485
700.0000000 0.0000464
750.0000000 0.0000445
800.0000000 0.0000425
850.0000000 0.0000408
900.0000000 0.0000392
950.0000000 0.0000376
1000.0000000 0.0000360
1050.0000000 0.0000368
1100.0000000 0.0000377
1150.0000000 0.0000385
1200.0000000 0.0000394
1250.0000000 0.0000403
1300.0000000 0.0000411
1350.0000000 0.0000420
1400.0000000 0.0000429
1450.0000000 0.0000438
1500.0000000 0.0000447
1550.0000000 0.0000456
1600.0000000 0.0000465
1650.0000000 0.0000475
1700.0000000 0.0000485
1750.0000000 0.0000495
1800.0000000 0.0000505
1850.0000000 0.0000516
1900.0000000 0.0000527
1950.0000000 0.0000538
2000.0000000 0.0000549
2050.0000000 0.0000553
2100.0000000 0.0000556
2150.0000000 0.0000559
2200.0000000 0.0000562
2250.0000000 0.0000565
2300.0000000 0.0000568
2350.0000000 0.0000571
2400.0000000 0.0000574
2450.0000000 0.0000577
2500.0000000 0.0000581
2550.0000000 0.0000584
2600.0000000 0.0000587
2650.0000000 0.0000590
2700.0000000 0.0000593
2750.0000000 0.0000596
2800.0000000 0.0000599
2850.0000000 0.0000602
2900.0000000 0.0000605
2950.0000000 0.0000608
3000.0000000 0.0000611
3050.0000000 0.0000614
3100.0000000 0.0000618
3150.0000000 0.0000621
3200.0000000 0.0000624
3250.0000000 0.0000627
3300.0000000 0.0000630
3350.0000000 0.0000634
3400.0000000 0.0000637
3450.0000000 0.0000640
3500.0000000 0.0000643
3550.0000000 0.0000643
3600.0000000 0.0000643
3650.0000000 0.0000643
3700.0000000 0.0000642
3750.0000000 0.0000642
3800.0000000 0.0000642
3850.0000000 0.0000641
3900.0000000 0.0000641
3950.0000000 0.0000641
4000.0000000 0.0000641
4050.0000000 0.0000640
4100.0000000 0.0000640
4150.0000000 0.0000640
4200.0000000 0.0000639
4250.0000000 0.0000639
4300.0000000 0.0000639
4350.0000000 0.0000638
4400.0000000 0.0000638
4450.0000000 0.0000638
4500.0000000 0.0000637
4550.0000000 0.0000637
4600.0000000 0.0000637
4650.0000000 0.0000636
4700.0000000 0.0000636
4750.0000000 0.0000636
4800.0000000 0.0000635
4850.0000000 0.0000635
4900.0000000 0.0000635
4950.0000000 0.0000635
5000.0000000 0.0000634
5050.0000000 0.0000634
5100.0000000 0.0000634
5150.0000000 0.0000634
5200.0000000 0.0000633
5250.0000000 0.0000633
5300.0000000 0.0000633
5350.0000000 0.0000633
5400.0000000 0.0000632
5450.0000000 0.0000632
5500.0000000 0.0000632
5550.0000000 0.0000632
5600.0000000 0.0000632
5650.0000000 0.0000631
5700.0000000 0.0000631
5750.0000000 0.0000631
5800.0000000 0.0000631
5850.0000000 0.0000630
5900.0000000 0.0000630
5950.0000000 0.0000630
6000.0000000 0.0000630
-1 -1
0.000000 1697.559522
-1 -1
0.000000 1.871582
-1 -1
0.000000 0.399426
1074.098000 0.399426
1104.098000 10.000000
-1 -1
51000.000000
0.000000 1544.090000
5.000000 1544.096400
10.000000 1544.125200
15.000000 1544.184500
20.000000 1544.239700
25.000000 1544.305800
30.000000 1544.382300
35.000000 1544.463900
40.000000 1544.535200
45.000000 1544.553900
50.000000 1544.541600
55.000000 1544.473900
60.000000 1544.281000
65.000000 1543.988700
70.000000 1543.591900
75.000000 1543.115200
80.000000 1542.560000
85.000000 1541.949400
90.000000 1541.324200
95.000000 1540.660600
100.000000 1539.983500
105.000000 1539.286800
110.000000 1538.589000
115.000000 1537.898400
120.000000 1537.186800
125.000000 1536.550000
130.000000 1535.856800
135.000000 1535.039400
140.000000 1534.173200
145.000000 1533.241900
150.000000 1532.160600
155.000000 1530.839700
160.000000 1529.543900
165.000000 1528.262600
170.000000 1526.973200
175.000000 1525.767700
180.000000 1524.629400
185.000000 1523.518700
190.000000 1522.342300
195.000000 1521.045800
200.000000 1519.701900
220.000000 1513.756800
240.000000 1509.065800
260.000000 1503.906100
280.000000 1500.254800
300.000000 1497.660600
320.000000 1495.781900
340.000000 1494.726800
360.000000 1493.231600
380.000000 1491.651000
400.000000 1490.370600
420.000000 1489.273900
440.000000 1488.609000
460.000000 1488.030600
480.000000 1487.498700
500.000000 1487.247700
550.000000 1486.908700
600.000000 1486.459400
650.000000 1485.626100
700.000000 1485.199400
750.000000 1485.010000
800.000000 1485.290600
850.000000 1485.417400
900.000000 1485.182300
950.000000 1485.075200
1000.000000 1484.945200
1050.000000 1484.804500
1100.000000 1484.858100
1150.000000 1484.886100
1200.000000 1484.687200
1250.000000 1484.733500
1300.000000 1485.102600
1350.000000 1485.298200
1400.000000 1485.692700
1450.000000 1486.136000
1500.000000 1486.524700
1550.000000 1486.944400
1600.000000 1487.552600
1650.000000 1488.022300
1700.000000 1488.490800
1750.000000 1488.973400
1800.000000 1489.484500
1850.000000 1489.967300
1900.000000 1490.368300
1950.000000 1491.072900
2000.000000 1491.671700
2050.000000 1492.158100
2100.000000 1492.745300
2150.000000 1493.480100
2200.000000 1494.120200
2250.000000 1494.826500
2300.000000 1495.507000
2350.000000 1496.177000
2400.000000 1496.959100
2450.000000 1497.672900
2500.000000 1498.397900
2550.000000 1499.119400
2600.000000 1499.872000
2650.000000 1500.608300
2700.000000 1501.433000
2750.000000 1502.271700
2800.000000 1503.060200
2850.000000 1503.881600
2900.000000 1504.706400
2950.000000 1505.487700
3000.000000 1506.303900
3050.000000 1507.120600
3100.000000 1507.921700
3150.000000 1508.768800
3200.000000 1509.596800
3250.000000 1510.451700
3300.000000 1511.326000
3350.000000 1512.158300
3400.000000 1513.012600
3450.000000 1513.846900
3500.000000 1514.700900
3550.000000 1515.556200
3600.000000 1516.406700
3650.000000 1517.255100
3700.000000 1518.137000
3750.000000 1519.006100
3800.000000 1519.878300
3850.000000 1520.746600
3900.000000 1521.632900
3950.000000 1522.488000
4000.000000 1523.337200
4050.000000 1524.228100
4100.000000 1525.115900
4150.000000 1526.008600
4200.000000 1526.898400
4250.000000 1527.792600
4300.000000 1528.699700
4350.000000 1529.601900
4400.000000 1530.516800
4450.000000 1531.427500
4500.000000 1532.342900
4550.000000 1533.259900
4600.000000 1534.151500
4650.000000 1535.116300
4700.000000 1536.037900
4750.000000 1536.959600
4800.000000 1537.881200
4850.000000 1538.802800
4900.000000 1539.724400
4950.000000 1540.646000
5000.000000 1541.567600
5050.000000 1542.489300
5100.000000 1543.410900
5150.000000 1544.332500
5200.000000 1545.254100
5250.000000 1546.175700
5300.000000 1547.097400
5350.000000 1548.019000
5400.000000 1548.940600
5450.000000 1549.862200
5500.000000 1550.783800
5550.000000 1551.705400
5600.000000 1552.627100
5650.000000 1553.548700
5700.000000 1554.470300
5750.000000 1555.391900
5800.000000 1556.313500
5850.000000 1557.235100
5900.000000 1558.156800
5950.000000 1559.078400
6000.000000 1560.000000
-1 -1
0.0000000 0.0000401
5.0000000 0.0000401
10.0000000 0.0000401
15.0000000 0.0000401
20.0000000 0.0000401
25.0000000 0.0000401
30.0000000 0.0000401
35.0000000 0.0000401
40.0000000 0.0000401
45.0000000 0.0000402
50.0000000 0.0000403
55.0000000 0.0000406
60.0000000 0.0000413
65.0000000 0.0000418
70.0000000 0.0000419
75.0000000 0.0000421
80.0000000 0.0000424
85.0000000 0.0000426
90.0000000 0.0000431
95.0000000 0.0000433
100.0000000 0.0000436
105.0000000 0.0000439
110.0000000 0.0000442
115.0000000 0.0000444
120.0000000 0.0000447
125.0000000 0.0000451
130.0000000 0.0000456
135.0000000 0.0000461
140.0000000 0.0000463
145.0000000 0.0000469
150.0000000 0.0000481
155.0000000 0.0000490
160.0000000 0.0000494
165.0000000 0.0000496
170.0000000 0.0000498
175.0000000 0.0000506
180.0000000 0.0000514
185.0000000 0.0000517
190.0000000 0.0000524
195.0000000 0.0000538
200.0000000 0.0000554
220.0000000 0.0000581
240.0000000 0.0000599
260.0000000 0.0000619
280.0000000 0.0000621
300.0000000 0.0000620
320.0000000 0.0000615
340.0000000 0.0000612
360.0000000 0.0000603
380.0000000 0.0000594
400.0000000 0.0000587
420.0000000 0.0000576
440.0000000 0.0000569
460.0000000 0.0000561
480.0000000 0.0000554
500.0000000 0.0000549
550.0000000 0.0000529
600.0000000 0.0000507
650.0000000 0.0000485
700.0000000 0.0000464
750.0000000 0.0000445
800.0000000 0.0000425
850.0000000 0.0000408
900.0000000 0.0000392
950.0000000 0.0000376
1000.0000000 0.0000360
1050.0000000 0.0000368
1100.0000000 0.0000377
1150.0000000 0.0000385
1200.0000000 0.0000394
1250.0000000 0.0000403
1300.0000000 0.0000411
1350.0000000 0.0000420
1400.0000000 0.0000429
1450.0000000 0.0000438
1500.0000000 0.0000447
1550.0000000 0.0000456
1600.0000000 0.0000465
1650.0000000 0.0000475
1700.0000000 0.0000485
1750.0000000 0.0000495
1800.0000000 0.0000505
1850.0000000 0.0000516
1900.0000000 0.0000527
1950.0000000 0.0000538
2000.0000000 0.0000549
2050.0000000 0.0000553
2100.0000000 0.0000556
2150.0000000 0.0000559
2200.0000000 0.0000562
2250.0000000 0.0000565
2300.0000000 0.0000568
2350.0000000 0.0000571
2400.0000000 0.0000574
2450.0000000 0.0000577
2500.0000000 0.0000581
2550.0000000 0.0000584
2600.0000000 0.0000587
2650.0000000 0.0000590
2700.0000000 0.0000593
2750.0000000 0.0000596
2800.0000000 0.0000599
2850.0000000 0.0000602
2900.0000000 0.0000605
2950.0000000 0.0000608
3000.0000000 0.0000611
3050.0000000 0.0000614
3100.0000000 0.0000618
3150.0000000 0.0000621
3200.0000000 0.0000624
3250.0000000 0.0000627
3300.0000000 0.0000630
3350.0000000 0.0000634
3400.0000000 0.0000637
3450.0000000 0.0000640
3500.0000000 0.0000643
3550.0000000 0.0000643
3600.0000000 0.0000643
3650.0000000 0.0000643
3700.0000000 0.0000642
3750.0000000 0.0000642
3800.0000000 0.0000642
3850.0000000 0.0000641
3900.0000000 0.0000641
3950.0000000 0.0000641
4000.0000000 0.0000641
4050.0000000 0.0000640
4100.0000000 0.0000640
4150.0000000 0.0000640
4200.0000000 0.0000639
4250.0000000 0.0000639
4300.0000000 0.0000639
4350.0000000 0.0000638
4400.0000000 0.0000638
4450.0000000 0.0000638
4500.0000000 0.0000637
4550.0000000 0.0000637
4600.0000000 0.0000637
4650.0000000 0.0000636
4700.0000000 0.0000636
4750.0000000 0.0000636
4800.0000000 0.0000635
4850.0000000 0.0000635
4900.0000000 0.0000635
4950.0000000 0.0000635
5000.0000000 0.0000634
5050.0000000 0.0000634
5100.0000000 0.0000634
5150.0000000 0.0000634
5200.0000000 0.0000633
5250.0000000 0.0000633
5300.0000000 0.0000633
5350.0000000 0.0000633
5400.0000000 0.0000632
5450.0000000 0.0000632
5500.0000000 0.0000632
5550.0000000 0.0000632
5600.0000000 0.0000632
5650.0000000 0.0000631
5700.0000000 0.0000631
5750.0000000 0.0000631
5800.0000000 0.0000631
5850.0000000 0.0000630
5900.0000000 0.0000630
5950.0000000 0.0000630
6000.0000000 0.0000630
-1 -1
0.000000 1697.132651
-1 -1
0.000000 1.871582
-1 -1
0.000000 0.399325
1074.098000 0.399325
1104.098000 10.000000
-1 -1
52000.000000
0.000000 1544.090000
5.000000 1544.096400
10.000000 1544.125200
15.000000 1544.184500
20.000000 1544.239700
25.000000 1544.305800
30.000000 1544.382300
35.000000 1544.463900
40.000000 1544.535200
45.000000 1544.553900
50.000000 1544.541600
55.000000 1544.473900
60.000000 1544.281000
65.000000 1543.988700
70.000000 1543.591900
75.000000 1543.115200
80.000000 1542.560000
85.000000 1541.949400
90.000000 1541.324200
95.000000 1540.660600
100.000000 1539.983500
105.000000 1539.286800
110.000000 1538.589000
115.000000 1537.898400
120.000000 1537.186800
125.000000 1536.550000
130.000000 1535.856800
135.000000 1535.039400
140.000000 1534.173200
145.000000 1533.241900
150.000000 1532.160600
155.000000 1530.839700
160.000000 1529.543900
165.000000 1528.262600
170.000000 1526.973200
175.000000 1525.767700
180.000000 1524.629400
185.000000 1523.518700
190.000000 1522.342300
195.000000 1521.045800
200.000000 1519.701900
220.000000 1513.756800
240.000000 1509.065800
260.000000 1503.906100
280.000000 1500.254800
300.000000 1497.660600
320.000000 1495.781900
340.000000 1494.726800
360.000000 1493.231600
380.000000 1491.651000
400.000000 1490.370600
420.000000 1489.273900
440.000000 1488.609000
460.000000 1488.030600
480.000000 1487.498700
500.000000 1487.247700
550.000000 1486.908700
600.000000 1486.459400
650.000000 1485.626100
700.000000 1485.199400
750.000000 1485.010000
800.000000 1485.290600
850.000000 1485.417400
900.000000 1485.182300
950.000000 1485.075200
1000.000000 1484.945200
1050.000000 1484.804500
1100.000000 1484.858100
1150.000000 1484.886100
1200.000000 1484.687200
1250.000000 1484.733500
1300.000000 1485.102600
1350.000000 1485.298200
1400.000000 1485.692700
1450.000000 1486.136000
1500.000000 1486.524700
1550.000000 1486.944400
1600.000000 1487.552600
1650.000000 1488.022300
1700.000000 1488.490800
1750.000000 1488.973400
1800.000000 1489.484500
1850.000000 1489.967300
1900.000000 1490.368300
1950.000000 1491.072900
2000.000000 1491.671700
2050.000000 1492.158100
2100.000000 1492.745300
2150.000000 1493.480100
2200.000000 1494.120200
2250.000000 1494.826500
2300.000000 1495.507000
2350.000000 1496.177000
2400.000000 1496.959100
2450.000000 1497.672900
2500.000000 1498.397900
2550.000000 1499.119400
2600.000000 1499.872000
2650.000000 1500.608300
2700.000000 1501.433000
2750.000000 1502.271700
2800.000000 1503.060200
2850.000000 1503.881600
2900.000000 1504.706400
2950.000000 1505.487700
3000.000000 1506.303900
3050.000000 1507.120600
3100.000000 1507.921700
3150.000000 1508.768800
3200.000000 1509.596800
3250.000000 1510.451700
3300.000000 1511.326000
3350.000000 1512.158300
3400.000000 1513.012600
3450.000000 1513.846900
3500.000000 1514.700900
3550.000000 1515.556200
3600.000000 1516.406700
3650.000000 1517.255100
3700.000000 1518.137000
3750.000000 1519.006100
3800.000000 1519.878300
3850.000000 1520.746600
3900.000000 1521.632900
3950.000000 1522.488000
4000.000000 1523.337200
4050.000000 1524.228100
4100.000000 1525.115900
4150.000000 1526.008600
4200.000000 1526.898400
4250.000000 1527.792600
4300.000000 1528.699700
4350.000000 1529.601900
4400.000000 1530.516800
4450.000000 1531.427500
4500.000000 1532.342900
4550.000000 1533.259900
4600.000000 1534.151500
4650.000000 1535.116300
4700.000000 1536.037900
4750.000000 1536.959600
4800.000000 1537.881200
4850.000000 1538.802800
4900.000000 1539.724400
4950.000000 1540.646000
5000.000000 1541.567600
5050.000000 1542.489300
5100.000000 1543.410900
5150.000000 1544.332500
5200.000000 1545.254100
5250.000000 1546.175700
5300.000000 1547.097400
5350.000000 1548.019000
5400.000000 1548.940600
5450.000000 1549.862200
5500.000000 1550.783800
5550.000000 1551.705400
5600.000000 1552.627100
5650.000000 1553.548700
5700.000000 1554.470300
5750.000000 1555.391900
5800.000000 1556.313500
5850.000000 1557.235100
5900.000000 1558.156800
5950.000000 1559.078400
6000.000000 1560.000000
-1 -1
0.0000000 0.0000401
5.0000000 0.0000401
10.0000000 0.0000401
15.0000000 0.0000401
20.0000000 0.0000401
25.0000000 0.0000401
30.0000000 0.0000401
35.0000000 0.0000401
40.0000000 0.0000401
45.0000000 0.0000402
50.0000000 0.0000403
55.0000000 0.0000406
60.0000000 0.0000413
65.0000000 0.0000418
70.0000000 0.0000419
75.0000000 0.0000421
80.0000000 0.0000424
85.0000000 0.0000426
90.0000000 0.0000431
95.0000000 0.0000433
100.0000000 0.0000436
105.0000000 0.0000439
110.0000000 0.0000442
115.0000000 0.0000444
120.0000000 0.0000447
125.0000000 0.0000451
130.0000000 0.0000456
135.0000000 0.0000461
140.0000000 0.0000463
145.0000000 0.0000469
150.0000000 0.0000481
155.0000000 0.0000490
160.0000000 0.0000494
165.0000000 0.0000496
170.0000000 0.0000498
175.0000000 0.0000506
180.0000000 0.0000514
185.0000000 0.0000517
190.0000000 0.0000524
195.0000000 0.0000538
200.0000000 0.0000554
220.0000000 0.0000581
240.0000000 0.0000599
260.0000000 0.0000619
280.0000000 0.0000621
300.0000000 0.0000620
320.0000000 0.0000615
340.0000000 0.0000612
360.0000000 0.0000603
380.0000000 0.0000594
400.0000000 0.0000587
420.0000000 0.0000576
440.0000000 0.0000569
460.0000000 0.0000561
480.0000000 0.0000554
500.0000000 0.0000549
550.0000000 0.0000529
600.0000000 0.0000507
650.0000000 0.0000485
700.0000000 0.0000464
750.0000000 0.0000445
800.0000000 0.0000425
850.0000000 0.0000408
900.0000000 0.0000392
950.0000000 0.0000376
1000.0000000 0.0000360
1050.0000000 0.0000368
1100.0000000 0.0000377
1150.0000000 0.0000385
1200.0000000 0.0000394
1250.0000000 0.0000403
1300.0000000 0.0000411
1350.0000000 0.0000420
1400.0000000 0.0000429
1450.0000000 0.0000438
1500.0000000 0.0000447
1550.0000000 0.0000456
1600.0000000 0.0000465
1650.0000000 0.0000475
1700.0000000 0.0000485
1750.0000000 0.0000495
1800.0000000 0.0000505
1850.0000000 0.0000516
1900.0000000 0.0000527
1950.0000000 0.0000538
2000.0000000 0.0000549
2050.0000000 0.0000553
2100.0000000 0.0000556
2150.0000000 0.0000559
2200.0000000 0.0000562
2250.0000000 0.0000565
2300.0000000 0.0000568
2350.0000000 0.0000571
2400.0000000 0.0000574
2450.0000000 0.0000577
2500.0000000 0.0000581
2550.0000000 0.0000584
2600.0000000 0.0000587
2650.0000000 0.0000590
2700.0000000 0.0000593
2750.0000000 0.0000596
2800.0000000 0.0000599
2850.0000000 0.0000602
2900.0000000 0.0000605
2950.0000000 0.0000608
3000.0000000 0.0000611
3050.0000000 0.0000614
3100.0000000 0.0000618
3150.0000000 0.0000621
3200.0000000 0.0000624
3250.0000000 0.0000627
3300.0000000 0.0000630
3350.0000000 0.0000634
3400.0000000 0.0000637
3450.0000000 0.0000640
3500.0000000 0.0000643
3550.0000000 0.0000643
3600.0000000 0.0000643
3650.0000000 0.0000643
3700.0000000 0.0000642
3750.0000000 0.0000642
3800.0000000 0.0000642
3850.0000000 0.0000641
3900.0000000 0.0000641
3950.0000000 0.0000641
4000.0000000 0.0000641
4050.0000000 0.0000640
4100.0000000 0.0000640
4150.0000000 0.0000640
4200.0000000 0.0000639
4250.0000000 0.0000639
4300.0000000 0.0000639
4350.0000000 0.0000638
4400.0000000 0.0000638
4450.0000000 0.0000638
4500.0000000 0.0000637
4550.0000000 0.0000637
4600.0000000 0.0000637
4650.0000000 0.0000636
4700.0000000 0.0000636
4750.0000000 0.0000636
4800.0000000 0.0000635
4850.0000000 0.0000635
4900.0000000 0.0000635
4950.0000000 0.0000635
5000.0000000 0.0000634
5050.0000000 0.0000634
5100.0000000 0.0000634
5150.0000000 0.0000634
5200.0000000 0.0000633
5250.0000000 0.0000633
5300.0000000 0.0000633
5350.0000000 0.0000633
5400.0000000 0.0000632
5450.0000000 0.0000632
5500.0000000 0.0000632
5550.0000000 0.0000632
5600.0000000 0.0000632
5650.0000000 0.0000631
5700.0000000 0.0000631
5750.0000000 0.0000631
5800.0000000 0.0000631
5850.0000000 0.0000630
5900.0000000 0.0000630
5950.0000000 0.0000630
6000.0000000 0.0000630
-1 -1
0.000000 1696.113620
-1 -1
0.000000 1.871582
-1 -1
0.000000 0.399086
1074.098000 0.399086
1104.098000 10.000000
-1 -1
53000.000000
0.000000 1544.090000
5.000000 1544.096400
10.000000 1544.125200
15.000000 1544.184500
20.000000 1544.239700
25.000000 1544.305800
30.000000 1544.382300
35.000000 1544.463900
40.000000 1544.535200
45.000000 1544.553900
50.000000 1544.541600
55.000000 1544.473900
60.000000 1544.281000
65.000000 1543.988700
70.000000 1543.591900
75.000000 1543.115200
80.000000 1542.560000
85.000000 1541.949400
90.000000 1541.324200
95.000000 1540.660600
100.000000 1539.983500
105.000000 1539.286800
110.000000 1538.589000
115.000000 1537.898400
120.000000 1537.186800
125.000000 1536.550000
130.000000 1535.856800
135.000000 1535.039400
140.000000 1534.173200
145.000000 1533.241900
150.000000 1532.160600
155.000000 1530.839700
160.000000 1529.543900
165.000000 1528.262600
170.000000 1526.973200
175.000000 1525.767700
180.000000 1524.629400
185.000000 1523.518700
190.000000 1522.342300
195.000000 1521.045800
200.000000 1519.701900
220.000000 1513.756800
240.000000 1509.065800
260.000000 1503.906100
280.000000 1500.254800
300.000000 1497.660600
320.000000 1495.781900
340.000000 1494.726800
360.000000 1493.231600
380.000000 1491.651000
400.000000 1490.370600
420.000000 1489.273900
440.000000 1488.609000
460.000000 1488.030600
480.000000 1487.498700
500.000000 1487.247700
550.000000 1486.908700
600.000000 1486.459400
650.000000 1485.626100
700.000000 1485.199400
750.000000 1485.010000
800.000000 1485.290600
850.000000 1485.417400
900.000000 1485.182300
950.000000 1485.075200
1000.000000 1484.945200
1050.000000 1484.804500
1100.000000 1484.858100
1150.000000 1484.886100
1200.000000 1484.687200
1250.000000 1484.733500
1300.000000 1485.102600
1350.000000 1485.298200
1400.000000 1485.692700
1450.000000 1486.136000
1500.000000 1486.524700
1550.000000 1486.944400
1600.000000 1487.552600
1650.000000 1488.022300
1700.000000 1488.490800
1750.000000 1488.973400
1800.000000 1489.484500
1850.000000 1489.967300
1900.000000 1490.368300
1950.000000 1491.072900
2000.000000 1491.671700
2050.000000 1492.158100
2100.000000 1492.745300
2150.000000 1493.480100
2200.000000 1494.120200
2250.000000 1494.826500
2300.000000 1495.507000
2350.000000 1496.177000
2400.000000 1496.959100
2450.000000 1497.672900
2500.000000 1498.397900
2550.000000 1499.119400
2600.000000 1499.872000
2650.000000 1500.608300
2700.000000 1501.433000
2750.000000 1502.271700
2800.000000 1503.060200
2850.000000 1503.881600
2900.000000 1504.706400
2950.000000 1505.487700
3000.000000 1506.303900
3050.000000 1507.120600
3100.000000 1507.921700
3150.000000 1508.768800
3200.000000 1509.596800
3250.000000 1510.451700
3300.000000 1511.326000
3350.000000 1512.158300
3400.000000 1513.012600
3450.000000 1513.846900
3500.000000 1514.700900
3550.000000 1515.556200
3600.000000 1516.406700
3650.000000 1517.255100
3700.000000 1518.137000
3750.000000 1519.006100
3800.000000 1519.878300
3850.000000 1520.746600
3900.000000 1521.632900
3950.000000 1522.488000
4000.000000 1523.337200
4050.000000 1524.228100
4100.000000 1525.115900
4150.000000 1526.008600
4200.000000 1526.898400
4250.000000 1527.792600
4300.000000 1528.699700
4350.000000 1529.601900
4400.000000 1530.516800
4450.000000 1531.427500
4500.000000 1532.342900
4550.000000 1533.259900
4600.000000 1534.151500
4650.000000 1535.116300
4700.000000 1536.037900
4750.000000 1536.959600
4800.000000 1537.881200
4850.000000 1538.802800
4900.000000 1539.724400
4950.000000 1540.646000
5000.000000 1541.567600
5050.000000 1542.489300
5100.000000 1543.410900
5150.000000 1544.332500
5200.000000 1545.254100
5250.000000 1546.175700
5300.000000 1547.097400
5350.000000 1548.019000
5400.000000 1548.940600
5450.000000 1549.862200
5500.000000 1550.783800
5550.000000 1551.705400
5600.000000 1552.627100
5650.000000 1553.548700
5700.000000 1554.470300
5750.000000 1555.391900
5800.000000 1556.313500
5850.000000 1557.235100
5900.000000 1558.156800
5950.000000 1559.078400
6000.000000 1560.000000
-1 -1
0.0000000 0.0000401
5.0000000 0.0000401
10.0000000 0.0000401
15.0000000 0.0000401
20.0000000 0.0000401
25.0000000 0.0000401
30.0000000 0.0000401
35.0000000 0.0000401
40.0000000 0.0000401
45.0000000 0.0000402
50.0000000 0.0000403
55.0000000 0.0000406
60.0000000 0.0000413
65.0000000 0.0000418
70.0000000 0.0000419
75.0000000 0.0000421
80.0000000 0.0000424
85.0000000 0.0000426
90.0000000 0.0000431
95.0000000 0.0000433
100.0000000 0.0000436
105.0000000 0.0000439
110.0000000 0.0000442
115.0000000 0.0000444
120.0000000 0.0000447
125.0000000 0.0000451
130.0000000 0.0000456
135.0000000 0.0000461
140.0000000 0.0000463
145.0000000 0.0000469
150.0000000 0.0000481
155.0000000 0.0000490
160.0000000 0.0000494
165.0000000 0.0000496
170.0000000 0.0000498
175.0000000 0.0000506
180.0000000 0.0000514
185.0000000 0.0000517
190.0000000 0.0000524
195.0000000 0.0000538
200.0000000 0.0000554
220.0000000 0.0000581
240.0000000 0.0000599
260.0000000 0.0000619
280.0000000 0.0000621
300.0000000 0.0000620
320.0000000 0.0000615
340.0000000 0.0000612
360.0000000 0.0000603
380.0000000 0.0000594
400.0000000 0.0000587
420.0000000 0.0000576
440.0000000 0.0000569
460.0000000 0.0000561
480.0000000 0.0000554
500.0000000 0.0000549
550.0000000 0.0000529
600.0000000 0.0000507
650.0000000 0.0000485
700.0000000 0.0000464
750.0000000 0.0000445
800.0000000 0.0000425
850.0000000 0.0000408
900.0000000 0.0000392
950.0000000 0.0000376
1000.0000000 0.0000360
1050.0000000 0.0000368
1100.0000000 0.0000377
1150.0000000 0.0000385
1200.0000000 0.0000394
1250.0000000 0.0000403
1300.0000000 0.0000411
1350.0000000 0.0000420
1400.0000000 0.0000429
1450.0000000 0.0000438
1500.0000000 0.0000447
1550.0000000 0.0000456
1600.0000000 0.0000465
1650.0000000 0.0000475
1700.0000000 0.0000485
1750.0000000 0.0000495
1800.0000000 0.0000505
1850.0000000 0.0000516
1900.0000000 0.0000527
1950.0000000 0.0000538
2000.0000000 0.0000549
2050.0000000 0.0000553
2100.0000000 0.0000556
2150.0000000 0.0000559
2200.0000000 0.0000562
2250.0000000 0.0000565
2300.0000000 0.0000568
2350.0000000 0.0000571
2400.0000000 0.0000574
2450.0000000 0.0000577
2500.0000000 0.0000581
2550.0000000 0.0000584
2600.0000000 0.0000587
2650.0000000 0.0000590
2700.0000000 0.0000593
2750.0000000 0.0000596
2800.0000000 0.0000599
2850.0000000 0.0000602
2900.0000000 0.0000605
2950.0000000 0.0000608
3000.0000000 0.0000611
3050.0000000 0.0000614
3100.0000000 0.0000618
3150.0000000 0.0000621
3200.0000000 0.0000624
3250.0000000 0.0000627
3300.0000000 0.0000630
3350.0000000 0.0000634
3400.0000000 0.0000637
3450.0000000 0.0000640
3500.0000000 0.0000643
3550.0000000 0.0000643
3600.0000000 0.0000643
3650.0000000 0.0000643
3700.0000000 0.0000642
3750.0000000 0.0000642
3800.0000000 0.0000642
3850.0000000 0.0000641
3900.0000000 0.0000641
3950.0000000 0.0000641
4000.0000000 0.0000641
4050.0000000 0.0000640
4100.0000000 0.0000640
4150.0000000 0.0000640
4200.0000000 0.0000639
4250.0000000 0.0000639
4300.0000000 0.0000639
4350.0000000 0.0000638
4400.0000000 0.0000638
4450.0000000 0.0000638
4500.0000000 0.0000637
4550.0000000 0.0000637
4600.0000000 0.0000637
4650.0000000 0.0000636
4700.0000000 0.0000636
4750.0000000 0.0000636
4800.0000000 0.0000635
4850.0000000 0.0000635
4900.0000000 0.0000635
4950.0000000 0.0000635
5000.0000000 0.0000634
5050.0000000 0.0000634
5100.0000000 0.0000634
5150.0000000 0.0000634
5200.0000000 0.0000633
5250.0000000 0.0000633
5300.0000000 0.0000633
5350.0000000 0.0000633
5400.0000000 0.0000632
5450.0000000 0.0000632
5500.0000000 0.0000632
5550.0000000 0.0000632
5600.0000000 0.0000632
5650.0000000 0.0000631
5700.0000000 0.0000631
5750.0000000 0.0000631
5800.0000000 0.0000631
5850.0000000 0.0000630
5900.0000000 0.0000630
5950.0000000 0.0000630
6000.0000000 0.0000630
-1 -1
0.000000 1694.933874
-1 -1
0.000000 1.871582
-1 -1
0.000000 0.398808
1074.098000 0.398808
1104.098000 10.000000
-1 -1
54000.000000
0.000000 1544.090000
5.000000 1544.096400
10.000000 1544.125200
15.000000 1544.184500
20.000000 1544.239700
25.000000 1544.305800
30.000000 1544.382300
35.000000 1544.463900
40.000000 1544.535200
45.000000 1544.553900
50.000000 1544.541600
55.000000 1544.473900
60.000000 1544.281000
65.000000 1543.988700
70.000000 1543.591900
75.000000 1543.115200
80.000000 1542.560000
85.000000 1541.949400
90.000000 1541.324200
95.000000 1540.660600
100.000000 1539.983500
105.000000 1539.286800
110.000000 1538.589000
115.000000 1537.898400
120.000000 1537.186800
125.000000 1536.550000
130.000000 1535.856800
135.000000 1535.039400
140.000000 1534.173200
145.000000 1533.241900
150.000000 1532.160600
155.000000 1530.839700
160.000000 1529.543900
165.000000 1528.262600
170.000000 1526.973200
175.000000 1525.767700
180.000000 1524.629400
185.000000 1523.518700
190.000000 1522.342300
195.000000 1521.045800
200.000000 1519.701900
220.000000 1513.756800
240.000000 1509.065800
260.000000 1503.906100
280.000000 1500.254800
300.000000 1497.660600
320.000000 1495.781900
340.000000 1494.726800
360.000000 1493.231600
380.000000 1491.651000
400.000000 1490.370600
420.000000 1489.273900
440.000000 1488.609000
460.000000 1488.030600
480.000000 1487.498700
500.000000 1487.247700
550.000000 1486.908700
600.000000 1486.459400
650.000000 1485.626100
700.000000 1485.199400
750.000000 1485.010000
800.000000 1485.290600
850.000000 1485.417400
900.000000 1485.182300
950.000000 1485.075200
1000.000000 1484.945200
1050.000000 1484.804500
1100.000000 1484.858100
1150.000000 1484.886100
1200.000000 1484.687200
1250.000000 1484.733500
1300.000000 1485.102600
1350.000000 1485.298200
1400.000000 1485.692700
1450.000000 1486.136000
1500.000000 1486.524700
1550.000000 1486.944400
1600.000000 1487.552600
1650.000000 1488.022300
1700.000000 1488.490800
1750.000000 1488.973400
1800.000000 1489.484500
1850.000000 1489.967300
1900.000000 1490.368300
1950.000000 1491.072900
2000.000000 1491.671700
2050.000000 1492.158100
2100.000000 1492.745300
2150.000000 1493.480100
2200.000000 1494.120200
2250.000000 1494.826500
2300.000000 1495.507000
2350.000000 1496.177000
2400.000000 1496.959100
2450.000000 1497.672900
2500.000000 1498.397900
2550.000000 1499.119400
2600.000000 1499.872000
2650.000000 1500.608300
2700.000000 1501.433000
2750.000000 1502.271700
2800.000000 1503.060200
2850.000000 1503.881600
2900.000000 1504.706400
2950.000000 1505.487700
3000.000000 1506.303900
3050.000000 1507.120600
3100.000000 1507.921700
3150.000000 1508.768800
3200.000000 1509.596800
3250.000000 1510.451700
3300.000000 1511.326000
3350.000000 1512.158300
3400.000000 1513.012600
3450.000000 1513.846900
3500.000000 1514.700900
3550.000000 1515.556200
3600.000000 1516.406700
3650.000000 1517.255100
3700.000000 1518.137000
3750.000000 1519.006100
3800.000000 1519.878300
3850.000000 1520.746600
3900.000000 1521.632900
3950.000000 1522.488000
4000.000000 1523.337200
4050.000000 1524.228100
4100.000000 1525.115900
4150.000000 1526.008600
4200.000000 1526.898400
4250.000000 1527.792600
4300.000000 1528.699700
4350.000000 1529.601900
4400.000000 1530.516800
4450.000000 1531.427500
4500.000000 1532.342900
4550.000000 1533.259900
4600.000000 1534.151500
4650.000000 1535.116300
4700.000000 1536.037900
4750.000000 1536.959600
4800.000000 1537.881200
4850.000000 1538.802800
4900.000000 1539.724400
4950.000000 1540.646000
5000.000000 1541.567600
5050.000000 1542.489300
5100.000000 1543.410900
5150.000000 1544.332500
5200.000000 1545.254100
5250.000000 1546.175700
5300.000000 1547.097400
5350.000000 1548.019000
5400.000000 1548.940600
5450.000000 1549.862200
5500.000000 1550.783800
5550.000000 1551.705400
5600.000000 1552.627100
5650.000000 1553.548700
5700.000000 1554.470300
5750.000000 1555.391900
5800.000000 1556.313500
5850.000000 1557.235100
5900.000000 1558.156800
5950.000000 1559.078400
6000.000000 1560.000000
-1 -1
0.0000000 0.0000401
5.0000000 0.0000401
10.0000000 0.0000401
15.0000000 0.0000401
20.0000000 0.0000401
25.0000000 0.0000401
30.0000000 0.0000401
35.0000000 0.0000401
40.0000000 0.0000401
45.0000000 0.0000402
50.0000000 0.0000403
55.0000000 0.0000406
60.0000000 0.0000413
65.0000000 0.0000418
70.0000000 0.0000419
75.0000000 0.0000421
80.0000000 0.0000424
85.0000000 0.0000426
90.0000000 0.0000431
95.0000000 0.0000433
100.0000000 0.0000436
105.0000000 0.0000439
110.0000000 0.0000442
115.0000000 0.0000444
120.0000000 0.0000447
125.0000000 0.0000451
130.0000000 0.0000456
135.0000000 0.0000461
140.0000000 0.0000463
145.0000000 0.0000469
150.0000000 0.0000481
155.0000000 0.0000490
160.0000000 0.0000494
165.0000000 0.0000496
170.0000000 0.0000498
175.0000000 0.0000506
180.0000000 0.0000514
185.0000000 0.0000517
190.0000000 0.0000524
195.0000000 0.0000538
200.0000000 0.0000554
220.0000000 0.0000581
240.0000000 0.0000599
260.0000000 0.0000619
280.0000000 0.0000621
300.0000000 0.0000620
320.0000000 0.0000615
340.0000000 0.0000612
360.0000000 0.0000603
380.0000000 0.0000594
400.0000000 0.0000587
420.0000000 0.0000576
440.0000000 0.0000569
460.0000000 0.0000561
480.0000000 0.0000554
500.0000000 0.0000549
550.0000000 0.0000529
600.0000000 0.0000507
650.0000000 0.0000485
700.0000000 0.0000464
750.0000000 0.0000445
800.0000000 0.0000425
850.0000000 0.0000408
900.0000000 0.0000392
950.0000000 0.0000376
1000.0000000 0.0000360
1050.0000000 0.0000368
1100.0000000 0.0000377
1150.0000000 0.0000385
1200.0000000 0.0000394
1250.0000000 0.0000403
1300.0000000 0.0000411
1350.0000000 0.0000420
1400.0000000 0.0000429
1450.0000000 0.0000438
1500.0000000 0.0000447
1550.0000000 0.0000456
1600.0000000 0.0000465
1650.0000000 0.0000475
1700.0000000 0.0000485
1750.0000000 0.0000495
1800.0000000 0.0000505
1850.0000000 0.0000516
1900.0000000 0.0000527
1950.0000000 0.0000538
2000.0000000 0.0000549
2050.0000000 0.0000553
2100.0000000 0.0000556
2150.0000000 0.0000559
2200.0000000 0.0000562
2250.0000000 0.0000565
2300.0000000 0.0000568
2350.0000000 0.0000571
2400.0000000 0.0000574
2450.0000000 0.0000577
2500.0000000 0.0000581
2550.0000000 0.0000584
2600.0000000 0.0000587
2650.0000000 0.0000590
2700.0000000 0.0000593
2750.0000000 0.0000596
2800.0000000 0.0000599
2850.0000000 0.0000602
2900.0000000 0.0000605
2950.0000000 0.0000608
3000.0000000 0.0000611
3050.0000000 0.0000614
3100.0000000 0.0000618
3150.0000000 0.0000621
3200.0000000 0.0000624
3250.0000000 0.0000627
3300.0000000 0.0000630
3350.0000000 0.0000634
3400.0000000 0.0000637
3450.0000000 0.0000640
3500.0000000 0.0000643
3550.0000000 0.0000643
3600.0000000 0.0000643
3650.0000000 0.0000643
3700.0000000 0.0000642
3750.0000000 0.0000642
3800.0000000 0.0000642
3850.0000000 0.0000641
3900.0000000 0.0000641
3950.0000000 0.0000641
4000.0000000 0.0000641
4050.0000000 0.0000640
4100.0000000 0.0000640
4150.0000000 0.0000640
4200.0000000 0.0000639
4250.0000000 0.0000639
4300.0000000 0.0000639
4350.0000000 0.0000638
4400.0000000 0.0000638
4450.0000000 0.0000638
4500.0000000 0.0000637
4550.0000000 0.0000637
4600.0000000 0.0000637
4650.0000000 0.0000636
4700.0000000 0.0000636
4750.0000000 0.0000636
4800.0000000 0.0000635
4850.0000000 0.0000635
4900.0000000 0.0000635
4950.0000000 0.0000635
5000.0000000 0.0000634
5050.0000000 0.0000634
5100.0000000 0.0000634
5150.0000000 0.0000634
5200.0000000 0.0000633
5250.0000000 0.0000633
5300.0000000 0.0000633
5350.0000000 0.0000633
5400.0000000 0.0000632
5450.0000000 0.0000632
5500.0000000 0.0000632
5550.0000000 0.0000632
5600.0000000 0.0000632
5650.0000000 0.0000631
5700.0000000 0.0000631
5750.0000000 0.0000631
5800.0000000 0.0000631
5850.0000000 0.0000630
5900.0000000 0.0000630
5950.0000000 0.0000630
6000.0000000 0.0000630
-1 -1
0.000000 1694.559439
-1 -1
0.000000 1.871582
-1 -1
0.000000 0.398720
1074.098000 0.398720
1104.098000 10.000000
-1 -1
55000.000000
0.000000 1544.090000
5.000000 1544.096400
10.000000 1544.125200
15.000000 1544.184500
20.000000 1544.239700
25.000000 1544.305800
30.000000 1544.382300
35.000000 1544.463900
40.000000 1544.535200
45.000000 1544.553900
50.000000 1544.541600
55.000000 1544.473900
60.000000 1544.281000
65.000000 1543.988700
70.000000 1543.591900
75.000000 1543.115200
80.000000 1542.560000
85.000000 1541.949400
90.000000 1541.324200
95.000000 1540.660600
100.000000 1539.983500
105.000000 1539.286800
110.000000 1538.589000
115.000000 1537.898400
120.000000 1537.186800
125.000000 1536.550000
130.000000 1535.856800
135.000000 1535.039400
140.000000 1534.173200
145.000000 1533.241900
150.000000 1532.160600
155.000000 1530.839700
160.000000 1529.543900
165.000000 1528.262600
170.000000 1526.973200
175.000000 1525.767700
180.000000 1524.629400
185.000000 1523.518700
190.000000 1522.342300
195.000000 1521.045800
200.000000 1519.701900
220.000000 1513.756800
240.000000 1509.065800
260.000000 1503.906100
280.000000 1500.254800
300.000000 1497.660600
320.000000 1495.781900
340.000000 1494.726800
360.000000 1493.231600
380.000000 1491.651000
400.000000 1490.370600
420.000000 1489.273900
440.000000 1488.609000
460.000000 1488.030600
480.000000 1487.498700
500.000000 1487.247700
550.000000 1486.908700
600.000000 1486.459400
650.000000 1485.626100
700.000000 1485.199400
750.000000 1485.010000
800.000000 1485.290600
850.000000 1485.417400
900.000000 1485.182300
950.000000 1485.075200
1000.000000 1484.945200
1050.000000 1484.804500
1100.000000 1484.858100
1150.000000 1484.886100
1200.000000 1484.687200
1250.000000 1484.733500
1300.000000 1485.102600
1350.000000 1485.298200
1400.000000 1485.692700
1450.000000 1486.136000
1500.000000 1486.524700
1550.000000 1486.944400
1600.000000 1487.552600
1650.000000 1488.022300
1700.000000 1488.490800
1750.000000 1488.973400
1800.000000 1489.484500
1850.000000 1489.967300
1900.000000 1490.368300
1950.000000 1491.072900
2000.000000 1491.671700
2050.000000 1492.158100
2100.000000 1492.745300
2150.000000 1493.480100
2200.000000 1494.120200
2250.000000 1494.826500
2300.000000 1495.507000
2350.000000 1496.177000
2400.000000 1496.959100
2450.000000 1497.672900
2500.000000 1498.397900
2550.000000 1499.119400
2600.000000 1499.872000
2650.000000 1500.608300
2700.000000 1501.433000
2750.000000 1502.271700
2800.000000 1503.060200
2850.000000 1503.881600
2900.000000 1504.706400
2950.000000 1505.487700
3000.000000 1506.303900
3050.000000 1507.120600
3100.000000 1507.921700
3150.000000 1508.768800
3200.000000 1509.596800
3250.000000 1510.451700
3300.000000 1511.326000
3350.000000 1512.158300
3400.000000 1513.012600
3450.000000 1513.846900
3500.000000 1514.700900
3550.000000 1515.556200
3600.000000 1516.406700
3650.000000 1517.255100
3700.000000 1518.137000
3750.000000 1519.006100
3800.000000 1519.878300
3850.000000 1520.746600
3900.000000 1521.632900
3950.000000 1522.488000
4000.000000 1523.337200
4050.000000 1524.228100
4100.000000 1525.115900
4150.000000 1526.008600
4200.000000 1526.898400
4250.000000 1527.792600
4300.000000 1528.699700
4350.000000 1529.601900
4400.000000 1530.516800
4450.000000 1531.427500
4500.000000 1532.342900
4550.000000 1533.259900
4600.000000 1534.151500
4650.000000 1535.116300
4700.000000 1536.037900
4750.000000 1536.959600
4800.000000 1537.881200
4850.000000 1538.802800
4900.000000 1539.724400
4950.000000 1540.646000
5000.000000 1541.567600
5050.000000 1542.489300
5100.000000 1543.410900
5150.000000 1544.332500
5200.000000 1545.254100
5250.000000 1546.175700
5300.000000 1547.097400
5350.000000 1548.019000
5400.000000 1548.940600
5450.000000 1549.862200
5500.000000 1550.783800
5550.000000 1551.705400
5600.000000 1552.627100
5650.000000 1553.548700
5700.000000 1554.470300
5750.000000 1555.391900
5800.000000 1556.313500
5850.000000 1557.235100
5900.000000 1558.156800
5950.000000 1559.078400
6000.000000 1560.000000
-1 -1
0.0000000 0.0000401
5.0000000 0.0000401
10.0000000 0.0000401
15.0000000 0.0000401
20.0000000 0.0000401
25.0000000 0.0000401
30.0000000 0.0000401
35.0000000 0.0000401
40.0000000 0.0000401
45.0000000 0.0000402
50.0000000 0.0000403
55.0000000 0.0000406
60.0000000 0.0000413
65.0000000 0.0000418
70.0000000 0.0000419
75.0000000 0.0000421
80.0000000 0.0000424
85.0000000 0.0000426
90.0000000 0.0000431
95.0000000 0.0000433
100.0000000 0.0000436
105.0000000 0.0000439
110.0000000 0.0000442
115.0000000 0.0000444
120.0000000 0.0000447
125.0000000 0.0000451
130.0000000 0.0000456
135.0000000 0.0000461
140.0000000 0.0000463
145.0000000 0.0000469
150.0000000 0.0000481
155.0000000 0.0000490
160.0000000 0.0000494
165.0000000 0.0000496
170.0000000 0.0000498
175.0000000 0.0000506
180.0000000 0.0000514
185.0000000 0.0000517
190.0000000 0.0000524
195.0000000 0.0000538
200.0000000 0.0000554
220.0000000 0.0000581
240.0000000 0.0000599
260.0000000 0.0000619
280.0000000 0.0000621
300.0000000 0.0000620
320.0000000 0.0000615
340.0000000 0.0000612
360.0000000 0.0000603
380.0000000 0.0000594
400.0000000 0.0000587
420.0000000 0.0000576
440.0000000 0.0000569
460.0000000 0.0000561
480.0000000 0.0000554
500.0000000 0.0000549
550.0000000 0.0000529
600.0000000 0.0000507
650.0000000 0.0000485
700.0000000 0.0000464
750.0000000 0.0000445
800.0000000 0.0000425
850.0000000 0.0000408
900.0000000 0.0000392
950.0000000 0.0000376
1000.0000000 0.0000360
1050.0000000 0.0000368
1100.0000000 0.0000377
1150.0000000 0.0000385
1200.0000000 0.0000394
1250.0000000 0.0000403
1300.0000000 0.0000411
1350.0000000 0.0000420
1400.0000000 0.0000429
1450.0000000 0.0000438
1500.0000000 0.0000447
1550.0000000 0.0000456
1600.0000000 0.0000465
1650.0000000 0.0000475
1700.0000000 0.0000485
1750.0000000 0.0000495
1800.0000000 0.0000505
1850.0000000 0.0000516
1900.0000000 0.0000527
1950.0000000 0.0000538
2000.0000000 0.0000549
2050.0000000 0.0000553
2100.0000000 0.0000556
2150.0000000 0.0000559
2200.0000000 0.0000562
2250.0000000 0.0000565
2300.0000000 0.0000568
2350.0000000 0.0000571
2400.0000000 0.0000574
2450.0000000 0.0000577
2500.0000000 0.0000581
2550.0000000 0.0000584
2600.0000000 0.0000587
2650.0000000 0.0000590
2700.0000000 0.0000593
2750.0000000 0.0000596
2800.0000000 0.0000599
2850.0000000 0.0000602
2900.0000000 0.0000605
2950.0000000 0.0000608
3000.0000000 0.0000611
3050.0000000 0.0000614
3100.0000000 0.0000618
3150.0000000 0.0000621
3200.0000000 0.0000624
3250.0000000 0.0000627
3300.0000000 0.0000630
3350.0000000 0.0000634
3400.0000000 0.0000637
3450.0000000 0.0000640
3500.0000000 0.0000643
3550.0000000 0.0000643
3600.0000000 0.0000643
3650.0000000 0.0000643
3700.0000000 0.0000642
3750.0000000 0.0000642
3800.0000000 0.0000642
3850.0000000 0.0000641
3900.0000000 0.0000641
3950.0000000 0.0000641
4000.0000000 0.0000641
4050.0000000 0.0000640
4100.0000000 0.0000640
4150.0000000 0.0000640
4200.0000000 0.0000639
4250.0000000 0.0000639
4300.0000000 0.0000639
4350.0000000 0.0000638
4400.0000000 0.0000638
4450.0000000 0.0000638
4500.0000000 0.0000637
4550.0000000 0.0000637
4600.0000000 0.0000637
4650.0000000 0.0000636
4700.0000000 0.0000636
4750.0000000 0.0000636
4800.0000000 0.0000635
4850.0000000 0.0000635
4900.0000000 0.0000635
4950.0000000 0.0000635
5000.0000000 0.0000634
5050.0000000 0.0000634
5100.0000000 0.0000634
5150.0000000 0.0000634
5200.0000000 0.0000633
5250.0000000 0.0000633
5300.0000000 0.0000633
5350.0000000 0.0000633
5400.0000000 0.0000632
5450.0000000 0.0000632
5500.0000000 0.0000632
5550.0000000 0.0000632
5600.0000000 0.0000632
5650.0000000 0.0000631
5700.0000000 0.0000631
5750.0000000 0.0000631
5800.0000000 0.0000631
5850.0000000 0.0000630
5900.0000000 0.0000630
5950.0000000 0.0000630
6000.0000000 0.0000630
-1 -1
0.000000 1694.759885
-1 -1
0.000000 1.871582
-1 -1
0.000000 0.398767
1074.098000 0.398767
1104.098000 10.000000
-1 -1
56000.000000
0.000000 1544.090000
5.000000 1544.096400
10.000000 1544.125200
15.000000 1544.184500
20.000000 1544.239700
25.000000 1544.305800
30.000000 1544.382300
35.000000 1544.463900
40.000000 1544.535200
45.000000 1544.553900
50.000000 1544.541600
55.000000 1544.473900
60.000000 1544.281000
65.000000 1543.988700
70.000000 1543.591900
75.000000 1543.115200
80.000000 1542.560000
85.000000 1541.949400
90.000000 1541.324200
95.000000 1540.660600
100.000000 1539.983500
105.000000 1539.286800
110.000000 1538.589000
115.000000 1537.898400
120.000000 1537.186800
125.000000 1536.550000
130.000000 1535.856800
135.000000 1535.039400
140.000000 1534.173200
145.000000 1533.241900
150.000000 1532.160600
155.000000 1530.839700
160.000000 1529.543900
165.000000 1528.262600
170.000000 1526.973200
175.000000 1525.767700
180.000000 1524.629400
185.000000 1523.518700
190.000000 1522.342300
195.000000 1521.045800
200.000000 1519.701900
220.000000 1513.756800
240.000000 1509.065800
260.000000 1503.906100
280.000000 1500.254800
300.000000 1497.660600
320.000000 1495.781900
340.000000 1494.726800
360.000000 1493.231600
380.000000 1491.651000
400.000000 1490.370600
420.000000 1489.273900
440.000000 1488.609000
460.000000 1488.030600
480.000000 1487.498700
500.000000 1487.247700
550.000000 1486.908700
600.000000 1486.459400
650.000000 1485.626100
700.000000 1485.199400
750.000000 1485.010000
800.000000 1485.290600
850.000000 1485.417400
900.000000 1485.182300
950.000000 1485.075200
1000.000000 1484.945200
1050.000000 1484.804500
1100.000000 1484.858100
1150.000000 1484.886100
1200.000000 1484.687200
1250.000000 1484.733500
1300.000000 1485.102600
1350.000000 1485.298200
1400.000000 1485.692700
1450.000000 1486.136000
1500.000000 1486.524700
1550.000000 1486.944400
1600.000000 1487.552600
1650.000000 1488.022300
1700.000000 1488.490800
1750.000000 1488.973400
1800.000000 1489.484500
1850.000000 1489.967300
1900.000000 1490.368300
1950.000000 1491.072900
2000.000000 1491.671700
2050.000000 1492.158100
2100.000000 1492.745300
2150.000000 1493.480100
2200.000000 1494.120200
2250.000000 1494.826500
2300.000000 1495.507000
2350.000000 1496.177000
2400.000000 1496.959100
2450.000000 1497.672900
2500.000000 1498.397900
2550.000000 1499.119400
2600.000000 1499.872000
2650.000000 1500.608300
2700.000000 1501.433000
2750.000000 1502.271700
2800.000000 1503.060200
2850.000000 1503.881600
2900.000000 1504.706400
2950.000000 1505.487700
3000.000000 1506.303900
3050.000000 1507.120600
3100.000000 1507.921700
3150.000000 1508.768800
3200.000000 1509.596800
3250.000000 1510.451700
3300.000000 1511.326000
3350.000000 1512.158300
3400.000000 1513.012600
3450.000000 1513.846900
3500.000000 1514.700900
3550.000000 1515.556200
3600.000000 1516.406700
3650.000000 1517.255100
3700.000000 1518.137000
3750.000000 1519.006100
3800.000000 1519.878300
3850.000000 1520.746600
3900.000000 1521.632900
3950.000000 1522.488000
4000.000000 1523.337200
4050.000000 1524.228100
4100.000000 1525.115900
4150.000000 1526.008600
4200.000000 1526.898400
4250.000000 1527.792600
4300.000000 1528.699700
4350.000000 1529.601900
4400.000000 1530.516800
4450.000000 1531.427500
4500.000000 1532.342900
4550.000000 1533.259900
4600.000000 1534.151500
4650.000000 1535.116300
4700.000000 1536.037900
4750.000000 1536.959600
4800.000000 1537.881200
4850.000000 1538.802800
4900.000000 1539.724400
4950.000000 1540.646000
5000.000000 1541.567600
5050.000000 1542.489300
5100.000000 1543.410900
5150.000000 1544.332500
5200.000000 1545.254100
5250.000000 1546.175700
5300.000000 1547.097400
5350.000000 1548.019000
5400.000000 1548.940600
5450.000000 1549.862200
5500.000000 1550.783800
5550.000000 1551.705400
5600.000000 1552.627100
5650.000000 1553.548700
5700.000000 1554.470300
5750.000000 1555.391900
5800.000000 1556.313500
5850.000000 1557.235100
5900.000000 1558.156800
5950.000000 1559.078400
6000.000000 1560.000000
-1 -1
0.0000000 0.0000401
5.0000000 0.0000401
10.0000000 0.0000401
15.0000000 0.0000401
20.0000000 0.0000401
25.0000000 0.0000401
30.0000000 0.0000401
35.0000000 0.0000401
40.0000000 0.0000401
45.0000000 0.0000402
50.0000000 0.0000403
55.0000000 0.0000406
60.0000000 0.0000413
65.0000000 0.0000418
70.0000000 0.0000419
75.0000000 0.0000421
80.0000000 0.0000424
85.0000000 0.0000426
90.0000000 0.0000431
95.0000000 0.0000433
100.0000000 0.0000436
105.0000000 0.0000439
110.0000000 0.0000442
115.0000000 0.0000444
120.0000000 0.0000447
125.0000000 0.0000451
130.0000000 0.0000456
135.0000000 0.0000461
140.0000000 0.0000463
145.0000000 0.0000469
150.0000000 0.0000481
155.0000000 0.0000490
160.0000000 0.0000494
165.0000000 0.0000496
170.0000000 0.0000498
175.0000000 0.0000506
180.0000000 0.0000514
185.0000000 0.0000517
190.0000000 0.0000524
195.0000000 0.0000538
200.0000000 0.0000554
220.0000000 0.0000581
240.0000000 0.0000599
260.0000000 0.0000619
280.0000000 0.0000621
300.0000000 0.0000620
320.0000000 0.0000615
340.0000000 0.0000612
360.0000000 0.0000603
380.0000000 0.0000594
400.0000000 0.0000587
420.0000000 0.0000576
440.0000000 0.0000569
460.0000000 0.0000561
480.0000000 0.0000554
500.0000000 0.0000549
550.0000000 0.0000529
600.0000000 0.0000507
650.0000000 0.0000485
700.0000000 0.0000464
750.0000000 0.0000445
800.0000000 0.0000425
850.0000000 0.0000408
900.0000000 0.0000392
950.0000000 0.0000376
1000.0000000 0.0000360
1050.0000000 0.0000368
1100.0000000 0.0000377
1150.0000000 0.0000385
1200.0000000 0.0000394
1250.0000000 0.0000403
1300.0000000 0.0000411
1350.0000000 0.0000420
1400.0000000 0.0000429
1450.0000000 0.0000438
1500.0000000 0.0000447
1550.0000000 0.0000456
1600.0000000 0.0000465
1650.0000000 0.0000475
1700.0000000 0.0000485
1750.0000000 0.0000495
1800.0000000 0.0000505
1850.0000000 0.0000516
1900.0000000 0.0000527
1950.0000000 0.0000538
2000.0000000 0.0000549
2050.0000000 0.0000553
2100.0000000 0.0000556
2150.0000000 0.0000559
2200.0000000 0.0000562
2250.0000000 0.0000565
2300.0000000 0.0000568
2350.0000000 0.0000571
2400.0000000 0.0000574
2450.0000000 0.0000577
2500.0000000 0.0000581
2550.0000000 0.0000584
2600.0000000 0.0000587
2650.0000000 0.0000590
2700.0000000 0.0000593
2750.0000000 0.0000596
2800.0000000 0.0000599
2850.0000000 0.0000602
2900.0000000 0.0000605
2950.0000000 0.0000608
3000.0000000 0.0000611
3050.0000000 0.0000614
3100.0000000 0.0000618
3150.0000000 0.0000621
3200.0000000 0.0000624
3250.0000000 0.0000627
3300.0000000 0.0000630
3350.0000000 0.0000634
3400.0000000 0.0000637
3450.0000000 0.0000640
3500.0000000 0.0000643
3550.0000000 0.0000643
3600.0000000 0.0000643
3650.0000000 0.0000643
3700.0000000 0.0000642
3750.0000000 0.0000642
3800.0000000 0.0000642
3850.0000000 0.0000641
3900.0000000 0.0000641
3950.0000000 0.0000641
4000.0000000 0.0000641
4050.0000000 0.0000640
4100.0000000 0.0000640
4150.0000000 0.0000640
4200.0000000 0.0000639
4250.0000000 0.0000639
4300.0000000 0.0000639
4350.0000000 0.0000638
4400.0000000 0.0000638
4450.0000000 0.0000638
4500.0000000 0.0000637
4550.0000000 0.0000637
4600.0000000 0.0000637
4650.0000000 0.0000636
4700.0000000 0.0000636
4750.0000000 0.0000636
4800.0000000 0.0000635
4850.0000000 0.0000635
4900.0000000 0.0000635
4950.0000000 0.0000635
5000.0000000 0.0000634
5050.0000000 0.0000634
5100.0000000 0.0000634
5150.0000000 0.0000634
5200.0000000 0.0000633
5250.0000000 0.0000633
5300.0000000 0.0000633
5350.0000000 0.0000633
5400.0000000 0.0000632
5450.0000000 0.0000632
5500.0000000 0.0000632
5550.0000000 0.0000632
5600.0000000 0.0000632
5650.0000000 0.0000631
5700.0000000 0.0000631
5750.0000000 0.0000631
5800.0000000 0.0000631
5850.0000000 0.0000630
5900.0000000 0.0000630
5950.0000000 0.0000630
6000.0000000 0.0000630
-1 -1
0.000000 1694.958262
-1 -1
0.000000 1.871582
-1 -1
0.000000 0.398814
1074.098000 0.398814
1104.098000 10.000000
-1 -1
57000.000000
0.000000 1544.090000
5.000000 1544.096400
10.000000 1544.125200
15.000000 1544.184500
20.000000 1544.239700
25.000000 1544.305800
30.000000 1544.382300
35.000000 1544.463900
40.000000 1544.535200
45.000000 1544.553900
50.000000 1544.541600
55.000000 1544.473900
60.000000 1544.281000
65.000000 1543.988700
70.000000 1543.591900
75.000000 1543.115200
80.000000 1542.560000
85.000000 1541.949400
90.000000 1541.324200
95.000000 1540.660600
100.000000 1539.983500
105.000000 1539.286800
110.000000 1538.589000
115.000000 1537.898400
120.000000 1537.186800
125.000000 1536.550000
130.000000 1535.856800
135.000000 1535.039400
140.000000 1534.173200
145.000000 1533.241900
150.000000 1532.160600
155.000000 1530.839700
160.000000 1529.543900
165.000000 1528.262600
170.000000 1526.973200
175.000000 1525.767700
180.000000 1524.629400
185.000000 1523.518700
190.000000 1522.342300
195.000000 1521.045800
200.000000 1519.701900
220.000000 1513.756800
240.000000 1509.065800
260.000000 1503.906100
280.000000 1500.254800
300.000000 1497.660600
320.000000 1495.781900
340.000000 1494.726800
360.000000 1493.231600
380.000000 1491.651000
400.000000 1490.370600
420.000000 1489.273900
440.000000 1488.609000
460.000000 1488.030600
480.000000 1487.498700
500.000000 1487.247700
550.000000 1486.908700
600.000000 1486.459400
650.000000 1485.626100
700.000000 1485.199400
750.000000 1485.010000
800.000000 1485.290600
850.000000 1485.417400
900.000000 1485.182300
950.000000 1485.075200
1000.000000 1484.945200
1050.000000 1484.804500
1100.000000 1484.858100
1150.000000 1484.886100
1200.000000 1484.687200
1250.000000 1484.733500
1300.000000 1485.102600
1350.000000 1485.298200
1400.000000 1485.692700
1450.000000 1486.136000
1500.000000 1486.524700
1550.000000 1486.944400
1600.000000 1487.552600
1650.000000 1488.022300
1700.000000 1488.490800
1750.000000 1488.973400
1800.000000 1489.484500
1850.000000 1489.967300
1900.000000 1490.368300
1950.000000 1491.072900
2000.000000 1491.671700
2050.000000 1492.158100
2100.000000 1492.745300
2150.000000 1493.480100
2200.000000 1494.120200
2250.000000 1494.826500
2300.000000 1495.507000
2350.000000 1496.177000
2400.000000 1496.959100
2450.000000 1497.672900
2500.000000 1498.397900
2550.000000 1499.119400
2600.000000 1499.872000
2650.000000 1500.608300
2700.000000 1501.433000
2750.000000 1502.271700
2800.000000 1503.060200
2850.000000 1503.881600
2900.000000 1504.706400
2950.000000 1505.487700
3000.000000 1506.303900
3050.000000 1507.120600
3100.000000 1507.921700
3150.000000 1508.768800
3200.000000 1509.596800
3250.000000 1510.451700
3300.000000 1511.326000
3350.000000 1512.158300
3400.000000 1513.012600
3450.000000 1513.846900
3500.000000 1514.700900
3550.000000 1515.556200
3600.000000 1516.406700
3650.000000 1517.255100
3700.000000 1518.137000
3750.000000 1519.006100
3800.000000 1519.878300
3850.000000 1520.746600
3900.000000 1521.632900
3950.000000 1522.488000
4000.000000 1523.337200
4050.000000 1524.228100
4100.000000 1525.115900
4150.000000 1526.008600
4200.000000 1526.898400
4250.000000 1527.792600
4300.000000 1528.699700
4350.000000 1529.601900
4400.000000 1530.516800
4450.000000 1531.427500
4500.000000 1532.342900
4550.000000 1533.259900
4600.000000 1534.151500
4650.000000 1535.116300
4700.000000 1536.037900
4750.000000 1536.959600
4800.000000 1537.881200
4850.000000 1538.802800
4900.000000 1539.724400
4950.000000 1540.646000
5000.000000 1541.567600
5050.000000 1542.489300
5100.000000 1543.410900
5150.000000 1544.332500
5200.000000 1545.254100
5250.000000 1546.175700
5300.000000 1547.097400
5350.000000 1548.019000
5400.000000 1548.940600
5450.000000 1549.862200
5500.000000 1550.783800
5550.000000 1551.705400
5600.000000 1552.627100
5650.000000 1553.548700
5700.000000 1554.470300
5750.000000 1555.391900
5800.000000 1556.313500
5850.000000 1557.235100
5900.000000 1558.156800
5950.000000 1559.078400
6000.000000 1560.000000
-1 -1
0.0000000 0.0000401
5.0000000 0.0000401
10.0000000 0.0000401
15.0000000 0.0000401
20.0000000 0.0000401
25.0000000 0.0000401
30.0000000 0.0000401
35.0000000 0.0000401
40.0000000 0.0000401
45.0000000 0.0000402
50.0000000 0.0000403
55.0000000 0.0000406
60.0000000 0.0000413
65.0000000 0.0000418
70.0000000 0.0000419
75.0000000 0.0000421
80.0000000 0.0000424
85.0000000 0.0000426
90.0000000 0.0000431
95.0000000 0.0000433
100.0000000 0.0000436
105.0000000 0.0000439
110.0000000 0.0000442
115.0000000 0.0000444
120.0000000 0.0000447
125.0000000 0.0000451
130.0000000 0.0000456
135.0000000 0.0000461
140.0000000 0.0000463
145.0000000 0.0000469
150.0000000 0.0000481
155.0000000 0.0000490
160.0000000 0.0000494
165.0000000 0.0000496
170.0000000 0.0000498
175.0000000 0.0000506
180.0000000 0.0000514
185.0000000 0.0000517
190.0000000 0.0000524
195.0000000 0.0000538
200.0000000 0.0000554
220.0000000 0.0000581
240.0000000 0.0000599
260.0000000 0.0000619
280.0000000 0.0000621
300.0000000 0.0000620
320.0000000 0.0000615
340.0000000 0.0000612
360.0000000 0.0000603
380.0000000 0.0000594
400.0000000 0.0000587
420.0000000 0.0000576
440.0000000 0.0000569
460.0000000 0.0000561
480.0000000 0.0000554
500.0000000 0.0000549
550.0000000 0.0000529
600.0000000 0.0000507
650.0000000 0.0000485
700.0000000 0.0000464
750.0000000 0.0000445
800.0000000 0.0000425
850.0000000 0.0000408
900.0000000 0.0000392
950.0000000 0.0000376
1000.0000000 0.0000360
1050.0000000 0.0000368
1100.0000000 0.0000377
1150.0000000 0.0000385
1200.0000000 0.0000394
1250.0000000 0.0000403
1300.0000000 0.0000411
1350.0000000 0.0000420
1400.0000000 0.0000429
1450.0000000 0.0000438
1500.0000000 0.0000447
1550.0000000 0.0000456
1600.0000000 0.0000465
1650.0000000 0.0000475
1700.0000000 0.0000485
1750.0000000 0.0000495
1800.0000000 0.0000505
1850.0000000 0.0000516
1900.0000000 0.0000527
1950.0000000 0.0000538
2000.0000000 0.0000549
2050.0000000 0.0000553
2100.0000000 0.0000556
2150.0000000 0.0000559
2200.0000000 0.0000562
2250.0000000 0.0000565
2300.0000000 0.0000568
2350.0000000 0.0000571
2400.0000000 0.0000574
2450.0000000 0.0000577
2500.0000000 0.0000581
2550.0000000 0.0000584
2600.0000000 0.0000587
2650.0000000 0.0000590
2700.0000000 0.0000593
2750.0000000 0.0000596
2800.0000000 0.0000599
2850.0000000 0.0000602
2900.0000000 0.0000605
2950.0000000 0.0000608
3000.0000000 0.0000611
3050.0000000 0.0000614
3100.0000000 0.0000618
3150.0000000 0.0000621
3200.0000000 0.0000624
3250.0000000 0.0000627
3300.0000000 0.0000630
3350.0000000 0.0000634
3400.0000000 0.0000637
3450.0000000 0.0000640
3500.0000000 0.0000643
3550.0000000 0.0000643
3600.0000000 0.0000643
3650.0000000 0.0000643
3700.0000000 0.0000642
3750.0000000 0.0000642
3800.0000000 0.0000642
3850.0000000 0.0000641
3900.0000000 0.0000641
3950.0000000 0.0000641
4000.0000000 0.0000641
4050.0000000 0.0000640
4100.0000000 0.0000640
4150.0000000 0.0000640
4200.0000000 0.0000639
4250.0000000 0.0000639
4300.0000000 0.0000639
4350.0000000 0.0000638
4400.0000000 0.0000638
4450.0000000 0.0000638
4500.0000000 0.0000637
4550.0000000 0.0000637
4600.0000000 0.0000637
4650.0000000 0.0000636
4700.0000000 0.0000636
4750.0000000 0.0000636
4800.0000000 0.0000635
4850.0000000 0.0000635
4900.0000000 0.0000635
4950.0000000 0.0000635
5000.0000000 0.0000634
5050.0000000 0.0000634
5100.0000000 0.0000634
5150.0000000 0.0000634
5200.0000000 0.0000633
5250.0000000 0.0000633
5300.0000000 0.0000633
5350.0000000 0.0000633
5400.0000000 0.0000632
5450.0000000 0.0000632
5500.0000000 0.0000632
5550.0000000 0.0000632
5600.0000000 0.0000632
5650.0000000 0.0000631
5700.0000000 0.0000631
5750.0000000 0.0000631
5800.0000000 0.0000631
5850.0000000 0.0000630
5900.0000000 0.0000630
5950.0000000 0.0000630
6000.0000000 0.0000630
-1 -1
0.000000 1693.879623
-1 -1
0.000000 1.871582
-1 -1
0.000000 0.398560
1074.098000 0.398560
1104.098000 10.000000
-1 -1
58000.000000
0.000000 1544.090000
5.000000 1544.096400
10.000000 1544.125200
15.000000 1544.184500
20.000000 1544.239700
25.000000 1544.305800
30.000000 1544.382300
35.000000 1544.463900
40.000000 1544.535200
45.000000 1544.553900
50.000000 1544.541600
55.000000 1544.473900
60.000000 1544.281000
65.000000 1543.988700
70.000000 1543.591900
75.000000 1543.115200
80.000000 1542.560000
85.000000 1541.949400
90.000000 1541.324200
95.000000 1540.660600
100.000000 1539.983500
105.000000 1539.286800
110.000000 1538.589000
115.000000 1537.898400
120.000000 1537.186800
125.000000 1536.550000
130.000000 1535.856800
135.000000 1535.039400
140.000000 1534.173200
145.000000 1533.241900
150.000000 1532.160600
155.000000 1530.839700
160.000000 1529.543900
165.000000 1528.262600
170.000000 1526.973200
175.000000 1525.767700
180.000000 1524.629400
185.000000 1523.518700
190.000000 1522.342300
195.000000 1521.045800
200.000000 1519.701900
220.000000 1513.756800
240.000000 1509.065800
260.000000 1503.906100
280.000000 1500.254800
300.000000 1497.660600
320.000000 1495.781900
340.000000 1494.726800
360.000000 1493.231600
380.000000 1491.651000
400.000000 1490.370600
420.000000 1489.273900
440.000000 1488.609000
460.000000 1488.030600
480.000000 1487.498700
500.000000 1487.247700
550.000000 1486.908700
600.000000 1486.459400
650.000000 1485.626100
700.000000 1485.199400
750.000000 1485.010000
800.000000 1485.290600
850.000000 1485.417400
900.000000 1485.182300
950.000000 1485.075200
1000.000000 1484.945200
1050.000000 1484.804500
1100.000000 1484.858100
1150.000000 1484.886100
1200.000000 1484.687200
1250.000000 1484.733500
1300.000000 1485.102600
1350.000000 1485.298200
1400.000000 1485.692700
1450.000000 1486.136000
1500.000000 1486.524700
1550.000000 1486.944400
1600.000000 1487.552600
1650.000000 1488.022300
1700.000000 1488.490800
1750.000000 1488.973400
1800.000000 1489.484500
1850.000000 1489.967300
1900.000000 1490.368300
1950.000000 1491.072900
2000.000000 1491.671700
2050.000000 1492.158100
2100.000000 1492.745300
2150.000000 1493.480100
2200.000000 1494.120200
2250.000000 1494.826500
2300.000000 1495.507000
2350.000000 1496.177000
2400.000000 1496.959100
2450.000000 1497.672900
2500.000000 1498.397900
2550.000000 1499.119400
2600.000000 1499.872000
2650.000000 1500.608300
2700.000000 1501.433000
2750.000000 1502.271700
2800.000000 1503.060200
2850.000000 1503.881600
2900.000000 1504.706400
2950.000000 1505.487700
3000.000000 1506.303900
3050.000000 1507.120600
3100.000000 1507.921700
3150.000000 1508.768800
3200.000000 1509.596800
3250.000000 1510.451700
3300.000000 1511.326000
3350.000000 1512.158300
3400.000000 1513.012600
3450.000000 1513.846900
3500.000000 1514.700900
3550.000000 1515.556200
3600.000000 1516.406700
3650.000000 1517.255100
3700.000000 1518.137000
3750.000000 1519.006100
3800.000000 1519.878300
3850.000000 1520.746600
3900.000000 1521.632900
3950.000000 1522.488000
4000.000000 1523.337200
4050.000000 1524.228100
4100.000000 1525.115900
4150.000000 1526.008600
4200.000000 1526.898400
4250.000000 1527.792600
4300.000000 1528.699700
4350.000000 1529.601900
4400.000000 1530.516800
4450.000000 1531.427500
4500.000000 1532.342900
4550.000000 1533.259900
4600.000000 1534.151500
4650.000000 1535.116300
4700.000000 1536.037900
4750.000000 1536.959600
4800.000000 1537.881200
4850.000000 1538.802800
4900.000000 1539.724400
4950.000000 1540.646000
5000.000000 1541.567600
5050.000000 1542.489300
5100.000000 1543.410900
5150.000000 1544.332500
5200.000000 1545.254100
5250.000000 1546.175700
5300.000000 1547.097400
5350.000000 1548.019000
5400.000000 1548.940600
5450.000000 1549.862200
5500.000000 1550.783800
5550.000000 1551.705400
5600.000000 1552.627100
5650.000000 1553.548700
5700.000000 1554.470300
5750.000000 1555.391900
5800.000000 1556.313500
5850.000000 1557.235100
5900.000000 1558.156800
5950.000000 1559.078400
6000.000000 1560.000000
-1 -1
0.0000000 0.0000401
5.0000000 0.0000401
10.0000000 0.0000401
15.0000000 0.0000401
20.0000000 0.0000401
25.0000000 0.0000401
30.0000000 0.0000401
35.0000000 0.0000401
40.0000000 0.0000401
45.0000000 0.0000402
50.0000000 0.0000403
55.0000000 0.0000406
60.0000000 0.0000413
65.0000000 0.0000418
70.0000000 0.0000419
75.0000000 0.0000421
80.0000000 0.0000424
85.0000000 0.0000426
90.0000000 0.0000431
95.0000000 0.0000433
100.0000000 0.0000436
105.0000000 0.0000439
110.0000000 0.0000442
115.0000000 0.0000444
120.0000000 0.0000447
125.0000000 0.0000451
130.0000000 0.0000456
135.0000000 0.0000461
140.0000000 0.0000463
145.0000000 0.0000469
150.0000000 0.0000481
155.0000000 0.0000490
160.0000000 0.0000494
165.0000000 0.0000496
170.0000000 0.0000498
175.0000000 0.0000506
180.0000000 0.0000514
185.0000000 0.0000517
190.0000000 0.0000524
195.0000000 0.0000538
200.0000000 0.0000554
220.0000000 0.0000581
240.0000000 0.0000599
260.0000000 0.0000619
280.0000000 0.0000621
300.0000000 0.0000620
320.0000000 0.0000615
340.0000000 0.0000612
360.0000000 0.0000603
380.0000000 0.0000594
400.0000000 0.0000587
420.0000000 0.0000576
440.0000000 0.0000569
460.0000000 0.0000561
480.0000000 0.0000554
500.0000000 0.0000549
550.0000000 0.0000529
600.0000000 0.0000507
650.0000000 0.0000485
700.0000000 0.0000464
750.0000000 0.0000445
800.0000000 0.0000425
850.0000000 0.0000408
900.0000000 0.0000392
950.0000000 0.0000376
1000.0000000 0.0000360
1050.0000000 0.0000368
1100.0000000 0.0000377
1150.0000000 0.0000385
1200.0000000 0.0000394
1250.0000000 0.0000403
1300.0000000 0.0000411
1350.0000000 0.0000420
1400.0000000 0.0000429
1450.0000000 0.0000438
1500.0000000 0.0000447
1550.0000000 0.0000456
1600.0000000 0.0000465
1650.0000000 0.0000475
1700.0000000 0.0000485
1750.0000000 0.0000495
1800.0000000 0.0000505
1850.0000000 0.0000516
1900.0000000 0.0000527
1950.0000000 0.0000538
2000.0000000 0.0000549
2050.0000000 0.0000553
2100.0000000 0.0000556
2150.0000000 0.0000559
2200.0000000 0.0000562
2250.0000000 0.0000565
2300.0000000 0.0000568
2350.0000000 0.0000571
2400.0000000 0.0000574
2450.0000000 0.0000577
2500.0000000 0.0000581
2550.0000000 0.0000584
2600.0000000 0.0000587
2650.0000000 0.0000590
2700.0000000 0.0000593
2750.0000000 0.0000596
2800.0000000 0.0000599
2850.0000000 0.0000602
2900.0000000 0.0000605
2950.0000000 0.0000608
3000.0000000 0.0000611
3050.0000000 0.0000614
3100.0000000 0.0000618
3150.0000000 0.0000621
3200.0000000 0.0000624
3250.0000000 0.0000627
3300.0000000 0.0000630
3350.0000000 0.0000634
3400.0000000 0.0000637
3450.0000000 0.0000640
3500.0000000 0.0000643
3550.0000000 0.0000643
3600.0000000 0.0000643
3650.0000000 0.0000643
3700.0000000 0.0000642
3750.0000000 0.0000642
3800.0000000 0.0000642
3850.0000000 0.0000641
3900.0000000 0.0000641
3950.0000000 0.0000641
4000.0000000 0.0000641
4050.0000000 0.0000640
4100.0000000 0.0000640
4150.0000000 0.0000640
4200.0000000 0.0000639
4250.0000000 0.0000639
4300.0000000 0.0000639
4350.0000000 0.0000638
4400.0000000 0.0000638
4450.0000000 0.0000638
4500.0000000 0.0000637
4550.0000000 0.0000637
4600.0000000 0.0000637
4650.0000000 0.0000636
4700.0000000 0.0000636
4750.0000000 0.0000636
4800.0000000 0.0000635
4850.0000000 0.0000635
4900.0000000 0.0000635
4950.0000000 0.0000635
5000.0000000 0.0000634
5050.0000000 0.0000634
5100.0000000 0.0000634
5150.0000000 0.0000634
5200.0000000 0.0000633
5250.0000000 0.0000633
5300.0000000 0.0000633
5350.0000000 0.0000633
5400.0000000 0.0000632
5450.0000000 0.0000632
5500.0000000 0.0000632
5550.0000000 0.0000632
5600.0000000 0.0000632
5650.0000000 0.0000631
5700.0000000 0.0000631
5750.0000000 0.0000631
5800.0000000 0.0000631
5850.0000000 0.0000630
5900.0000000 0.0000630
5950.0000000 0.0000630
6000.0000000 0.0000630
-1 -1
0.000000 1691.864212
-1 -1
0.000000 1.871582
-1 -1
0.000000 0.398086
1074.098000 0.398086
1104.098000 10.000000
-1 -1
59000.000000
0.000000 1544.090000
5.000000 1544.096400
10.000000 1544.125200
15.000000 1544.184500
20.000000 1544.239700
25.000000 1544.305800
30.000000 1544.382300
35.000000 1544.463900
40.000000 1544.535200
45.000000 1544.553900
50.000000 1544.541600
55.000000 1544.473900
60.000000 1544.281000
65.000000 1543.988700
70.000000 1543.591900
75.000000 1543.115200
80.000000 1542.560000
85.000000 1541.949400
90.000000 1541.324200
95.000000 1540.660600
100.000000 1539.983500
105.000000 1539.286800
110.000000 1538.589000
115.000000 1537.898400
120.000000 1537.186800
125.000000 1536.550000
130.000000 1535.856800
135.000000 1535.039400
140.000000 1534.173200
145.000000 1533.241900
150.000000 1532.160600
155.000000 1530.839700
160.000000 1529.543900
165.000000 1528.262600
170.000000 1526.973200
175.000000 1525.767700
180.000000 1524.629400
185.000000 1523.518700
190.000000 1522.342300
195.000000 1521.045800
200.000000 1519.701900
220.000000 1513.756800
240.000000 1509.065800
260.000000 1503.906100
280.000000 1500.254800
300.000000 1497.660600
320.000000 1495.781900
340.000000 1494.726800
360.000000 1493.231600
380.000000 1491.651000
400.000000 1490.370600
420.000000 1489.273900
440.000000 1488.609000
460.000000 1488.030600
480.000000 1487.498700
500.000000 1487.247700
550.000000 1486.908700
600.000000 1486.459400
650.000000 1485.626100
700.000000 1485.199400
750.000000 1485.010000
800.000000 1485.290600
850.000000 1485.417400
900.000000 1485.182300
950.000000 1485.075200
1000.000000 1484.945200
1050.000000 1484.804500
1100.000000 1484.858100
1150.000000 1484.886100
1200.000000 1484.687200
1250.000000 1484.733500
1300.000000 1485.102600
1350.000000 1485.298200
1400.000000 1485.692700
1450.000000 1486.136000
1500.000000 1486.524700
1550.000000 1486.944400
1600.000000 1487.552600
1650.000000 1488.022300
1700.000000 1488.490800
1750.000000 1488.973400
1800.000000 1489.484500
1850.000000 1489.967300
1900.000000 1490.368300
1950.000000 1491.072900
2000.000000 1491.671700
2050.000000 1492.158100
2100.000000 1492.745300
2150.000000 1493.480100
2200.000000 1494.120200
2250.000000 1494.826500
2300.000000 1495.507000
2350.000000 1496.177000
2400.000000 1496.959100
2450.000000 1497.672900
2500.000000 1498.397900
2550.000000 1499.119400
2600.000000 1499.872000
2650.000000 1500.608300
2700.000000 1501.433000
2750.000000 1502.271700
2800.000000 1503.060200
2850.000000 1503.881600
2900.000000 1504.706400
2950.000000 1505.487700
3000.000000 1506.303900
3050.000000 1507.120600
3100.000000 1507.921700
3150.000000 1508.768800
3200.000000 1509.596800
3250.000000 1510.451700
3300.000000 1511.326000
3350.000000 1512.158300
3400.000000 1513.012600
3450.000000 1513.846900
3500.000000 1514.700900
3550.000000 1515.556200
3600.000000 1516.406700
3650.000000 1517.255100
3700.000000 1518.137000
3750.000000 1519.006100
3800.000000 1519.878300
3850.000000 1520.746600
3900.000000 1521.632900
3950.000000 1522.488000
4000.000000 1523.337200
4050.000000 1524.228100
4100.000000 1525.115900
4150.000000 1526.008600
4200.000000 1526.898400
4250.000000 1527.792600
4300.000000 1528.699700
4350.000000 1529.601900
4400.000000 1530.516800
4450.000000 1531.427500
4500.000000 1532.342900
4550.000000 1533.259900
4600.000000 1534.151500
4650.000000 1535.116300
4700.000000 1536.037900
4750.000000 1536.959600
4800.000000 1537.881200
4850.000000 1538.802800
4900.000000 1539.724400
4950.000000 1540.646000
5000.000000 1541.567600
5050.000000 1542.489300
5100.000000 1543.410900
5150.000000 1544.332500
5200.000000 1545.254100
5250.000000 1546.175700
5300.000000 1547.097400
5350.000000 1548.019000
5400.000000 1548.940600
5450.000000 1549.862200
5500.000000 1550.783800
5550.000000 1551.705400
5600.000000 1552.627100
5650.000000 1553.548700
5700.000000 1554.470300
5750.000000 1555.391900
5800.000000 1556.313500
5850.000000 1557.235100
5900.000000 1558.156800
5950.000000 1559.078400
6000.000000 1560.000000
-1 -1
0.0000000 0.0000401
5.0000000 0.0000401
10.0000000 0.0000401
15.0000000 0.0000401
20.0000000 0.0000401
25.0000000 0.0000401
30.0000000 0.0000401
35.0000000 0.0000401
40.0000000 0.0000401
45.0000000 0.0000402
50.0000000 0.0000403
55.0000000 0.0000406
60.0000000 0.0000413
65.0000000 0.0000418
70.0000000 0.0000419
75.0000000 0.0000421
80.0000000 0.0000424
85.0000000 0.0000426
90.0000000 0.0000431
95.0000000 0.0000433
100.0000000 0.0000436
105.0000000 0.0000439
110.0000000 0.0000442
115.0000000 0.0000444
120.0000000 0.0000447
125.0000000 0.0000451
130.0000000 0.0000456
135.0000000 0.0000461
140.0000000 0.0000463
145.0000000 0.0000469
150.0000000 0.0000481
155.0000000 0.0000490
160.0000000 0.0000494
165.0000000 0.0000496
170.0000000 0.0000498
175.0000000 0.0000506
180.0000000 0.0000514
185.0000000 0.0000517
190.0000000 0.0000524
195.0000000 0.0000538
200.0000000 0.0000554
220.0000000 0.0000581
240.0000000 0.0000599
260.0000000 0.0000619
280.0000000 0.0000621
300.0000000 0.0000620
320.0000000 0.0000615
340.0000000 0.0000612
360.0000000 0.0000603
380.0000000 0.0000594
400.0000000 0.0000587
420.0000000 0.0000576
440.0000000 0.0000569
460.0000000 0.0000561
480.0000000 0.0000554
500.0000000 0.0000549
550.0000000 0.0000529
600.0000000 0.0000507
650.0000000 0.0000485
700.0000000 0.0000464
750.0000000 0.0000445
800.0000000 0.0000425
850.0000000 0.0000408
900.0000000 0.0000392
950.0000000 0.0000376
1000.0000000 0.0000360
1050.0000000 0.0000368
1100.0000000 0.0000377
1150.0000000 0.0000385
1200.0000000 0.0000394
1250.0000000 0.0000403
1300.0000000 0.0000411
1350.0000000 0.0000420
1400.0000000 0.0000429
1450.0000000 0.0000438
1500.0000000 0.0000447
1550.0000000 0.0000456
1600.0000000 0.0000465
1650.0000000 0.0000475
1700.0000000 0.0000485
1750.0000000 0.0000495
1800.0000000 0.0000505
1850.0000000 0.0000516
1900.0000000 0.0000527
1950.0000000 0.0000538
2000.0000000 0.0000549
2050.0000000 0.0000553
2100.0000000 0.0000556
2150.0000000 0.0000559
2200.0000000 0.0000562
2250.0000000 0.0000565
2300.0000000 0.0000568
2350.0000000 0.0000571
2400.0000000 0.0000574
2450.0000000 0.0000577
2500.0000000 0.0000581
2550.0000000 0.0000584
2600.0000000 0.0000587
2650.0000000 0.0000590
2700.0000000 0.0000593
2750.0000000 0.0000596
2800.0000000 0.0000599
2850.0000000 0.0000602
2900.0000000 0.0000605
2950.0000000 0.0000608
3000.0000000 0.0000611
3050.0000000 0.0000614
3100.0000000 0.0000618
3150.0000000 0.0000621
3200.0000000 0.0000624
3250.0000000 0.0000627
3300.0000000 0.0000630
3350.0000000 0.0000634
3400.0000000 0.0000637
3450.0000000 0.0000640
3500.0000000 0.0000643
3550.0000000 0.0000643
3600.0000000 0.0000643
3650.0000000 0.0000643
3700.0000000 0.0000642
3750.0000000 0.0000642
3800.0000000 0.0000642
3850.0000000 0.0000641
3900.0000000 0.0000641
3950.0000000 0.0000641
4000.0000000 0.0000641
4050.0000000 0.0000640
4100.0000000 0.0000640
4150.0000000 0.0000640
4200.0000000 0.0000639
4250.0000000 0.0000639
4300.0000000 0.0000639
4350.0000000 0.0000638
4400.0000000 0.0000638
4450.0000000 0.0000638
4500.0000000 0.0000637
4550.0000000 0.0000637
4600.0000000 0.0000637
4650.0000000 0.0000636
4700.0000000 0.0000636
4750.0000000 0.0000636
4800.0000000 0.0000635
4850.0000000 0.0000635
4900.0000000 0.0000635
4950.0000000 0.0000635
5000.0000000 0.0000634
5050.0000000 0.0000634
5100.0000000 0.0000634
5150.0000000 0.0000634
5200.0000000 0.0000633
5250.0000000 0.0000633
5300.0000000 0.0000633
5350.0000000 0.0000633
5400.0000000 0.0000632
5450.0000000 0.0000632
5500.0000000 0.0000632
5550.0000000 0.0000632
5600.0000000 0.0000632
5650.0000000 0.0000631
5700.0000000 0.0000631
5750.0000000 0.0000631
5800.0000000 0.0000631
5850.0000000 0.0000630
5900.0000000 0.0000630
5950.0000000 0.0000630
6000.0000000 0.0000630
-1 -1
0.000000 1691.911749
-1 -1
0.000000 1.871582
-1 -1
0.000000 0.398097
1074.098000 0.398097
1104.098000 10.000000
-1 -1
60000.000000
0.000000 1544.090000
5.000000 1544.096400
10.000000 1544.125200
15.000000 1544.184500
20.000000 1544.239700
25.000000 1544.305800
30.000000 1544.382300
35.000000 1544.463900
40.000000 1544.535200
45.000000 1544.553900
50.000000 1544.541600
55.000000 1544.473900
60.000000 1544.281000
65.000000 1543.988700
70.000000 1543.591900
75.000000 1543.115200
80.000000 1542.560000
85.000000 1541.949400
90.000000 1541.324200
95.000000 1540.660600
100.000000 1539.983500
105.000000 1539.286800
110.000000 1538.589000
115.000000 1537.898400
120.000000 1537.186800
125.000000 1536.550000
130.000000 1535.856800
135.000000 1535.039400
140.000000 1534.173200
145.000000 1533.241900
150.000000 1532.160600
155.000000 1530.839700
160.000000 1529.543900
165.000000 1528.262600
170.000000 1526.973200
175.000000 1525.767700
180.000000 1524.629400
185.000000 1523.518700
190.000000 1522.342300
195.000000 1521.045800
200.000000 1519.701900
220.000000 1513.756800
240.000000 1509.065800
260.000000 1503.906100
280.000000 1500.254800
300.000000 1497.660600
320.000000 1495.781900
340.000000 1494.726800
360.000000 1493.231600
380.000000 1491.651000
400.000000 1490.370600
420.000000 1489.273900
440.000000 1488.609000
460.000000 1488.030600
480.000000 1487.498700
500.000000 1487.247700
550.000000 1486.908700
600.000000 1486.459400
650.000000 1485.626100
700.000000 1485.199400
750.000000 1485.010000
800.000000 1485.290600
850.000000 1485.417400
900.000000 1485.182300
950.000000 1485.075200
1000.000000 1484.945200
1050.000000 1484.804500
1100.000000 1484.858100
1150.000000 1484.886100
1200.000000 1484.687200
1250.000000 1484.733500
1300.000000 1485.102600
1350.000000 1485.298200
1400.000000 1485.692700
1450.000000 1486.136000
1500.000000 1486.524700
1550.000000 1486.944400
1600.000000 1487.552600
1650.000000 1488.022300
1700.000000 1488.490800
1750.000000 1488.973400
1800.000000 1489.484500
1850.000000 1489.967300
1900.000000 1490.368300
1950.000000 1491.072900
2000.000000 1491.671700
2050.000000 1492.158100
2100.000000 1492.745300
2150.000000 1493.480100
2200.000000 1494.120200
2250.000000 1494.826500
2300.000000 1495.507000
2350.000000 1496.177000
2400.000000 1496.959100
2450.000000 1497.672900
2500.000000 1498.397900
2550.000000 1499.119400
2600.000000 1499.872000
2650.000000 1500.608300
2700.000000 1501.433000
2750.000000 1502.271700
2800.000000 1503.060200
2850.000000 1503.881600
2900.000000 1504.706400
2950.000000 1505.487700
3000.000000 1506.303900
3050.000000 1507.120600
3100.000000 1507.921700
3150.000000 1508.768800
3200.000000 1509.596800
3250.000000 1510.451700
3300.000000 1511.326000
3350.000000 1512.158300
3400.000000 1513.012600
3450.000000 1513.846900
3500.000000 1514.700900
3550.000000 1515.556200
3600.000000 1516.406700
3650.000000 1517.255100
3700.000000 1518.137000
3750.000000 1519.006100
3800.000000 1519.878300
3850.000000 1520.746600
3900.000000 1521.632900
3950.000000 1522.488000
4000.000000 1523.337200
4050.000000 1524.228100
4100.000000 1525.115900
4150.000000 1526.008600
4200.000000 1526.898400
4250.000000 1527.792600
4300.000000 1528.699700
4350.000000 1529.601900
4400.000000 1530.516800
4450.000000 1531.427500
4500.000000 1532.342900
4550.000000 1533.259900
4600.000000 1534.151500
4650.000000 1535.116300
4700.000000 1536.037900
4750.000000 1536.959600
4800.000000 1537.881200
4850.000000 1538.802800
4900.000000 1539.724400
4950.000000 1540.646000
5000.000000 1541.567600
5050.000000 1542.489300
5100.000000 1543.410900
5150.000000 1544.332500
5200.000000 1545.254100
5250.000000 1546.175700
5300.000000 1547.097400
5350.000000 1548.019000
5400.000000 1548.940600
5450.000000 1549.862200
5500.000000 1550.783800
5550.000000 1551.705400
5600.000000 1552.627100
5650.000000 1553.548700
5700.000000 1554.470300
5750.000000 1555.391900
5800.000000 1556.313500
5850.000000 1557.235100
5900.000000 1558.156800
5950.000000 1559.078400
6000.000000 1560.000000
-1 -1
0.0000000 0.0000401
5.0000000 0.0000401
10.0000000 0.0000401
15.0000000 0.0000401
20.0000000 0.0000401
25.0000000 0.0000401
30.0000000 0.0000401
35.0000000 0.0000401
40.0000000 0.0000401
45.0000000 0.0000402
50.0000000 0.0000403
55.0000000 0.0000406
60.0000000 0.0000413
65.0000000 0.0000418
70.0000000 0.0000419
75.0000000 0.0000421
80.0000000 0.0000424
85.0000000 0.0000426
90.0000000 0.0000431
95.0000000 0.0000433
100.0000000 0.0000436
105.0000000 0.0000439
110.0000000 0.0000442
115.0000000 0.0000444
120.0000000 0.0000447
125.0000000 0.0000451
130.0000000 0.0000456
135.0000000 0.0000461
140.0000000 0.0000463
145.0000000 0.0000469
150.0000000 0.0000481
155.0000000 0.0000490
160.0000000 0.0000494
165.0000000 0.0000496
170.0000000 0.0000498
175.0000000 0.0000506
180.0000000 0.0000514
185.0000000 0.0000517
190.0000000 0.0000524
195.0000000 0.0000538
200.0000000 0.0000554
220.0000000 0.0000581
240.0000000 0.0000599
260.0000000 0.0000619
280.0000000 0.0000621
300.0000000 0.0000620
320.0000000 0.0000615
340.0000000 0.0000612
360.0000000 0.0000603
380.0000000 0.0000594
400.0000000 0.0000587
420.0000000 0.0000576
440.0000000 0.0000569
460.0000000 0.0000561
480.0000000 0.0000554
500.0000000 0.0000549
550.0000000 0.0000529
600.0000000 0.0000507
650.0000000 0.0000485
700.0000000 0.0000464
750.0000000 0.0000445
800.0000000 0.0000425
850.0000000 0.0000408
900.0000000 0.0000392
950.0000000 0.0000376
1000.0000000 0.0000360
1050.0000000 0.0000368
1100.0000000 0.0000377
1150.0000000 0.0000385
1200.0000000 0.0000394
1250.0000000 0.0000403
1300.0000000 0.0000411
1350.0000000 0.0000420
1400.0000000 0.0000429
1450.0000000 0.0000438
1500.0000000 0.0000447
1550.0000000 0.0000456
1600.0000000 0.0000465
1650.0000000 0.0000475
1700.0000000 0.0000485
1750.0000000 0.0000495
1800.0000000 0.0000505
1850.0000000 0.0000516
1900.0000000 0.0000527
1950.0000000 0.0000538
2000.0000000 0.0000549
2050.0000000 0.0000553
2100.0000000 0.0000556
2150.0000000 0.0000559
2200.0000000 0.0000562
2250.0000000 0.0000565
2300.0000000 0.0000568
2350.0000000 0.0000571
2400.0000000 0.0000574
2450.0000000 0.0000577
2500.0000000 0.0000581
2550.0000000 0.0000584
2600.0000000 0.0000587
2650.0000000 0.0000590
2700.0000000 0.0000593
2750.0000000 0.0000596
2800.0000000 0.0000599
2850.0000000 0.0000602
2900.0000000 0.0000605
2950.0000000 0.0000608
3000.0000000 0.0000611
3050.0000000 0.0000614
3100.0000000 0.0000618
3150.0000000 0.0000621
3200.0000000 0.0000624
3250.0000000 0.0000627
3300.0000000 0.0000630
3350.0000000 0.0000634
3400.0000000 0.0000637
3450.0000000 0.0000640
3500.0000000 0.0000643
3550.0000000 0.0000643
3600.0000000 0.0000643
3650.0000000 0.0000643
3700.0000000 0.0000642
3750.0000000 0.0000642
3800.0000000 0.0000642
3850.0000000 0.0000641
3900.0000000 0.0000641
3950.0000000 0.0000641
4000.0000000 0.0000641
4050.0000000 0.0000640
4100.0000000 0.0000640
4150.0000000 0.0000640
4200.0000000 0.0000639
4250.0000000 0.0000639
4300.0000000 0.0000639
4350.0000000 0.0000638
4400.0000000 0.0000638
4450.0000000 0.0000638
4500.0000000 0.0000637
4550.0000000 0.0000637
4600.0000000 0.0000637
4650.0000000 0.0000636
4700.0000000 0.0000636
4750.0000000 0.0000636
4800.0000000 0.0000635
4850.0000000 0.0000635
4900.0000000 0.0000635
4950.0000000 0.0000635
5000.0000000 0.0000634
5050.0000000 0.0000634
5100.0000000 0.0000634
5150.0000000 0.0000634
5200.0000000 0.0000633
5250.0000000 0.0000633
5300.0000000 0.0000633
5350.0000000 0.0000633
5400.0000000 0.0000632
5450.0000000 0.0000632
5500.0000000 0.0000632
5550.0000000 0.0000632
5600.0000000 0.0000632
5650.0000000 0.0000631
5700.0000000 0.0000631
5750.0000000 0.0000631
5800.0000000 0.0000631
5850.0000000 0.0000630
5900.0000000 0.0000630
5950.0000000 0.0000630
6000.0000000 0.0000630
-1 -1
0.000000 1692.651883
-1 -1
0.000000 1.871582
-1 -1
0.000000 0.398271
1074.098000 0.398271
1104.098000 10.000000
-1 -1
61000.000000
0.000000 1544.090000
5.000000 1544.096400
10.000000 1544.125200
15.000000 1544.184500
20.000000 1544.239700
25.000000 1544.305800
30.000000 1544.382300
35.000000 1544.463900
40.000000 1544.535200
45.000000 1544.553900
50.000000 1544.541600
55.000000 1544.473900
60.000000 1544.281000
65.000000 1543.988700
70.000000 1543.591900
75.000000 1543.115200
80.000000 1542.560000
85.000000 1541.949400
90.000000 1541.324200
95.000000 1540.660600
100.000000 1539.983500
105.000000 1539.286800
110.000000 1538.589000
115.000000 1537.898400
120.000000 1537.186800
125.000000 1536.550000
130.000000 1535.856800
135.000000 1535.039400
140.000000 1534.173200
145.000000 1533.241900
150.000000 1532.160600
155.000000 1530.839700
160.000000 1529.543900
165.000000 1528.262600
170.000000 1526.973200
175.000000 1525.767700
180.000000 1524.629400
185.000000 1523.518700
190.000000 1522.342300
195.000000 1521.045800
200.000000 1519.701900
220.000000 1513.756800
240.000000 1509.065800
260.000000 1503.906100
280.000000 1500.254800
300.000000 1497.660600
320.000000 1495.781900
340.000000 1494.726800
360.000000 1493.231600
380.000000 1491.651000
400.000000 1490.370600
420.000000 1489.273900
440.000000 1488.609000
460.000000 1488.030600
480.000000 1487.498700
500.000000 1487.247700
550.000000 1486.908700
600.000000 1486.459400
650.000000 1485.626100
700.000000 1485.199400
750.000000 1485.010000
800.000000 1485.290600
850.000000 1485.417400
900.000000 1485.182300
950.000000 1485.075200
1000.000000 1484.945200
1050.000000 1484.804500
1100.000000 1484.858100
1150.000000 1484.886100
1200.000000 1484.687200
1250.000000 1484.733500
1300.000000 1485.102600
1350.000000 1485.298200
1400.000000 1485.692700
1450.000000 1486.136000
1500.000000 1486.524700
1550.000000 1486.944400
1600.000000 1487.552600
1650.000000 1488.022300
1700.000000 1488.490800
1750.000000 1488.973400
1800.000000 1489.484500
1850.000000 1489.967300
1900.000000 1490.368300
1950.000000 1491.072900
2000.000000 1491.671700
2050.000000 1492.158100
2100.000000 1492.745300
2150.000000 1493.480100
2200.000000 1494.120200
2250.000000 1494.826500
2300.000000 1495.507000
2350.000000 1496.177000
2400.000000 1496.959100
2450.000000 1497.672900
2500.000000 1498.397900
2550.000000 1499.119400
2600.000000 1499.872000
2650.000000 1500.608300
2700.000000 1501.433000
2750.000000 1502.271700
2800.000000 1503.060200
2850.000000 1503.881600
2900.000000 1504.706400
2950.000000 1505.487700
3000.000000 1506.303900
3050.000000 1507.120600
3100.000000 1507.921700
3150.000000 1508.768800
3200.000000 1509.596800
3250.000000 1510.451700
3300.000000 1511.326000
3350.000000 1512.158300
3400.000000 1513.012600
3450.000000 1513.846900
3500.000000 1514.700900
3550.000000 1515.556200
3600.000000 1516.406700
3650.000000 1517.255100
3700.000000 1518.137000
3750.000000 1519.006100
3800.000000 1519.878300
3850.000000 1520.746600
3900.000000 1521.632900
3950.000000 1522.488000
4000.000000 1523.337200
4050.000000 1524.228100
4100.000000 1525.115900
4150.000000 1526.008600
4200.000000 1526.898400
4250.000000 1527.792600
4300.000000 1528.699700
4350.000000 1529.601900
4400.000000 1530.516800
4450.000000 1531.427500
4500.000000 1532.342900
4550.000000 1533.259900
4600.000000 1534.151500
4650.000000 1535.116300
4700.000000 1536.037900
4750.000000 1536.959600
4800.000000 1537.881200
4850.000000 1538.802800
4900.000000 1539.724400
4950.000000 1540.646000
5000.000000 1541.567600
5050.000000 1542.489300
5100.000000 1543.410900
5150.000000 1544.332500
5200.000000 1545.254100
5250.000000 1546.175700
5300.000000 1547.097400
5350.000000 1548.019000
5400.000000 1548.940600
5450.000000 1549.862200
5500.000000 1550.783800
5550.000000 1551.705400
5600.000000 1552.627100
5650.000000 1553.548700
5700.000000 1554.470300
5750.000000 1555.391900
5800.000000 1556.313500
5850.000000 1557.235100
5900.000000 1558.156800
5950.000000 1559.078400
6000.000000 1560.000000
-1 -1
0.0000000 0.0000401
5.0000000 0.0000401
10.0000000 0.0000401
15.0000000 0.0000401
20.0000000 0.0000401
25.0000000 0.0000401
30.0000000 0.0000401
35.0000000 0.0000401
40.0000000 0.0000401
45.0000000 0.0000402
50.0000000 0.0000403
55.0000000 0.0000406
60.0000000 0.0000413
65.0000000 0.0000418
70.0000000 0.0000419
75.0000000 0.0000421
80.0000000 0.0000424
85.0000000 0.0000426
90.0000000 0.0000431
95.0000000 0.0000433
100.0000000 0.0000436
105.0000000 0.0000439
110.0000000 0.0000442
115.0000000 0.0000444
120.0000000 0.0000447
125.0000000 0.0000451
130.0000000 0.0000456
135.0000000 0.0000461
140.0000000 0.0000463
145.0000000 0.0000469
150.0000000 0.0000481
155.0000000 0.0000490
160.0000000 0.0000494
165.0000000 0.0000496
170.0000000 0.0000498
175.0000000 0.0000506
180.0000000 0.0000514
185.0000000 0.0000517
190.0000000 0.0000524
195.0000000 0.0000538
200.0000000 0.0000554
220.0000000 0.0000581
240.0000000 0.0000599
260.0000000 0.0000619
280.0000000 0.0000621
300.0000000 0.0000620
320.0000000 0.0000615
340.0000000 0.0000612
360.0000000 0.0000603
380.0000000 0.0000594
400.0000000 0.0000587
420.0000000 0.0000576
440.0000000 0.0000569
460.0000000 0.0000561
480.0000000 0.0000554
500.0000000 0.0000549
550.0000000 0.0000529
600.0000000 0.0000507
650.0000000 0.0000485
700.0000000 0.0000464
750.0000000 0.0000445
800.0000000 0.0000425
850.0000000 0.0000408
900.0000000 0.0000392
950.0000000 0.0000376
1000.0000000 0.0000360
1050.0000000 0.0000368
1100.0000000 0.0000377
1150.0000000 0.0000385
1200.0000000 0.0000394
1250.0000000 0.0000403
1300.0000000 0.0000411
1350.0000000 0.0000420
1400.0000000 0.0000429
1450.0000000 0.0000438
1500.0000000 0.0000447
1550.0000000 0.0000456
1600.0000000 0.0000465
1650.0000000 0.0000475
1700.0000000 0.0000485
1750.0000000 0.0000495
1800.0000000 0.0000505
1850.0000000 0.0000516
1900.0000000 0.0000527
1950.0000000 0.0000538
2000.0000000 0.0000549
2050.0000000 0.0000553
2100.0000000 0.0000556
2150.0000000 0.0000559
2200.0000000 0.0000562
2250.0000000 0.0000565
2300.0000000 0.0000568
2350.0000000 0.0000571
2400.0000000 0.0000574
2450.0000000 0.0000577
2500.0000000 0.0000581
2550.0000000 0.0000584
2600.0000000 0.0000587
2650.0000000 0.0000590
2700.0000000 0.0000593
2750.0000000 0.0000596
2800.0000000 0.0000599
2850.0000000 0.0000602
2900.0000000 0.0000605
2950.0000000 0.0000608
3000.0000000 0.0000611
3050.0000000 0.0000614
3100.0000000 0.0000618
3150.0000000 0.0000621
3200.0000000 0.0000624
3250.0000000 0.0000627
3300.0000000 0.0000630
3350.0000000 0.0000634
3400.0000000 0.0000637
3450.0000000 0.0000640
3500.0000000 0.0000643
3550.0000000 0.0000643
3600.0000000 0.0000643
3650.0000000 0.0000643
3700.0000000 0.0000642
3750.0000000 0.0000642
3800.0000000 0.0000642
3850.0000000 0.0000641
3900.0000000 0.0000641
3950.0000000 0.0000641
4000.0000000 0.0000641
4050.0000000 0.0000640
4100.0000000 0.0000640
4150.0000000 0.0000640
4200.0000000 0.0000639
4250.0000000 0.0000639
4300.0000000 0.0000639
4350.0000000 0.0000638
4400.0000000 0.0000638
4450.0000000 0.0000638
4500.0000000 0.0000637
4550.0000000 0.0000637
4600.0000000 0.0000637
4650.0000000 0.0000636
4700.0000000 0.0000636
4750.0000000 0.0000636
4800.0000000 0.0000635
4850.0000000 0.0000635
4900.0000000 0.0000635
4950.0000000 0.0000635
5000.0000000 0.0000634
5050.0000000 0.0000634
5100.0000000 0.0000634
5150.0000000 0.0000634
5200.0000000 0.0000633
5250.0000000 0.0000633
5300.0000000 0.0000633
5350.0000000 0.0000633
5400.0000000 0.0000632
5450.0000000 0.0000632
5500.0000000 0.0000632
5550.0000000 0.0000632
5600.0000000 0.0000632
5650.0000000 0.0000631
5700.0000000 0.0000631
5750.0000000 0.0000631
5800.0000000 0.0000631
5850.0000000 0.0000630
5900.0000000 0.0000630
5950.0000000 0.0000630
6000.0000000 0.0000630
-1 -1
0.000000 1693.602322
-1 -1
0.000000 1.871582
-1 -1
0.000000 0.398495
1074.098000 0.398495
1104.098000 10.000000
-1 -1
62000.000000
0.000000 1544.090000
5.000000 1544.096400
10.000000 1544.125200
15.000000 1544.184500
20.000000 1544.239700
25.000000 1544.305800
30.000000 1544.382300
35.000000 1544.463900
40.000000 1544.535200
45.000000 1544.553900
50.000000 1544.541600
55.000000 1544.473900
60.000000 1544.281000
65.000000 1543.988700
70.000000 1543.591900
75.000000 1543.115200
80.000000 1542.560000
85.000000 1541.949400
90.000000 1541.324200
95.000000 1540.660600
100.000000 1539.983500
105.000000 1539.286800
110.000000 1538.589000
115.000000 1537.898400
120.000000 1537.186800
125.000000 1536.550000
130.000000 1535.856800
135.000000 1535.039400
140.000000 1534.173200
145.000000 1533.241900
150.000000 1532.160600
155.000000 1530.839700
160.000000 1529.543900
165.000000 1528.262600
170.000000 1526.973200
175.000000 1525.767700
180.000000 1524.629400
185.000000 1523.518700
190.000000 1522.342300
195.000000 1521.045800
200.000000 1519.701900
220.000000 1513.756800
240.000000 1509.065800
260.000000 1503.906100
280.000000 1500.254800
300.000000 1497.660600
320.000000 1495.781900
340.000000 1494.726800
360.000000 1493.231600
380.000000 1491.651000
400.000000 1490.370600
420.000000 1489.273900
440.000000 1488.609000
460.000000 1488.030600
480.000000 1487.498700
500.000000 1487.247700
550.000000 1486.908700
600.000000 1486.459400
650.000000 1485.626100
700.000000 1485.199400
750.000000 1485.010000
800.000000 1485.290600
850.000000 1485.417400
900.000000 1485.182300
950.000000 1485.075200
1000.000000 1484.945200
1050.000000 1484.804500
1100.000000 1484.858100
1150.000000 1484.886100
1200.000000 1484.687200
1250.000000 1484.733500
1300.000000 1485.102600
1350.000000 1485.298200
1400.000000 1485.692700
1450.000000 1486.136000
1500.000000 1486.524700
1550.000000 1486.944400
1600.000000 1487.552600
1650.000000 1488.022300
1700.000000 1488.490800
1750.000000 1488.973400
1800.000000 1489.484500
1850.000000 1489.967300
1900.000000 1490.368300
1950.000000 1491.072900
2000.000000 1491.671700
2050.000000 1492.158100
2100.000000 1492.745300
2150.000000 1493.480100
2200.000000 1494.120200
2250.000000 1494.826500
2300.000000 1495.507000
2350.000000 1496.177000
2400.000000 1496.959100
2450.000000 1497.672900
2500.000000 1498.397900
2550.000000 1499.119400
2600.000000 1499.872000
2650.000000 1500.608300
2700.000000 1501.433000
2750.000000 1502.271700
2800.000000 1503.060200
2850.000000 1503.881600
2900.000000 1504.706400
2950.000000 1505.487700
3000.000000 1506.303900
3050.000000 1507.120600
3100.000000 1507.921700
3150.000000 1508.768800
3200.000000 1509.596800
3250.000000 1510.451700
3300.000000 1511.326000
3350.000000 1512.158300
3400.000000 1513.012600
3450.000000 1513.846900
3500.000000 1514.700900
3550.000000 1515.556200
3600.000000 1516.406700
3650.000000 1517.255100
3700.000000 1518.137000
3750.000000 1519.006100
3800.000000 1519.878300
3850.000000 1520.746600
3900.000000 1521.632900
3950.000000 1522.488000
4000.000000 1523.337200
4050.000000 1524.228100
4100.000000 1525.115900
4150.000000 1526.008600
4200.000000 1526.898400
4250.000000 1527.792600
4300.000000 1528.699700
4350.000000 1529.601900
4400.000000 1530.516800
4450.000000 1531.427500
4500.000000 1532.342900
4550.000000 1533.259900
4600.000000 1534.151500
4650.000000 1535.116300
4700.000000 1536.037900
4750.000000 1536.959600
4800.000000 1537.881200
4850.000000 1538.802800
4900.000000 1539.724400
4950.000000 1540.646000
5000.000000 1541.567600
5050.000000 1542.489300
5100.000000 1543.410900
5150.000000 1544.332500
5200.000000 1545.254100
5250.000000 1546.175700
5300.000000 1547.097400
5350.000000 1548.019000
5400.000000 1548.940600
5450.000000 1549.862200
5500.000000 1550.783800
5550.000000 1551.705400
5600.000000 1552.627100
5650.000000 1553.548700
5700.000000 1554.470300
5750.000000 1555.391900
5800.000000 1556.313500
5850.000000 1557.235100
5900.000000 1558.156800
5950.000000 1559.078400
6000.000000 1560.000000
-1 -1
0.0000000 0.0000401
5.0000000 0.0000401
10.0000000 0.0000401
15.0000000 0.0000401
20.0000000 0.0000401
25.0000000 0.0000401
30.0000000 0.0000401
35.0000000 0.0000401
40.0000000 0.0000401
45.0000000 0.0000402
50.0000000 0.0000403
55.0000000 0.0000406
60.0000000 0.0000413
65.0000000 0.0000418
70.0000000 0.0000419
75.0000000 0.0000421
80.0000000 0.0000424
85.0000000 0.0000426
90.0000000 0.0000431
95.0000000 0.0000433
100.0000000 0.0000436
105.0000000 0.0000439
110.0000000 0.0000442
115.0000000 0.0000444
120.0000000 0.0000447
125.0000000 0.0000451
130.0000000 0.0000456
135.0000000 0.0000461
140.0000000 0.0000463
145.0000000 0.0000469
150.0000000 0.0000481
155.0000000 0.0000490
160.0000000 0.0000494
165.0000000 0.0000496
170.0000000 0.0000498
175.0000000 0.0000506
180.0000000 0.0000514
185.0000000 0.0000517
190.0000000 0.0000524
195.0000000 0.0000538
200.0000000 0.0000554
220.0000000 0.0000581
240.0000000 0.0000599
260.0000000 0.0000619
280.0000000 0.0000621
300.0000000 0.0000620
320.0000000 0.0000615
340.0000000 0.0000612
360.0000000 0.0000603
380.0000000 0.0000594
400.0000000 0.0000587
420.0000000 0.0000576
440.0000000 0.0000569
460.0000000 0.0000561
480.0000000 0.0000554
500.0000000 0.0000549
550.0000000 0.0000529
600.0000000 0.0000507
650.0000000 0.0000485
700.0000000 0.0000464
750.0000000 0.0000445
800.0000000 0.0000425
850.0000000 0.0000408
900.0000000 0.0000392
950.0000000 0.0000376
1000.0000000 0.0000360
1050.0000000 0.0000368
1100.0000000 0.0000377
1150.0000000 0.0000385
1200.0000000 0.0000394
1250.0000000 0.0000403
1300.0000000 0.0000411
1350.0000000 0.0000420
1400.0000000 0.0000429
1450.0000000 0.0000438
1500.0000000 0.0000447
1550.0000000 0.0000456
1600.0000000 0.0000465
1650.0000000 0.0000475
1700.0000000 0.0000485
1750.0000000 0.0000495
1800.0000000 0.0000505
1850.0000000 0.0000516
1900.0000000 0.0000527
1950.0000000 0.0000538
2000.0000000 0.0000549
2050.0000000 0.0000553
2100.0000000 0.0000556
2150.0000000 0.0000559
2200.0000000 0.0000562
2250.0000000 0.0000565
2300.0000000 0.0000568
2350.0000000 0.0000571
2400.0000000 0.0000574
2450.0000000 0.0000577
2500.0000000 0.0000581
2550.0000000 0.0000584
2600.0000000 0.0000587
2650.0000000 0.0000590
2700.0000000 0.0000593
2750.0000000 0.0000596
2800.0000000 0.0000599
2850.0000000 0.0000602
2900.0000000 0.0000605
2950.0000000 0.0000608
3000.0000000 0.0000611
3050.0000000 0.0000614
3100.0000000 0.0000618
3150.0000000 0.0000621
3200.0000000 0.0000624
3250.0000000 0.0000627
3300.0000000 0.0000630
3350.0000000 0.0000634
3400.0000000 0.0000637
3450.0000000 0.0000640
3500.0000000 0.0000643
3550.0000000 0.0000643
3600.0000000 0.0000643
3650.0000000 0.0000643
3700.0000000 0.0000642
3750.0000000 0.0000642
3800.0000000 0.0000642
3850.0000000 0.0000641
3900.0000000 0.0000641
3950.0000000 0.0000641
4000.0000000 0.0000641
4050.0000000 0.0000640
4100.0000000 0.0000640
4150.0000000 0.0000640
4200.0000000 0.0000639
4250.0000000 0.0000639
4300.0000000 0.0000639
4350.0000000 0.0000638
4400.0000000 0.0000638
4450.0000000 0.0000638
4500.0000000 0.0000637
4550.0000000 0.0000637
4600.0000000 0.0000637
4650.0000000 0.0000636
4700.0000000 0.0000636
4750.0000000 0.0000636
4800.0000000 0.0000635
4850.0000000 0.0000635
4900.0000000 0.0000635
4950.0000000 0.0000635
5000.0000000 0.0000634
5050.0000000 0.0000634
5100.0000000 0.0000634
5150.0000000 0.0000634
5200.0000000 0.0000633
5250.0000000 0.0000633
5300.0000000 0.0000633
5350.0000000 0.0000633
5400.0000000 0.0000632
5450.0000000 0.0000632
5500.0000000 0.0000632
5550.0000000 0.0000632
5600.0000000 0.0000632
5650.0000000 0.0000631
5700.0000000 0.0000631
5750.0000000 0.0000631
5800.0000000 0.0000631
5850.0000000 0.0000630
5900.0000000 0.0000630
5950.0000000 0.0000630
6000.0000000 0.0000630
-1 -1
0.000000 1694.983707
-1 -1
0.000000 1.871582
-1 -1
0.000000 0.398820
1074.098000 0.398820
1104.098000 10.000000
-1 -1
63000.000000
0.000000 1544.090000
5.000000 1544.096400
10.000000 1544.125200
15.000000 1544.184500
20.000000 1544.239700
25.000000 1544.305800
30.000000 1544.382300
35.000000 1544.463900
40.000000 1544.535200
45.000000 1544.553900
50.000000 1544.541600
55.000000 1544.473900
60.000000 1544.281000
65.000000 1543.988700
70.000000 1543.591900
75.000000 1543.115200
80.000000 1542.560000
85.000000 1541.949400
90.000000 1541.324200
95.000000 1540.660600
100.000000 1539.983500
105.000000 1539.286800
110.000000 1538.589000
115.000000 1537.898400
120.000000 1537.186800
125.000000 1536.550000
130.000000 1535.856800
135.000000 1535.039400
140.000000 1534.173200
145.000000 1533.241900
150.000000 1532.160600
155.000000 1530.839700
160.000000 1529.543900
165.000000 1528.262600
170.000000 1526.973200
175.000000 1525.767700
180.000000 1524.629400
185.000000 1523.518700
190.000000 1522.342300
195.000000 1521.045800
200.000000 1519.701900
220.000000 1513.756800
240.000000 1509.065800
260.000000 1503.906100
280.000000 1500.254800
300.000000 1497.660600
320.000000 1495.781900
340.000000 1494.726800
360.000000 1493.231600
380.000000 1491.651000
400.000000 1490.370600
420.000000 1489.273900
440.000000 1488.609000
460.000000 1488.030600
480.000000 1487.498700
500.000000 1487.247700
550.000000 1486.908700
600.000000 1486.459400
650.000000 1485.626100
700.000000 1485.199400
750.000000 1485.010000
800.000000 1485.290600
850.000000 1485.417400
900.000000 1485.182300
950.000000 1485.075200
1000.000000 1484.945200
1050.000000 1484.804500
1100.000000 1484.858100
1150.000000 1484.886100
1200.000000 1484.687200
1250.000000 1484.733500
1300.000000 1485.102600
1350.000000 1485.298200
1400.000000 1485.692700
1450.000000 1486.136000
1500.000000 1486.524700
1550.000000 1486.944400
1600.000000 1487.552600
1650.000000 1488.022300
1700.000000 1488.490800
1750.000000 1488.973400
1800.000000 1489.484500
1850.000000 1489.967300
1900.000000 1490.368300
1950.000000 1491.072900
2000.000000 1491.671700
2050.000000 1492.158100
2100.000000 1492.745300
2150.000000 1493.480100
2200.000000 1494.120200
2250.000000 1494.826500
2300.000000 1495.507000
2350.000000 1496.177000
2400.000000 1496.959100
2450.000000 1497.672900
2500.000000 1498.397900
2550.000000 1499.119400
2600.000000 1499.872000
2650.000000 1500.608300
2700.000000 1501.433000
2750.000000 1502.271700
2800.000000 1503.060200
2850.000000 1503.881600
2900.000000 1504.706400
2950.000000 1505.487700
3000.000000 1506.303900
3050.000000 1507.120600
3100.000000 1507.921700
3150.000000 1508.768800
3200.000000 1509.596800
3250.000000 1510.451700
3300.000000 1511.326000
3350.000000 1512.158300
3400.000000 1513.012600
3450.000000 1513.846900
3500.000000 1514.700900
3550.000000 1515.556200
3600.000000 1516.406700
3650.000000 1517.255100
3700.000000 1518.137000
3750.000000 1519.006100
3800.000000 1519.878300
3850.000000 1520.746600
3900.000000 1521.632900
3950.000000 1522.488000
4000.000000 1523.337200
4050.000000 1524.228100
4100.000000 1525.115900
4150.000000 1526.008600
4200.000000 1526.898400
4250.000000 1527.792600
4300.000000 1528.699700
4350.000000 1529.601900
4400.000000 1530.516800
4450.000000 1531.427500
4500.000000 1532.342900
4550.000000 1533.259900
4600.000000 1534.151500
4650.000000 1535.116300
4700.000000 1536.037900
4750.000000 1536.959600
4800.000000 1537.881200
4850.000000 1538.802800
4900.000000 1539.724400
4950.000000 1540.646000
5000.000000 1541.567600
5050.000000 1542.489300
5100.000000 1543.410900
5150.000000 1544.332500
5200.000000 1545.254100
5250.000000 1546.175700
5300.000000 1547.097400
5350.000000 1548.019000
5400.000000 1548.940600
5450.000000 1549.862200
5500.000000 1550.783800
5550.000000 1551.705400
5600.000000 1552.627100
5650.000000 1553.548700
5700.000000 1554.470300
5750.000000 1555.391900
5800.000000 1556.313500
5850.000000 1557.235100
5900.000000 1558.156800
5950.000000 1559.078400
6000.000000 1560.000000
-1 -1
0.0000000 0.0000401
5.0000000 0.0000401
10.0000000 0.0000401
15.0000000 0.0000401
20.0000000 0.0000401
25.0000000 0.0000401
30.0000000 0.0000401
35.0000000 0.0000401
40.0000000 0.0000401
45.0000000 0.0000402
50.0000000 0.0000403
55.0000000 0.0000406
60.0000000 0.0000413
65.0000000 0.0000418
70.0000000 0.0000419
75.0000000 0.0000421
80.0000000 0.0000424
85.0000000 0.0000426
90.0000000 0.0000431
95.0000000 0.0000433
100.0000000 0.0000436
105.0000000 0.0000439
110.0000000 0.0000442
115.0000000 0.0000444
120.0000000 0.0000447
125.0000000 0.0000451
130.0000000 0.0000456
135.0000000 0.0000461
140.0000000 0.0000463
145.0000000 0.0000469
150.0000000 0.0000481
155.0000000 0.0000490
160.0000000 0.0000494
165.0000000 0.0000496
170.0000000 0.0000498
175.0000000 0.0000506
180.0000000 0.0000514
185.0000000 0.0000517
190.0000000 0.0000524
195.0000000 0.0000538
200.0000000 0.0000554
220.0000000 0.0000581
240.0000000 0.0000599
260.0000000 0.0000619
280.0000000 0.0000621
300.0000000 0.0000620
320.0000000 0.0000615
340.0000000 0.0000612
360.0000000 0.0000603
380.0000000 0.0000594
400.0000000 0.0000587
420.0000000 0.0000576
440.0000000 0.0000569
460.0000000 0.0000561
480.0000000 0.0000554
500.0000000 0.0000549
550.0000000 0.0000529
600.0000000 0.0000507
650.0000000 0.0000485
700.0000000 0.0000464
750.0000000 0.0000445
800.0000000 0.0000425
850.0000000 0.0000408
900.0000000 0.0000392
950.0000000 0.0000376
1000.0000000 0.0000360
1050.0000000 0.0000368
1100.0000000 0.0000377
1150.0000000 0.0000385
1200.0000000 0.0000394
1250.0000000 0.0000403
1300.0000000 0.0000411
1350.0000000 0.0000420
1400.0000000 0.0000429
1450.0000000 0.0000438
1500.0000000 0.0000447
1550.0000000 0.0000456
1600.0000000 0.0000465
1650.0000000 0.0000475
1700.0000000 0.0000485
1750.0000000 0.0000495
1800.0000000 0.0000505
1850.0000000 0.0000516
1900.0000000 0.0000527
1950.0000000 0.0000538
2000.0000000 0.0000549
2050.0000000 0.0000553
2100.0000000 0.0000556
2150.0000000 0.0000559
2200.0000000 0.0000562
2250.0000000 0.0000565
2300.0000000 0.0000568
2350.0000000 0.0000571
2400.0000000 0.0000574
2450.0000000 0.0000577
2500.0000000 0.0000581
2550.0000000 0.0000584
2600.0000000 0.0000587
2650.0000000 0.0000590
2700.0000000 0.0000593
2750.0000000 0.0000596
2800.0000000 0.0000599
2850.0000000 0.0000602
2900.0000000 0.0000605
2950.0000000 0.0000608
3000.0000000 0.0000611
3050.0000000 0.0000614
3100.0000000 0.0000618
3150.0000000 0.0000621
3200.0000000 0.0000624
3250.0000000 0.0000627
3300.0000000 0.0000630
3350.0000000 0.0000634
3400.0000000 0.0000637
3450.0000000 0.0000640
3500.0000000 0.0000643
3550.0000000 0.0000643
3600.0000000 0.0000643
3650.0000000 0.0000643
3700.0000000 0.0000642
3750.0000000 0.0000642
3800.0000000 0.0000642
3850.0000000 0.0000641
3900.0000000 0.0000641
3950.0000000 0.0000641
4000.0000000 0.0000641
4050.0000000 0.0000640
4100.0000000 0.0000640
4150.0000000 0.0000640
4200.0000000 0.0000639
4250.0000000 0.0000639
4300.0000000 0.0000639
4350.0000000 0.0000638
4400.0000000 0.0000638
4450.0000000 0.0000638
4500.0000000 0.0000637
4550.0000000 0.0000637
4600.0000000 0.0000637
4650.0000000 0.0000636
4700.0000000 0.0000636
4750.0000000 0.0000636
4800.0000000 0.0000635
4850.0000000 0.0000635
4900.0000000 0.0000635
4950.0000000 0.0000635
5000.0000000 0.0000634
5050.0000000 0.0000634
5100.0000000 0.0000634
5150.0000000 0.0000634
5200.0000000 0.0000633
5250.0000000 0.0000633
5300.0000000 0.0000633
5350.0000000 0.0000633
5400.0000000 0.0000632
5450.0000000 0.0000632
5500.0000000 0.0000632
5550.0000000 0.0000632
5600.0000000 0.0000632
5650.0000000 0.0000631
5700.0000000 0.0000631
5750.0000000 0.0000631
5800.0000000 0.0000631
5850.0000000 0.0000630
5900.0000000 0.0000630
5950.0000000 0.0000630
6000.0000000 0.0000630
-1 -1
0.000000 1696.554580
-1 -1
0.000000 1.871582
-1 -1
0.000000 0.399189
1074.098000 0.399189
1104.098000 10.000000
-1 -1
64000.000000
0.000000 1544.090000
5.000000 1544.096400
10.000000 1544.125200
15.000000 1544.184500
20.000000 1544.239700
25.000000 1544.305800
30.000000 1544.382300
35.000000 1544.463900
40.000000 1544.535200
45.000000 1544.553900
50.000000 1544.541600
55.000000 1544.473900
60.000000 1544.281000
65.000000 1543.988700
70.000000 1543.591900
75.000000 1543.115200
80.000000 1542.560000
85.000000 1541.949400
90.000000 1541.324200
95.000000 1540.660600
100.000000 1539.983500
105.000000 1539.286800
110.000000 1538.589000
115.000000 1537.898400
120.000000 1537.186800
125.000000 1536.550000
130.000000 1535.856800
135.000000 1535.039400
140.000000 1534.173200
145.000000 1533.241900
150.000000 1532.160600
155.000000 1530.839700
160.000000 1529.543900
165.000000 1528.262600
170.000000 1526.973200
175.000000 1525.767700
180.000000 1524.629400
185.000000 1523.518700
190.000000 1522.342300
195.000000 1521.045800
200.000000 1519.701900
220.000000 1513.756800
240.000000 1509.065800
260.000000 1503.906100
280.000000 1500.254800
300.000000 1497.660600
320.000000 1495.781900
340.000000 1494.726800
360.000000 1493.231600
380.000000 1491.651000
400.000000 1490.370600
420.000000 1489.273900
440.000000 1488.609000
460.000000 1488.030600
480.000000 1487.498700
500.000000 1487.247700
550.000000 1486.908700
600.000000 1486.459400
650.000000 1485.626100
700.000000 1485.199400
750.000000 1485.010000
800.000000 1485.290600
850.000000 1485.417400
900.000000 1485.182300
950.000000 1485.075200
1000.000000 1484.945200
1050.000000 1484.804500
1100.000000 1484.858100
1150.000000 1484.886100
1200.000000 1484.687200
1250.000000 1484.733500
1300.000000 1485.102600
1350.000000 1485.298200
1400.000000 1485.692700
1450.000000 1486.136000
1500.000000 1486.524700
1550.000000 1486.944400
1600.000000 1487.552600
1650.000000 1488.022300
1700.000000 1488.490800
1750.000000 1488.973400
1800.000000 1489.484500
1850.000000 1489.967300
1900.000000 1490.368300
1950.000000 1491.072900
2000.000000 1491.671700
2050.000000 1492.158100
2100.000000 1492.745300
2150.000000 1493.480100
2200.000000 1494.120200
2250.000000 1494.826500
2300.000000 1495.507000
2350.000000 1496.177000
2400.000000 1496.959100
2450.000000 1497.672900
2500.000000 1498.397900
2550.000000 1499.119400
2600.000000 1499.872000
2650.000000 1500.608300
2700.000000 1501.433000
2750.000000 1502.271700
2800.000000 1503.060200
2850.000000 1503.881600
2900.000000 1504.706400
2950.000000 1505.487700
3000.000000 1506.303900
3050.000000 1507.120600
3100.000000 1507.921700
3150.000000 1508.768800
3200.000000 1509.596800
3250.000000 1510.451700
3300.000000 1511.326000
3350.000000 1512.158300
3400.000000 1513.012600
3450.000000 1513.846900
3500.000000 1514.700900
3550.000000 1515.556200
3600.000000 1516.406700
3650.000000 1517.255100
3700.000000 1518.137000
3750.000000 1519.006100
3800.000000 1519.878300
3850.000000 1520.746600
3900.000000 1521.632900
3950.000000 1522.488000
4000.000000 1523.337200
4050.000000 1524.228100
4100.000000 1525.115900
4150.000000 1526.008600
4200.000000 1526.898400
4250.000000 1527.792600
4300.000000 1528.699700
4350.000000 1529.601900
4400.000000 1530.516800
4450.000000 1531.427500
4500.000000 1532.342900
4550.000000 1533.259900
4600.000000 1534.151500
4650.000000 1535.116300
4700.000000 1536.037900
4750.000000 1536.959600
4800.000000 1537.881200
4850.000000 1538.802800
4900.000000 1539.724400
4950.000000 1540.646000
5000.000000 1541.567600
5050.000000 1542.489300
5100.000000 1543.410900
5150.000000 1544.332500
5200.000000 1545.254100
5250.000000 1546.175700
5300.000000 1547.097400
5350.000000 1548.019000
5400.000000 1548.940600
5450.000000 1549.862200
5500.000000 1550.783800
5550.000000 1551.705400
5600.000000 1552.627100
5650.000000 1553.548700
5700.000000 1554.470300
5750.000000 1555.391900
5800.000000 1556.313500
5850.000000 1557.235100
5900.000000 1558.156800
5950.000000 1559.078400
6000.000000 1560.000000
-1 -1
0.0000000 0.0000401
5.0000000 0.0000401
10.0000000 0.0000401
15.0000000 0.0000401
20.0000000 0.0000401
25.0000000 0.0000401
30.0000000 0.0000401
35.0000000 0.0000401
40.0000000 0.0000401
45.0000000 0.0000402
50.0000000 0.0000403
55.0000000 0.0000406
60.0000000 0.0000413
65.0000000 0.0000418
70.0000000 0.0000419
75.0000000 0.0000421
80.0000000 0.0000424
85.0000000 0.0000426
90.0000000 0.0000431
95.0000000 0.0000433
100.0000000 0.0000436
105.0000000 0.0000439
110.0000000 0.0000442
115.0000000 0.0000444
120.0000000 0.0000447
125.0000000 0.0000451
130.0000000 0.0000456
135.0000000 0.0000461
140.0000000 0.0000463
145.0000000 0.0000469
150.0000000 0.0000481
155.0000000 0.0000490
160.0000000 0.0000494
165.0000000 0.0000496
170.0000000 0.0000498
175.0000000 0.0000506
180.0000000 0.0000514
185.0000000 0.0000517
190.0000000 0.0000524
195.0000000 0.0000538
200.0000000 0.0000554
220.0000000 0.0000581
240.0000000 0.0000599
260.0000000 0.0000619
280.0000000 0.0000621
300.0000000 0.0000620
320.0000000 0.0000615
340.0000000 0.0000612
360.0000000 0.0000603
380.0000000 0.0000594
400.0000000 0.0000587
420.0000000 0.0000576
440.0000000 0.0000569
460.0000000 0.0000561
480.0000000 0.0000554
500.0000000 0.0000549
550.0000000 0.0000529
600.0000000 0.0000507
650.0000000 0.0000485
700.0000000 0.0000464
750.0000000 0.0000445
800.0000000 0.0000425
850.0000000 0.0000408
900.0000000 0.0000392
950.0000000 0.0000376
1000.0000000 0.0000360
1050.0000000 0.0000368
1100.0000000 0.0000377
1150.0000000 0.0000385
1200.0000000 0.0000394
1250.0000000 0.0000403
1300.0000000 0.0000411
1350.0000000 0.0000420
1400.0000000 0.0000429
1450.0000000 0.0000438
1500.0000000 0.0000447
1550.0000000 0.0000456
1600.0000000 0.0000465
1650.0000000 0.0000475
1700.0000000 0.0000485
1750.0000000 0.0000495
1800.0000000 0.0000505
1850.0000000 0.0000516
1900.0000000 0.0000527
1950.0000000 0.0000538
2000.0000000 0.0000549
2050.0000000 0.0000553
2100.0000000 0.0000556
2150.0000000 0.0000559
2200.0000000 0.0000562
2250.0000000 0.0000565
2300.0000000 0.0000568
2350.0000000 0.0000571
2400.0000000 0.0000574
2450.0000000 0.0000577
2500.0000000 0.0000581
2550.0000000 0.0000584
2600.0000000 0.0000587
2650.0000000 0.0000590
2700.0000000 0.0000593
2750.0000000 0.0000596
2800.0000000 0.0000599
2850.0000000 0.0000602
2900.0000000 0.0000605
2950.0000000 0.0000608
3000.0000000 0.0000611
3050.0000000 0.0000614
3100.0000000 0.0000618
3150.0000000 0.0000621
3200.0000000 0.0000624
3250.0000000 0.0000627
3300.0000000 0.0000630
3350.0000000 0.0000634
3400.0000000 0.0000637
3450.0000000 0.0000640
3500.0000000 0.0000643
3550.0000000 0.0000643
3600.0000000 0.0000643
3650.0000000 0.0000643
3700.0000000 0.0000642
3750.0000000 0.0000642
3800.0000000 0.0000642
3850.0000000 0.0000641
3900.0000000 0.0000641
3950.0000000 0.0000641
4000.0000000 0.0000641
4050.0000000 0.0000640
4100.0000000 0.0000640
4150.0000000 0.0000640
4200.0000000 0.0000639
4250.0000000 0.0000639
4300.0000000 0.0000639
4350.0000000 0.0000638
4400.0000000 0.0000638
4450.0000000 0.0000638
4500.0000000 0.0000637
4550.0000000 0.0000637
4600.0000000 0.0000637
4650.0000000 0.0000636
4700.0000000 0.0000636
4750.0000000 0.0000636
4800.0000000 0.0000635
4850.0000000 0.0000635
4900.0000000 0.0000635
4950.0000000 0.0000635
5000.0000000 0.0000634
5050.0000000 0.0000634
5100.0000000 0.0000634
5150.0000000 0.0000634
5200.0000000 0.0000633
5250.0000000 0.0000633
5300.0000000 0.0000633
5350.0000000 0.0000633
5400.0000000 0.0000632
5450.0000000 0.0000632
5500.0000000 0.0000632
5550.0000000 0.0000632
5600.0000000 0.0000632
5650.0000000 0.0000631
5700.0000000 0.0000631
5750.0000000 0.0000631
5800.0000000 0.0000631
5850.0000000 0.0000630
5900.0000000 0.0000630
5950.0000000 0.0000630
6000.0000000 0.0000630
-1 -1
0.000000 1697.522375
-1 -1
0.000000 1.871582
-1 -1
0.000000 0.399417
1074.098000 0.399417
1104.098000 10.000000
-1 -1
65000.000000
0.000000 1544.090000
5.000000 1544.096400
10.000000 1544.125200
15.000000 1544.184500
20.000000 1544.239700
25.000000 1544.305800
30.000000 1544.382300
35.000000 1544.463900
40.000000 1544.535200
45.000000 1544.553900
50.000000 1544.541600
55.000000 1544.473900
60.000000 1544.281000
65.000000 1543.988700
70.000000 1543.591900
75.000000 1543.115200
80.000000 1542.560000
85.000000 1541.949400
90.000000 1541.324200
95.000000 1540.660600
100.000000 1539.983500
105.000000 1539.286800
110.000000 1538.589000
115.000000 1537.898400
120.000000 1537.186800
125.000000 1536.550000
130.000000 1535.856800
135.000000 1535.039400
140.000000 1534.173200
145.000000 1533.241900
150.000000 1532.160600
155.000000 1530.839700
160.000000 1529.543900
165.000000 1528.262600
170.000000 1526.973200
175.000000 1525.767700
180.000000 1524.629400
185.000000 1523.518700
190.000000 1522.342300
195.000000 1521.045800
200.000000 1519.701900
220.000000 1513.756800
240.000000 1509.065800
260.000000 1503.906100
280.000000 1500.254800
300.000000 1497.660600
320.000000 1495.781900
340.000000 1494.726800
360.000000 1493.231600
380.000000 1491.651000
400.000000 1490.370600
420.000000 1489.273900
440.000000 1488.609000
460.000000 1488.030600
480.000000 1487.498700
500.000000 1487.247700
550.000000 1486.908700
600.000000 1486.459400
650.000000 1485.626100
700.000000 1485.199400
750.000000 1485.010000
800.000000 1485.290600
850.000000 1485.417400
900.000000 1485.182300
950.000000 1485.075200
1000.000000 1484.945200
1050.000000 1484.804500
1100.000000 1484.858100
1150.000000 1484.886100
1200.000000 1484.687200
1250.000000 1484.733500
1300.000000 1485.102600
1350.000000 1485.298200
1400.000000 1485.692700
1450.000000 1486.136000
1500.000000 1486.524700
1550.000000 1486.944400
1600.000000 1487.552600
1650.000000 1488.022300
1700.000000 1488.490800
1750.000000 1488.973400
1800.000000 1489.484500
1850.000000 1489.967300
1900.000000 1490.368300
1950.000000 1491.072900
2000.000000 1491.671700
2050.000000 1492.158100
2100.000000 1492.745300
2150.000000 1493.480100
2200.000000 1494.120200
2250.000000 1494.826500
2300.000000 1495.507000
2350.000000 1496.177000
2400.000000 1496.959100
2450.000000 1497.672900
2500.000000 1498.397900
2550.000000 1499.119400
2600.000000 1499.872000
2650.000000 1500.608300
2700.000000 1501.433000
2750.000000 1502.271700
2800.000000 1503.060200
2850.000000 1503.881600
2900.000000 1504.706400
2950.000000 1505.487700
3000.000000 1506.303900
3050.000000 1507.120600
3100.000000 1507.921700
3150.000000 1508.768800
3200.000000 1509.596800
3250.000000 1510.451700
3300.000000 1511.326000
3350.000000 1512.158300
3400.000000 1513.012600
3450.000000 1513.846900
3500.000000 1514.700900
3550.000000 1515.556200
3600.000000 1516.406700
3650.000000 1517.255100
3700.000000 1518.137000
3750.000000 1519.006100
3800.000000 1519.878300
3850.000000 1520.746600
3900.000000 1521.632900
3950.000000 1522.488000
4000.000000 1523.337200
4050.000000 1524.228100
4100.000000 1525.115900
4150.000000 1526.008600
4200.000000 1526.898400
4250.000000 1527.792600
4300.000000 1528.699700
4350.000000 1529.601900
4400.000000 1530.516800
4450.000000 1531.427500
4500.000000 1532.342900
4550.000000 1533.259900
4600.000000 1534.151500
4650.000000 1535.116300
4700.000000 1536.037900
4750.000000 1536.959600
4800.000000 1537.881200
4850.000000 1538.802800
4900.000000 1539.724400
4950.000000 1540.646000
5000.000000 1541.567600
5050.000000 1542.489300
5100.000000 1543.410900
5150.000000 1544.332500
5200.000000 1545.254100
5250.000000 1546.175700
5300.000000 1547.097400
5350.000000 1548.019000
5400.000000 1548.940600
5450.000000 1549.862200
5500.000000 1550.783800
5550.000000 1551.705400
5600.000000 1552.627100
5650.000000 1553.548700
5700.000000 1554.470300
5750.000000 1555.391900
5800.000000 1556.313500
5850.000000 1557.235100
5900.000000 1558.156800
5950.000000 1559.078400
6000.000000 1560.000000
-1 -1
0.0000000 0.0000401
5.0000000 0.0000401
10.0000000 0.0000401
15.0000000 0.0000401
20.0000000 0.0000401
25.0000000 0.0000401
30.0000000 0.0000401
35.0000000 0.0000401
40.0000000 0.0000401
45.0000000 0.0000402
50.0000000 0.0000403
55.0000000 0.0000406
60.0000000 0.0000413
65.0000000 0.0000418
70.0000000 0.0000419
75.0000000 0.0000421
80.0000000 0.0000424
85.0000000 0.0000426
90.0000000 0.0000431
95.0000000 0.0000433
100.0000000 0.0000436
105.0000000 0.0000439
110.0000000 0.0000442
115.0000000 0.0000444
120.0000000 0.0000447
125.0000000 0.0000451
130.0000000 0.0000456
135.0000000 0.0000461
140.0000000 0.0000463
145.0000000 0.0000469
150.0000000 0.0000481
155.0000000 0.0000490
160.0000000 0.0000494
165.0000000 0.0000496
170.0000000 0.0000498
175.0000000 0.0000506
180.0000000 0.0000514
185.0000000 0.0000517
190.0000000 0.0000524
195.0000000 0.0000538
200.0000000 0.0000554
220.0000000 0.0000581
240.0000000 0.0000599
260.0000000 0.0000619
280.0000000 0.0000621
300.0000000 0.0000620
320.0000000 0.0000615
340.0000000 0.0000612
360.0000000 0.0000603
380.0000000 0.0000594
400.0000000 0.0000587
420.0000000 0.0000576
440.0000000 0.0000569
460.0000000 0.0000561
480.0000000 0.0000554
500.0000000 0.0000549
550.0000000 0.0000529
600.0000000 0.0000507
650.0000000 0.0000485
700.0000000 0.0000464
750.0000000 0.0000445
800.0000000 0.0000425
850.0000000 0.0000408
900.0000000 0.0000392
950.0000000 0.0000376
1000.0000000 0.0000360
1050.0000000 0.0000368
1100.0000000 0.0000377
1150.0000000 0.0000385
1200.0000000 0.0000394
1250.0000000 0.0000403
1300.0000000 0.0000411
1350.0000000 0.0000420
1400.0000000 0.0000429
1450.0000000 0.0000438
1500.0000000 0.0000447
1550.0000000 0.0000456
1600.0000000 0.0000465
1650.0000000 0.0000475
1700.0000000 0.0000485
1750.0000000 0.0000495
1800.0000000 0.0000505
1850.0000000 0.0000516
1900.0000000 0.0000527
1950.0000000 0.0000538
2000.0000000 0.0000549
2050.0000000 0.0000553
2100.0000000 0.0000556
2150.0000000 0.0000559
2200.0000000 0.0000562
2250.0000000 0.0000565
2300.0000000 0.0000568
2350.0000000 0.0000571
2400.0000000 0.0000574
2450.0000000 0.0000577
2500.0000000 0.0000581
2550.0000000 0.0000584
2600.0000000 0.0000587
2650.0000000 0.0000590
2700.0000000 0.0000593
2750.0000000 0.0000596
2800.0000000 0.0000599
2850.0000000 0.0000602
2900.0000000 0.0000605
2950.0000000 0.0000608
3000.0000000 0.0000611
3050.0000000 0.0000614
3100.0000000 0.0000618
3150.0000000 0.0000621
3200.0000000 0.0000624
3250.0000000 0.0000627
3300.0000000 0.0000630
3350.0000000 0.0000634
3400.0000000 0.0000637
3450.0000000 0.0000640
3500.0000000 0.0000643
3550.0000000 0.0000643
3600.0000000 0.0000643
3650.0000000 0.0000643
3700.0000000 0.0000642
3750.0000000 0.0000642
3800.0000000 0.0000642
3850.0000000 0.0000641
3900.0000000 0.0000641
3950.0000000 0.0000641
4000.0000000 0.0000641
4050.0000000 0.0000640
4100.0000000 0.0000640
4150.0000000 0.0000640
4200.0000000 0.0000639
4250.0000000 0.0000639
4300.0000000 0.0000639
4350.0000000 0.0000638
4400.0000000 0.0000638
4450.0000000 0.0000638
4500.0000000 0.0000637
4550.0000000 0.0000637
4600.0000000 0.0000637
4650.0000000 0.0000636
4700.0000000 0.0000636
4750.0000000 0.0000636
4800.0000000 0.0000635
4850.0000000 0.0000635
4900.0000000 0.0000635
4950.0000000 0.0000635
5000.0000000 0.0000634
5050.0000000 0.0000634
5100.0000000 0.0000634
5150.0000000 0.0000634
5200.0000000 0.0000633
5250.0000000 0.0000633
5300.0000000 0.0000633
5350.0000000 0.0000633
5400.0000000 0.0000632
5450.0000000 0.0000632
5500.0000000 0.0000632
5550.0000000 0.0000632
5600.0000000 0.0000632
5650.0000000 0.0000631
5700.0000000 0.0000631
5750.0000000 0.0000631
5800.0000000 0.0000631
5850.0000000 0.0000630
5900.0000000 0.0000630
5950.0000000 0.0000630
6000.0000000 0.0000630
-1 -1
0.000000 1699.039470
-1 -1
0.000000 1.871582
-1 -1
0.000000 0.399774
1074.098000 0.399774
1104.098000 10.000000
-1 -1
66000.000000
0.000000 1544.090000
5.000000 1544.096400
10.000000 1544.125200
15.000000 1544.184500
20.000000 1544.239700
25.000000 1544.305800
30.000000 1544.382300
35.000000 1544.463900
40.000000 1544.535200
45.000000 1544.553900
50.000000 1544.541600
55.000000 1544.473900
60.000000 1544.281000
65.000000 1543.988700
70.000000 1543.591900
75.000000 1543.115200
80.000000 1542.560000
85.000000 1541.949400
90.000000 1541.324200
95.000000 1540.660600
100.000000 1539.983500
105.000000 1539.286800
110.000000 1538.589000
115.000000 1537.898400
120.000000 1537.186800
125.000000 1536.550000
130.000000 1535.856800
135.000000 1535.039400
140.000000 1534.173200
145.000000 1533.241900
150.000000 1532.160600
155.000000 1530.839700
160.000000 1529.543900
165.000000 1528.262600
170.000000 1526.973200
175.000000 1525.767700
180.000000 1524.629400
185.000000 1523.518700
190.000000 1522.342300
195.000000 1521.045800
200.000000 1519.701900
220.000000 1513.756800
240.000000 1509.065800
260.000000 1503.906100
280.000000 1500.254800
300.000000 1497.660600
320.000000 1495.781900
340.000000 1494.726800
360.000000 1493.231600
380.000000 1491.651000
400.000000 1490.370600
420.000000 1489.273900
440.000000 1488.609000
460.000000 1488.030600
480.000000 1487.498700
500.000000 1487.247700
550.000000 1486.908700
600.000000 1486.459400
650.000000 1485.626100
700.000000 1485.199400
750.000000 1485.010000
800.000000 1485.290600
850.000000 1485.417400
900.000000 1485.182300
950.000000 1485.075200
1000.000000 1484.945200
1050.000000 1484.804500
1100.000000 1484.858100
1150.000000 1484.886100
1200.000000 1484.687200
1250.000000 1484.733500
1300.000000 1485.102600
1350.000000 1485.298200
1400.000000 1485.692700
1450.000000 1486.136000
1500.000000 1486.524700
1550.000000 1486.944400
1600.000000 1487.552600
1650.000000 1488.022300
1700.000000 1488.490800
1750.000000 1488.973400
1800.000000 1489.484500
1850.000000 1489.967300
1900.000000 1490.368300
1950.000000 1491.072900
2000.000000 1491.671700
2050.000000 1492.158100
2100.000000 1492.745300
2150.000000 1493.480100
2200.000000 1494.120200
2250.000000 1494.826500
2300.000000 1495.507000
2350.000000 1496.177000
2400.000000 1496.959100
2450.000000 1497.672900
2500.000000 1498.397900
2550.000000 1499.119400
2600.000000 1499.872000
2650.000000 1500.608300
2700.000000 1501.433000
2750.000000 1502.271700
2800.000000 1503.060200
2850.000000 1503.881600
2900.000000 1504.706400
2950.000000 1505.487700
3000.000000 1506.303900
3050.000000 1507.120600
3100.000000 1507.921700
3150.000000 1508.768800
3200.000000 1509.596800
3250.000000 1510.451700
3300.000000 1511.326000
3350.000000 1512.158300
3400.000000 1513.012600
3450.000000 1513.846900
3500.000000 1514.700900
3550.000000 1515.556200
3600.000000 1516.406700
3650.000000 1517.255100
3700.000000 1518.137000
3750.000000 1519.006100
3800.000000 1519.878300
3850.000000 1520.746600
3900.000000 1521.632900
3950.000000 1522.488000
4000.000000 1523.337200
4050.000000 1524.228100
4100.000000 1525.115900
4150.000000 1526.008600
4200.000000 1526.898400
4250.000000 1527.792600
4300.000000 1528.699700
4350.000000 1529.601900
4400.000000 1530.516800
4450.000000 1531.427500
4500.000000 1532.342900
4550.000000 1533.259900
4600.000000 1534.151500
4650.000000 1535.116300
4700.000000 1536.037900
4750.000000 1536.959600
4800.000000 1537.881200
4850.000000 1538.802800
4900.000000 1539.724400
4950.000000 1540.646000
5000.000000 1541.567600
5050.000000 1542.489300
5100.000000 1543.410900
5150.000000 1544.332500
5200.000000 1545.254100
5250.000000 1546.175700
5300.000000 1547.097400
5350.000000 1548.019000
5400.000000 1548.940600
5450.000000 1549.862200
5500.000000 1550.783800
5550.000000 1551.705400
5600.000000 1552.627100
5650.000000 1553.548700
5700.000000 1554.470300
5750.000000 1555.391900
5800.000000 1556.313500
5850.000000 1557.235100
5900.000000 1558.156800
5950.000000 1559.078400
6000.000000 1560.000000
-1 -1
0.0000000 0.0000401
5.0000000 0.0000401
10.0000000 0.0000401
15.0000000 0.0000401
20.0000000 0.0000401
25.0000000 0.0000401
30.0000000 0.0000401
35.0000000 0.0000401
40.0000000 0.0000401
45.0000000 0.0000402
50.0000000 0.0000403
55.0000000 0.0000406
60.0000000 0.0000413
65.0000000 0.0000418
70.0000000 0.0000419
75.0000000 0.0000421
80.0000000 0.0000424
85.0000000 0.0000426
90.0000000 0.0000431
95.0000000 0.0000433
100.0000000 0.0000436
105.0000000 0.0000439
110.0000000 0.0000442
115.0000000 0.0000444
120.0000000 0.0000447
125.0000000 0.0000451
130.0000000 0.0000456
135.0000000 0.0000461
140.0000000 0.0000463
145.0000000 0.0000469
150.0000000 0.0000481
155.0000000 0.0000490
160.0000000 0.0000494
165.0000000 0.0000496
170.0000000 0.0000498
175.0000000 0.0000506
180.0000000 0.0000514
185.0000000 0.0000517
190.0000000 0.0000524
195.0000000 0.0000538
200.0000000 0.0000554
220.0000000 0.0000581
240.0000000 0.0000599
260.0000000 0.0000619
280.0000000 0.0000621
300.0000000 0.0000620
320.0000000 0.0000615
340.0000000 0.0000612
360.0000000 0.0000603
380.0000000 0.0000594
400.0000000 0.0000587
420.0000000 0.0000576
440.0000000 0.0000569
460.0000000 0.0000561
480.0000000 0.0000554
500.0000000 0.0000549
550.0000000 0.0000529
600.0000000 0.0000507
650.0000000 0.0000485
700.0000000 0.0000464
750.0000000 0.0000445
800.0000000 0.0000425
850.0000000 0.0000408
900.0000000 0.0000392
950.0000000 0.0000376
1000.0000000 0.0000360
1050.0000000 0.0000368
1100.0000000 0.0000377
1150.0000000 0.0000385
1200.0000000 0.0000394
1250.0000000 0.0000403
1300.0000000 0.0000411
1350.0000000 0.0000420
1400.0000000 0.0000429
1450.0000000 0.0000438
1500.0000000 0.0000447
1550.0000000 0.0000456
1600.0000000 0.0000465
1650.0000000 0.0000475
1700.0000000 0.0000485
1750.0000000 0.0000495
1800.0000000 0.0000505
1850.0000000 0.0000516
1900.0000000 0.0000527
1950.0000000 0.0000538
2000.0000000 0.0000549
2050.0000000 0.0000553
2100.0000000 0.0000556
2150.0000000 0.0000559
2200.0000000 0.0000562
2250.0000000 0.0000565
2300.0000000 0.0000568
2350.0000000 0.0000571
2400.0000000 0.0000574
2450.0000000 0.0000577
2500.0000000 0.0000581
2550.0000000 0.0000584
2600.0000000 0.0000587
2650.0000000 0.0000590
2700.0000000 0.0000593
2750.0000000 0.0000596
2800.0000000 0.0000599
2850.0000000 0.0000602
2900.0000000 0.0000605
2950.0000000 0.0000608
3000.0000000 0.0000611
3050.0000000 0.0000614
3100.0000000 0.0000618
3150.0000000 0.0000621
3200.0000000 0.0000624
3250.0000000 0.0000627
3300.0000000 0.0000630
3350.0000000 0.0000634
3400.0000000 0.0000637
3450.0000000 0.0000640
3500.0000000 0.0000643
3550.0000000 0.0000643
3600.0000000 0.0000643
3650.0000000 0.0000643
3700.0000000 0.0000642
3750.0000000 0.0000642
3800.0000000 0.0000642
3850.0000000 0.0000641
3900.0000000 0.0000641
3950.0000000 0.0000641
4000.0000000 0.0000641
4050.0000000 0.0000640
4100.0000000 0.0000640
4150.0000000 0.0000640
4200.0000000 0.0000639
4250.0000000 0.0000639
4300.0000000 0.0000639
4350.0000000 0.0000638
4400.0000000 0.0000638
4450.0000000 0.0000638
4500.0000000 0.0000637
4550.0000000 0.0000637
4600.0000000 0.0000637
4650.0000000 0.0000636
4700.0000000 0.0000636
4750.0000000 0.0000636
4800.0000000 0.0000635
4850.0000000 0.0000635
4900.0000000 0.0000635
4950.0000000 0.0000635
5000.0000000 0.0000634
5050.0000000 0.0000634
5100.0000000 0.0000634
5150.0000000 0.0000634
5200.0000000 0.0000633
5250.0000000 0.0000633
5300.0000000 0.0000633
5350.0000000 0.0000633
5400.0000000 0.0000632
5450.0000000 0.0000632
5500.0000000 0.0000632
5550.0000000 0.0000632
5600.0000000 0.0000632
5650.0000000 0.0000631
5700.0000000 0.0000631
5750.0000000 0.0000631
5800.0000000 0.0000631
5850.0000000 0.0000630
5900.0000000 0.0000630
5950.0000000 0.0000630
6000.0000000 0.0000630
-1 -1
0.000000 1699.206530
-1 -1
0.000000 1.871582
-1 -1
0.000000 0.399813
1074.098000 0.399813
1104.098000 10.000000
-1 -1
67000.000000
0.000000 1544.090000
5.000000 1544.096400
10.000000 1544.125200
15.000000 1544.184500
20.000000 1544.239700
25.000000 1544.305800
30.000000 1544.382300
35.000000 1544.463900
40.000000 1544.535200
45.000000 1544.553900
50.000000 1544.541600
55.000000 1544.473900
60.000000 1544.281000
65.000000 1543.988700
70.000000 1543.591900
75.000000 1543.115200
80.000000 1542.560000
85.000000 1541.949400
90.000000 1541.324200
95.000000 1540.660600
100.000000 1539.983500
105.000000 1539.286800
110.000000 1538.589000
115.000000 1537.898400
120.000000 1537.186800
125.000000 1536.550000
130.000000 1535.856800
135.000000 1535.039400
140.000000 1534.173200
145.000000 1533.241900
150.000000 1532.160600
155.000000 1530.839700
160.000000 1529.543900
165.000000 1528.262600
170.000000 1526.973200
175.000000 1525.767700
180.000000 1524.629400
185.000000 1523.518700
190.000000 1522.342300
195.000000 1521.045800
200.000000 1519.701900
220.000000 1513.756800
240.000000 1509.065800
260.000000 1503.906100
280.000000 1500.254800
300.000000 1497.660600
320.000000 1495.781900
340.000000 1494.726800
360.000000 1493.231600
380.000000 1491.651000
400.000000 1490.370600
420.000000 1489.273900
440.000000 1488.609000
460.000000 1488.030600
480.000000 1487.498700
500.000000 1487.247700
550.000000 1486.908700
600.000000 1486.459400
650.000000 1485.626100
700.000000 1485.199400
750.000000 1485.010000
800.000000 1485.290600
850.000000 1485.417400
900.000000 1485.182300
950.000000 1485.075200
1000.000000 1484.945200
1050.000000 1484.804500
1100.000000 1484.858100
1150.000000 1484.886100
1200.000000 1484.687200
1250.000000 1484.733500
1300.000000 1485.102600
1350.000000 1485.298200
1400.000000 1485.692700
1450.000000 1486.136000
1500.000000 1486.524700
1550.000000 1486.944400
1600.000000 1487.552600
1650.000000 1488.022300
1700.000000 1488.490800
1750.000000 1488.973400
1800.000000 1489.484500
1850.000000 1489.967300
1900.000000 1490.368300
1950.000000 1491.072900
2000.000000 1491.671700
2050.000000 1492.158100
2100.000000 1492.745300
2150.000000 1493.480100
2200.000000 1494.120200
2250.000000 1494.826500
2300.000000 1495.507000
2350.000000 1496.177000
2400.000000 1496.959100
2450.000000 1497.672900
2500.000000 1498.397900
2550.000000 1499.119400
2600.000000 1499.872000
2650.000000 1500.608300
2700.000000 1501.433000
2750.000000 1502.271700
2800.000000 1503.060200
2850.000000 1503.881600
2900.000000 1504.706400
2950.000000 1505.487700
3000.000000 1506.303900
3050.000000 1507.120600
3100.000000 1507.921700
3150.000000 1508.768800
3200.000000 1509.596800
3250.000000 1510.451700
3300.000000 1511.326000
3350.000000 1512.158300
3400.000000 1513.012600
3450.000000 1513.846900
3500.000000 1514.700900
3550.000000 1515.556200
3600.000000 1516.406700
3650.000000 1517.255100
3700.000000 1518.137000
3750.000000 1519.006100
3800.000000 1519.878300
3850.000000 1520.746600
3900.000000 1521.632900
3950.000000 1522.488000
4000.000000 1523.337200
4050.000000 1524.228100
4100.000000 1525.115900
4150.000000 1526.008600
4200.000000 1526.898400
4250.000000 1527.792600
4300.000000 1528.699700
4350.000000 1529.601900
4400.000000 1530.516800
4450.000000 1531.427500
4500.000000 1532.342900
4550.000000 1533.259900
4600.000000 1534.151500
4650.000000 1535.116300
4700.000000 1536.037900
4750.000000 1536.959600
4800.000000 1537.881200
4850.000000 1538.802800
4900.000000 1539.724400
4950.000000 1540.646000
5000.000000 1541.567600
5050.000000 1542.489300
5100.000000 1543.410900
5150.000000 1544.332500
5200.000000 1545.254100
5250.000000 1546.175700
5300.000000 1547.097400
5350.000000 1548.019000
5400.000000 1548.940600
5450.000000 1549.862200
5500.000000 1550.783800
5550.000000 1551.705400
5600.000000 1552.627100
5650.000000 1553.548700
5700.000000 1554.470300
5750.000000 1555.391900
5800.000000 1556.313500
5850.000000 1557.235100
5900.000000 1558.156800
5950.000000 1559.078400
6000.000000 1560.000000
-1 -1
0.0000000 0.0000401
5.0000000 0.0000401
10.0000000 0.0000401
15.0000000 0.0000401
20.0000000 0.0000401
25.0000000 0.0000401
30.0000000 0.0000401
35.0000000 0.0000401
40.0000000 0.0000401
45.0000000 0.0000402
50.0000000 0.0000403
55.0000000 0.0000406
60.0000000 0.0000413
65.0000000 0.0000418
70.0000000 0.0000419
75.0000000 0.0000421
80.0000000 0.0000424
85.0000000 0.0000426
90.0000000 0.0000431
95.0000000 0.0000433
100.0000000 0.0000436
105.0000000 0.0000439
110.0000000 0.0000442
115.0000000 0.0000444
120.0000000 0.0000447
125.0000000 0.0000451
130.0000000 0.0000456
135.0000000 0.0000461
140.0000000 0.0000463
145.0000000 0.0000469
150.0000000 0.0000481
155.0000000 0.0000490
160.0000000 0.0000494
165.0000000 0.0000496
170.0000000 0.0000498
175.0000000 0.0000506
180.0000000 0.0000514
185.0000000 0.0000517
190.0000000 0.0000524
195.0000000 0.0000538
200.0000000 0.0000554
220.0000000 0.0000581
240.0000000 0.0000599
260.0000000 0.0000619
280.0000000 0.0000621
300.0000000 0.0000620
320.0000000 0.0000615
340.0000000 0.0000612
360.0000000 0.0000603
380.0000000 0.0000594
400.0000000 0.0000587
420.0000000 0.0000576
440.0000000 0.0000569
460.0000000 0.0000561
480.0000000 0.0000554
500.0000000 0.0000549
550.0000000 0.0000529
600.0000000 0.0000507
650.0000000 0.0000485
700.0000000 0.0000464
750.0000000 0.0000445
800.0000000 0.0000425
850.0000000 0.0000408
900.0000000 0.0000392
950.0000000 0.0000376
1000.0000000 0.0000360
1050.0000000 0.0000368
1100.0000000 0.0000377
1150.0000000 0.0000385
1200.0000000 0.0000394
1250.0000000 0.0000403
1300.0000000 0.0000411
1350.0000000 0.0000420
1400.0000000 0.0000429
1450.0000000 0.0000438
1500.0000000 0.0000447
1550.0000000 0.0000456
1600.0000000 0.0000465
1650.0000000 0.0000475
1700.0000000 0.0000485
1750.0000000 0.0000495
1800.0000000 0.0000505
1850.0000000 0.0000516
1900.0000000 0.0000527
1950.0000000 0.0000538
2000.0000000 0.0000549
2050.0000000 0.0000553
2100.0000000 0.0000556
2150.0000000 0.0000559
2200.0000000 0.0000562
2250.0000000 0.0000565
2300.0000000 0.0000568
2350.0000000 0.0000571
2400.0000000 0.0000574
2450.0000000 0.0000577
2500.0000000 0.0000581
2550.0000000 0.0000584
2600.0000000 0.0000587
2650.0000000 0.0000590
2700.0000000 0.0000593
2750.0000000 0.0000596
2800.0000000 0.0000599
2850.0000000 0.0000602
2900.0000000 0.0000605
2950.0000000 0.0000608
3000.0000000 0.0000611
3050.0000000 0.0000614
3100.0000000 0.0000618
3150.0000000 0.0000621
3200.0000000 0.0000624
3250.0000000 0.0000627
3300.0000000 0.0000630
3350.0000000 0.0000634
3400.0000000 0.0000637
3450.0000000 0.0000640
3500.0000000 0.0000643
3550.0000000 0.0000643
3600.0000000 0.0000643
3650.0000000 0.0000643
3700.0000000 0.0000642
3750.0000000 0.0000642
3800.0000000 0.0000642
3850.0000000 0.0000641
3900.0000000 0.0000641
3950.0000000 0.0000641
4000.0000000 0.0000641
4050.0000000 0.0000640
4100.0000000 0.0000640
4150.0000000 0.0000640
4200.0000000 0.0000639
4250.0000000 0.0000639
4300.0000000 0.0000639
4350.0000000 0.0000638
4400.0000000 0.0000638
4450.0000000 0.0000638
4500.0000000 0.0000637
4550.0000000 0.0000637
4600.0000000 0.0000637
4650.0000000 0.0000636
4700.0000000 0.0000636
4750.0000000 0.0000636
4800.0000000 0.0000635
4850.0000000 0.0000635
4900.0000000 0.0000635
4950.0000000 0.0000635
5000.0000000 0.0000634
5050.0000000 0.0000634
5100.0000000 0.0000634
5150.0000000 0.0000634
5200.0000000 0.0000633
5250.0000000 0.0000633
5300.0000000 0.0000633
5350.0000000 0.0000633
5400.0000000 0.0000632
5450.0000000 0.0000632
5500.0000000 0.0000632
5550.0000000 0.0000632
5600.0000000 0.0000632
5650.0000000 0.0000631
5700.0000000 0.0000631
5750.0000000 0.0000631
5800.0000000 0.0000631
5850.0000000 0.0000630
5900.0000000 0.0000630
5950.0000000 0.0000630
6000.0000000 0.0000630
-1 -1
0.000000 1699.906922
-1 -1
0.000000 1.871582
-1 -1
0.000000 0.399978
1074.098000 0.399978
1104.098000 10.000000
-1 -1
68000.000000
0.000000 1544.090000
5.000000 1544.096400
10.000000 1544.125200
15.000000 1544.184500
20.000000 1544.239700
25.000000 1544.305800
30.000000 1544.382300
35.000000 1544.463900
40.000000 1544.535200
45.000000 1544.553900
50.000000 1544.541600
55.000000 1544.473900
60.000000 1544.281000
65.000000 1543.988700
70.000000 1543.591900
75.000000 1543.115200
80.000000 1542.560000
85.000000 1541.949400
90.000000 1541.324200
95.000000 1540.660600
100.000000 1539.983500
105.000000 1539.286800
110.000000 1538.589000
115.000000 1537.898400
120.000000 1537.186800
125.000000 1536.550000
130.000000 1535.856800
135.000000 1535.039400
140.000000 1534.173200
145.000000 1533.241900
150.000000 1532.160600
155.000000 1530.839700
160.000000 1529.543900
165.000000 1528.262600
170.000000 1526.973200
175.000000 1525.767700
180.000000 1524.629400
185.000000 1523.518700
190.000000 1522.342300
195.000000 1521.045800
200.000000 1519.701900
220.000000 1513.756800
240.000000 1509.065800
260.000000 1503.906100
280.000000 1500.254800
300.000000 1497.660600
320.000000 1495.781900
340.000000 1494.726800
360.000000 1493.231600
380.000000 1491.651000
400.000000 1490.370600
420.000000 1489.273900
440.000000 1488.609000
460.000000 1488.030600
480.000000 1487.498700
500.000000 1487.247700
550.000000 1486.908700
600.000000 1486.459400
650.000000 1485.626100
700.000000 1485.199400
750.000000 1485.010000
800.000000 1485.290600
850.000000 1485.417400
900.000000 1485.182300
950.000000 1485.075200
1000.000000 1484.945200
1050.000000 1484.804500
1100.000000 1484.858100
1150.000000 1484.886100
1200.000000 1484.687200
1250.000000 1484.733500
1300.000000 1485.102600
1350.000000 1485.298200
1400.000000 1485.692700
1450.000000 1486.136000
1500.000000 1486.524700
1550.000000 1486.944400
1600.000000 1487.552600
1650.000000 1488.022300
1700.000000 1488.490800
1750.000000 1488.973400
1800.000000 1489.484500
1850.000000 1489.967300
1900.000000 1490.368300
1950.000000 1491.072900
2000.000000 1491.671700
2050.000000 1492.158100
2100.000000 1492.745300
2150.000000 1493.480100
2200.000000 1494.120200
2250.000000 1494.826500
2300.000000 1495.507000
2350.000000 1496.177000
2400.000000 1496.959100
2450.000000 1497.672900
2500.000000 1498.397900
2550.000000 1499.119400
2600.000000 1499.872000
2650.000000 1500.608300
2700.000000 1501.433000
2750.000000 1502.271700
2800.000000 1503.060200
2850.000000 1503.881600
2900.000000 1504.706400
2950.000000 1505.487700
3000.000000 1506.303900
3050.000000 1507.120600
3100.000000 1507.921700
3150.000000 1508.768800
3200.000000 1509.596800
3250.000000 1510.451700
3300.000000 1511.326000
3350.000000 1512.158300
3400.000000 1513.012600
3450.000000 1513.846900
3500.000000 1514.700900
3550.000000 1515.556200
3600.000000 1516.406700
3650.000000 1517.255100
3700.000000 1518.137000
3750.000000 1519.006100
3800.000000 1519.878300
3850.000000 1520.746600
3900.000000 1521.632900
3950.000000 1522.488000
4000.000000 1523.337200
4050.000000 1524.228100
4100.000000 1525.115900
4150.000000 1526.008600
4200.000000 1526.898400
4250.000000 1527.792600
4300.000000 1528.699700
4350.000000 1529.601900
4400.000000 1530.516800
4450.000000 1531.427500
4500.000000 1532.342900
4550.000000 1533.259900
4600.000000 1534.151500
4650.000000 1535.116300
4700.000000 1536.037900
4750.000000 1536.959600
4800.000000 1537.881200
4850.000000 1538.802800
4900.000000 1539.724400
4950.000000 1540.646000
5000.000000 1541.567600
5050.000000 1542.489300
5100.000000 1543.410900
5150.000000 1544.332500
5200.000000 1545.254100
5250.000000 1546.175700
5300.000000 1547.097400
5350.000000 1548.019000
5400.000000 1548.940600
5450.000000 1549.862200
5500.000000 1550.783800
5550.000000 1551.705400
5600.000000 1552.627100
5650.000000 1553.548700
5700.000000 1554.470300
5750.000000 1555.391900
5800.000000 1556.313500
5850.000000 1557.235100
5900.000000 1558.156800
5950.000000 1559.078400
6000.000000 1560.000000
-1 -1
0.0000000 0.0000401
5.0000000 0.0000401
10.0000000 0.0000401
15.0000000 0.0000401
20.0000000 0.0000401
25.0000000 0.0000401
30.0000000 0.0000401
35.0000000 0.0000401
40.0000000 0.0000401
45.0000000 0.0000402
50.0000000 0.0000403
55.0000000 0.0000406
60.0000000 0.0000413
65.0000000 0.0000418
70.0000000 0.0000419
75.0000000 0.0000421
80.0000000 0.0000424
85.0000000 0.0000426
90.0000000 0.0000431
95.0000000 0.0000433
100.0000000 0.0000436
105.0000000 0.0000439
110.0000000 0.0000442
115.0000000 0.0000444
120.0000000 0.0000447
125.0000000 0.0000451
130.0000000 0.0000456
135.0000000 0.0000461
140.0000000 0.0000463
145.0000000 0.0000469
150.0000000 0.0000481
155.0000000 0.0000490
160.0000000 0.0000494
165.0000000 0.0000496
170.0000000 0.0000498
175.0000000 0.0000506
180.0000000 0.0000514
185.0000000 0.0000517
190.0000000 0.0000524
195.0000000 0.0000538
200.0000000 0.0000554
220.0000000 0.0000581
240.0000000 0.0000599
260.0000000 0.0000619
280.0000000 0.0000621
300.0000000 0.0000620
320.0000000 0.0000615
340.0000000 0.0000612
360.0000000 0.0000603
380.0000000 0.0000594
400.0000000 0.0000587
420.0000000 0.0000576
440.0000000 0.0000569
460.0000000 0.0000561
480.0000000 0.0000554
500.0000000 0.0000549
550.0000000 0.0000529
600.0000000 0.0000507
650.0000000 0.0000485
700.0000000 0.0000464
750.0000000 0.0000445
800.0000000 0.0000425
850.0000000 0.0000408
900.0000000 0.0000392
950.0000000 0.0000376
1000.0000000 0.0000360
1050.0000000 0.0000368
1100.0000000 0.0000377
1150.0000000 0.0000385
1200.0000000 0.0000394
1250.0000000 0.0000403
1300.0000000 0.0000411
1350.0000000 0.0000420
1400.0000000 0.0000429
1450.0000000 0.0000438
1500.0000000 0.0000447
1550.0000000 0.0000456
1600.0000000 0.0000465
1650.0000000 0.0000475
1700.0000000 0.0000485
1750.0000000 0.0000495
1800.0000000 0.0000505
1850.0000000 0.0000516
1900.0000000 0.0000527
1950.0000000 0.0000538
2000.0000000 0.0000549
2050.0000000 0.0000553
2100.0000000 0.0000556
2150.0000000 0.0000559
2200.0000000 0.0000562
2250.0000000 0.0000565
2300.0000000 0.0000568
2350.0000000 0.0000571
2400.0000000 0.0000574
2450.0000000 0.0000577
2500.0000000 0.0000581
2550.0000000 0.0000584
2600.0000000 0.0000587
2650.0000000 0.0000590
2700.0000000 0.0000593
2750.0000000 0.0000596
2800.0000000 0.0000599
2850.0000000 0.0000602
2900.0000000 0.0000605
2950.0000000 0.0000608
3000.0000000 0.0000611
3050.0000000 0.0000614
3100.0000000 0.0000618
3150.0000000 0.0000621
3200.0000000 0.0000624
3250.0000000 0.0000627
3300.0000000 0.0000630
3350.0000000 0.0000634
3400.0000000 0.0000637
3450.0000000 0.0000640
3500.0000000 0.0000643
3550.0000000 0.0000643
3600.0000000 0.0000643
3650.0000000 0.0000643
3700.0000000 0.0000642
3750.0000000 0.0000642
3800.0000000 0.0000642
3850.0000000 0.0000641
3900.0000000 0.0000641
3950.0000000 0.0000641
4000.0000000 0.0000641
4050.0000000 0.0000640
4100.0000000 0.0000640
4150.0000000 0.0000640
4200.0000000 0.0000639
4250.0000000 0.0000639
4300.0000000 0.0000639
4350.0000000 0.0000638
4400.0000000 0.0000638
4450.0000000 0.0000638
4500.0000000 0.0000637
4550.0000000 0.0000637
4600.0000000 0.0000637
4650.0000000 0.0000636
4700.0000000 0.0000636
4750.0000000 0.0000636
4800.0000000 0.0000635
4850.0000000 0.0000635
4900.0000000 0.0000635
4950.0000000 0.0000635
5000.0000000 0.0000634
5050.0000000 0.0000634
5100.0000000 0.0000634
5150.0000000 0.0000634
5200.0000000 0.0000633
5250.0000000 0.0000633
5300.0000000 0.0000633
5350.0000000 0.0000633
5400.0000000 0.0000632
5450.0000000 0.0000632
5500.0000000 0.0000632
5550.0000000 0.0000632
5600.0000000 0.0000632
5650.0000000 0.0000631
5700.0000000 0.0000631
5750.0000000 0.0000631
5800.0000000 0.0000631
5850.0000000 0.0000630
5900.0000000 0.0000630
5950.0000000 0.0000630
6000.0000000 0.0000630
-1 -1
0.000000 1699.360309
-1 -1
0.000000 1.871582
-1 -1
0.000000 0.399849
1074.098000 0.399849
1104.098000 10.000000
-1 -1
69000.000000
0.000000 1544.090000
5.000000 1544.096400
10.000000 1544.125200
15.000000 1544.184500
20.000000 1544.239700
25.000000 1544.305800
30.000000 1544.382300
35.000000 1544.463900
40.000000 1544.535200
45.000000 1544.553900
50.000000 1544.541600
55.000000 1544.473900
60.000000 1544.281000
65.000000 1543.988700
70.000000 1543.591900
75.000000 1543.115200
80.000000 1542.560000
85.000000 1541.949400
90.000000 1541.324200
95.000000 1540.660600
100.000000 1539.983500
105.000000 1539.286800
110.000000 1538.589000
115.000000 1537.898400
120.000000 1537.186800
125.000000 1536.550000
130.000000 1535.856800
135.000000 1535.039400
140.000000 1534.173200
145.000000 1533.241900
150.000000 1532.160600
155.000000 1530.839700
160.000000 1529.543900
165.000000 1528.262600
170.000000 1526.973200
175.000000 1525.767700
180.000000 1524.629400
185.000000 1523.518700
190.000000 1522.342300
195.000000 1521.045800
200.000000 1519.701900
220.000000 1513.756800
240.000000 1509.065800
260.000000 1503.906100
280.000000 1500.254800
300.000000 1497.660600
320.000000 1495.781900
340.000000 1494.726800
360.000000 1493.231600
380.000000 1491.651000
400.000000 1490.370600
420.000000 1489.273900
440.000000 1488.609000
460.000000 1488.030600
480.000000 1487.498700
500.000000 1487.247700
550.000000 1486.908700
600.000000 1486.459400
650.000000 1485.626100
700.000000 1485.199400
750.000000 1485.010000
800.000000 1485.290600
850.000000 1485.417400
900.000000 1485.182300
950.000000 1485.075200
1000.000000 1484.945200
1050.000000 1484.804500
1100.000000 1484.858100
1150.000000 1484.886100
1200.000000 1484.687200
1250.000000 1484.733500
1300.000000 1485.102600
1350.000000 1485.298200
1400.000000 1485.692700
1450.000000 1486.136000
1500.000000 1486.524700
1550.000000 1486.944400
1600.000000 1487.552600
1650.000000 1488.022300
1700.000000 1488.490800
1750.000000 1488.973400
1800.000000 1489.484500
1850.000000 1489.967300
1900.000000 1490.368300
1950.000000 1491.072900
2000.000000 1491.671700
2050.000000 1492.158100
2100.000000 1492.745300
2150.000000 1493.480100
2200.000000 1494.120200
2250.000000 1494.826500
2300.000000 1495.507000
2350.000000 1496.177000
2400.000000 1496.959100
2450.000000 1497.672900
2500.000000 1498.397900
2550.000000 1499.119400
2600.000000 1499.872000
2650.000000 1500.608300
2700.000000 1501.433000
2750.000000 1502.271700
2800.000000 1503.060200
2850.000000 1503.881600
2900.000000 1504.706400
2950.000000 1505.487700
3000.000000 1506.303900
3050.000000 1507.120600
3100.000000 1507.921700
3150.000000 1508.768800
3200.000000 1509.596800
3250.000000 1510.451700
3300.000000 1511.326000
3350.000000 1512.158300
3400.000000 1513.012600
3450.000000 1513.846900
3500.000000 1514.700900
3550.000000 1515.556200
3600.000000 1516.406700
3650.000000 1517.255100
3700.000000 1518.137000
3750.000000 1519.006100
3800.000000 1519.878300
3850.000000 1520.746600
3900.000000 1521.632900
3950.000000 1522.488000
4000.000000 1523.337200
4050.000000 1524.228100
4100.000000 1525.115900
4150.000000 1526.008600
4200.000000 1526.898400
4250.000000 1527.792600
4300.000000 1528.699700
4350.000000 1529.601900
4400.000000 1530.516800
4450.000000 1531.427500
4500.000000 1532.342900
4550.000000 1533.259900
4600.000000 1534.151500
4650.000000 1535.116300
4700.000000 1536.037900
4750.000000 1536.959600
4800.000000 1537.881200
4850.000000 1538.802800
4900.000000 1539.724400
4950.000000 1540.646000
5000.000000 1541.567600
5050.000000 1542.489300
5100.000000 1543.410900
5150.000000 1544.332500
5200.000000 1545.254100
5250.000000 1546.175700
5300.000000 1547.097400
5350.000000 1548.019000
5400.000000 1548.940600
5450.000000 1549.862200
5500.000000 1550.783800
5550.000000 1551.705400
5600.000000 1552.627100
5650.000000 1553.548700
5700.000000 1554.470300
5750.000000 1555.391900
5800.000000 1556.313500
5850.000000 1557.235100
5900.000000 1558.156800
5950.000000 1559.078400
6000.000000 1560.000000
-1 -1
0.0000000 0.0000401
5.0000000 0.0000401
10.0000000 0.0000401
15.0000000 0.0000401
20.0000000 0.0000401
25.0000000 0.0000401
30.0000000 0.0000401
35.0000000 0.0000401
40.0000000 0.0000401
45.0000000 0.0000402
50.0000000 0.0000403
55.0000000 0.0000406
60.0000000 0.0000413
65.0000000 0.0000418
70.0000000 0.0000419
75.0000000 0.0000421
80.0000000 0.0000424
85.0000000 0.0000426
90.0000000 0.0000431
95.0000000 0.0000433
100.0000000 0.0000436
105.0000000 0.0000439
110.0000000 0.0000442
115.0000000 0.0000444
120.0000000 0.0000447
125.0000000 0.0000451
130.0000000 0.0000456
135.0000000 0.0000461
140.0000000 0.0000463
145.0000000 0.0000469
150.0000000 0.0000481
155.0000000 0.0000490
160.0000000 0.0000494
165.0000000 0.0000496
170.0000000 0.0000498
175.0000000 0.0000506
180.0000000 0.0000514
185.0000000 0.0000517
190.0000000 0.0000524
195.0000000 0.0000538
200.0000000 0.0000554
220.0000000 0.0000581
240.0000000 0.0000599
260.0000000 0.0000619
280.0000000 0.0000621
300.0000000 0.0000620
320.0000000 0.0000615
340.0000000 0.0000612
360.0000000 0.0000603
380.0000000 0.0000594
400.0000000 0.0000587
420.0000000 0.0000576
440.0000000 0.0000569
460.0000000 0.0000561
480.0000000 0.0000554
500.0000000 0.0000549
550.0000000 0.0000529
600.0000000 0.0000507
650.0000000 0.0000485
700.0000000 0.0000464
750.0000000 0.0000445
800.0000000 0.0000425
850.0000000 0.0000408
900.0000000 0.0000392
950.0000000 0.0000376
1000.0000000 0.0000360
1050.0000000 0.0000368
1100.0000000 0.0000377
1150.0000000 0.0000385
1200.0000000 0.0000394
1250.0000000 0.0000403
1300.0000000 0.0000411
1350.0000000 0.0000420
1400.0000000 0.0000429
1450.0000000 0.0000438
1500.0000000 0.0000447
1550.0000000 0.0000456
1600.0000000 0.0000465
1650.0000000 0.0000475
1700.0000000 0.0000485
1750.0000000 0.0000495
1800.0000000 0.0000505
1850.0000000 0.0000516
1900.0000000 0.0000527
1950.0000000 0.0000538
2000.0000000 0.0000549
2050.0000000 0.0000553
2100.0000000 0.0000556
2150.0000000 0.0000559
2200.0000000 0.0000562
2250.0000000 0.0000565
2300.0000000 0.0000568
2350.0000000 0.0000571
2400.0000000 0.0000574
2450.0000000 0.0000577
2500.0000000 0.0000581
2550.0000000 0.0000584
2600.0000000 0.0000587
2650.0000000 0.0000590
2700.0000000 0.0000593
2750.0000000 0.0000596
2800.0000000 0.0000599
2850.0000000 0.0000602
2900.0000000 0.0000605
2950.0000000 0.0000608
3000.0000000 0.0000611
3050.0000000 0.0000614
3100.0000000 0.0000618
3150.0000000 0.0000621
3200.0000000 0.0000624
3250.0000000 0.0000627
3300.0000000 0.0000630
3350.0000000 0.0000634
3400.0000000 0.0000637
3450.0000000 0.0000640
3500.0000000 0.0000643
3550.0000000 0.0000643
3600.0000000 0.0000643
3650.0000000 0.0000643
3700.0000000 0.0000642
3750.0000000 0.0000642
3800.0000000 0.0000642
3850.0000000 0.0000641
3900.0000000 0.0000641
3950.0000000 0.0000641
4000.0000000 0.0000641
4050.0000000 0.0000640
4100.0000000 0.0000640
4150.0000000 0.0000640
4200.0000000 0.0000639
4250.0000000 0.0000639
4300.0000000 0.0000639
4350.0000000 0.0000638
4400.0000000 0.0000638
4450.0000000 0.0000638
4500.0000000 0.0000637
4550.0000000 0.0000637
4600.0000000 0.0000637
4650.0000000 0.0000636
4700.0000000 0.0000636
4750.0000000 0.0000636
4800.0000000 0.0000635
4850.0000000 0.0000635
4900.0000000 0.0000635
4950.0000000 0.0000635
5000.0000000 0.0000634
5050.0000000 0.0000634
5100.0000000 0.0000634
5150.0000000 0.0000634
5200.0000000 0.0000633
5250.0000000 0.0000633
5300.0000000 0.0000633
5350.0000000 0.0000633
5400.0000000 0.0000632
5450.0000000 0.0000632
5500.0000000 0.0000632
5550.0000000 0.0000632
5600.0000000 0.0000632
5650.0000000 0.0000631
5700.0000000 0.0000631
5750.0000000 0.0000631
5800.0000000 0.0000631
5850.0000000 0.0000630
5900.0000000 0.0000630
5950.0000000 0.0000630
6000.0000000 0.0000630
-1 -1
0.000000 1699.361153
-1 -1
0.000000 1.871582
-1 -1
0.000000 0.399850
1074.098000 0.399850
1104.098000 10.000000
-1 -1
70000.000000
0.000000 1544.090000
5.000000 1544.096400
10.000000 1544.125200
15.000000 1544.184500
20.000000 1544.239700
25.000000 1544.305800
30.000000 1544.382300
35.000000 1544.463900
40.000000 1544.535200
45.000000 1544.553900
50.000000 1544.541600
55.000000 1544.473900
60.000000 1544.281000
65.000000 1543.988700
70.000000 1543.591900
75.000000 1543.115200
80.000000 1542.560000
85.000000 1541.949400
90.000000 1541.324200
95.000000 1540.660600
100.000000 1539.983500
105.000000 1539.286800
110.000000 1538.589000
115.000000 1537.898400
120.000000 1537.186800
125.000000 1536.550000
130.000000 1535.856800
135.000000 1535.039400
140.000000 1534.173200
145.000000 1533.241900
150.000000 1532.160600
155.000000 1530.839700
160.000000 1529.543900
165.000000 1528.262600
170.000000 1526.973200
175.000000 1525.767700
180.000000 1524.629400
185.000000 1523.518700
190.000000 1522.342300
195.000000 1521.045800
200.000000 1519.701900
220.000000 1513.756800
240.000000 1509.065800
260.000000 1503.906100
280.000000 1500.254800
300.000000 1497.660600
320.000000 1495.781900
340.000000 1494.726800
360.000000 1493.231600
380.000000 1491.651000
400.000000 1490.370600
420.000000 1489.273900
440.000000 1488.609000
460.000000 1488.030600
480.000000 1487.498700
500.000000 1487.247700
550.000000 1486.908700
600.000000 1486.459400
650.000000 1485.626100
700.000000 1485.199400
750.000000 1485.010000
800.000000 1485.290600
850.000000 1485.417400
900.000000 1485.182300
950.000000 1485.075200
1000.000000 1484.945200
1050.000000 1484.804500
1100.000000 1484.858100
1150.000000 1484.886100
1200.000000 1484.687200
1250.000000 1484.733500
1300.000000 1485.102600
1350.000000 1485.298200
1400.000000 1485.692700
1450.000000 1486.136000
1500.000000 1486.524700
1550.000000 1486.944400
1600.000000 1487.552600
1650.000000 1488.022300
1700.000000 1488.490800
1750.000000 1488.973400
1800.000000 1489.484500
1850.000000 1489.967300
1900.000000 1490.368300
1950.000000 1491.072900
2000.000000 1491.671700
2050.000000 1492.158100
2100.000000 1492.745300
2150.000000 1493.480100
2200.000000 1494.120200
2250.000000 1494.826500
2300.000000 1495.507000
2350.000000 1496.177000
2400.000000 1496.959100
2450.000000 1497.672900
2500.000000 1498.397900
2550.000000 1499.119400
2600.000000 1499.872000
2650.000000 1500.608300
2700.000000 1501.433000
2750.000000 1502.271700
2800.000000 1503.060200
2850.000000 1503.881600
2900.000000 1504.706400
2950.000000 1505.487700
3000.000000 1506.303900
3050.000000 1507.120600
3100.000000 1507.921700
3150.000000 1508.768800
3200.000000 1509.596800
3250.000000 1510.451700
3300.000000 1511.326000
3350.000000 1512.158300
3400.000000 1513.012600
3450.000000 1513.846900
3500.000000 1514.700900
3550.000000 1515.556200
3600.000000 1516.406700
3650.000000 1517.255100
3700.000000 1518.137000
3750.000000 1519.006100
3800.000000 1519.878300
3850.000000 1520.746600
3900.000000 1521.632900
3950.000000 1522.488000
4000.000000 1523.337200
4050.000000 1524.228100
4100.000000 1525.115900
4150.000000 1526.008600
4200.000000 1526.898400
4250.000000 1527.792600
4300.000000 1528.699700
4350.000000 1529.601900
4400.000000 1530.516800
4450.000000 1531.427500
4500.000000 1532.342900
4550.000000 1533.259900
4600.000000 1534.151500
4650.000000 1535.116300
4700.000000 1536.037900
4750.000000 1536.959600
4800.000000 1537.881200
4850.000000 1538.802800
4900.000000 1539.724400
4950.000000 1540.646000
5000.000000 1541.567600
5050.000000 1542.489300
5100.000000 1543.410900
5150.000000 1544.332500
5200.000000 1545.254100
5250.000000 1546.175700
5300.000000 1547.097400
5350.000000 1548.019000
5400.000000 1548.940600
5450.000000 1549.862200
5500.000000 1550.783800
5550.000000 1551.705400
5600.000000 1552.627100
5650.000000 1553.548700
5700.000000 1554.470300
5750.000000 1555.391900
5800.000000 1556.313500
5850.000000 1557.235100
5900.000000 1558.156800
5950.000000 1559.078400
6000.000000 1560.000000
-1 -1
0.0000000 0.0000401
5.0000000 0.0000401
10.0000000 0.0000401
15.0000000 0.0000401
20.0000000 0.0000401
25.0000000 0.0000401
30.0000000 0.0000401
35.0000000 0.0000401
40.0000000 0.0000401
45.0000000 0.0000402
50.0000000 0.0000403
55.0000000 0.0000406
60.0000000 0.0000413
65.0000000 0.0000418
70.0000000 0.0000419
75.0000000 0.0000421
80.0000000 0.0000424
85.0000000 0.0000426
90.0000000 0.0000431
95.0000000 0.0000433
100.0000000 0.0000436
105.0000000 0.0000439
110.0000000 0.0000442
115.0000000 0.0000444
120.0000000 0.0000447
125.0000000 0.0000451
130.0000000 0.0000456
135.0000000 0.0000461
140.0000000 0.0000463
145.0000000 0.0000469
150.0000000 0.0000481
155.0000000 0.0000490
160.0000000 0.0000494
165.0000000 0.0000496
170.0000000 0.0000498
175.0000000 0.0000506
180.0000000 0.0000514
185.0000000 0.0000517
190.0000000 0.0000524
195.0000000 0.0000538
200.0000000 0.0000554
220.0000000 0.0000581
240.0000000 0.0000599
260.0000000 0.0000619
280.0000000 0.0000621
300.0000000 0.0000620
320.0000000 0.0000615
340.0000000 0.0000612
360.0000000 0.0000603
380.0000000 0.0000594
400.0000000 0.0000587
420.0000000 0.0000576
440.0000000 0.0000569
460.0000000 0.0000561
480.0000000 0.0000554
500.0000000 0.0000549
550.0000000 0.0000529
600.0000000 0.0000507
650.0000000 0.0000485
700.0000000 0.0000464
750.0000000 0.0000445
800.0000000 0.0000425
850.0000000 0.0000408
900.0000000 0.0000392
950.0000000 0.0000376
1000.0000000 0.0000360
1050.0000000 0.0000368
1100.0000000 0.0000377
1150.0000000 0.0000385
1200.0000000 0.0000394
1250.0000000 0.0000403
1300.0000000 0.0000411
1350.0000000 0.0000420
1400.0000000 0.0000429
1450.0000000 0.0000438
1500.0000000 0.0000447
1550.0000000 0.0000456
1600.0000000 0.0000465
1650.0000000 0.0000475
1700.0000000 0.0000485
1750.0000000 0.0000495
1800.0000000 0.0000505
1850.0000000 0.0000516
1900.0000000 0.0000527
1950.0000000 0.0000538
2000.0000000 0.0000549
2050.0000000 0.0000553
2100.0000000 0.0000556
2150.0000000 0.0000559
2200.0000000 0.0000562
2250.0000000 0.0000565
2300.0000000 0.0000568
2350.0000000 0.0000571
2400.0000000 0.0000574
2450.0000000 0.0000577
2500.0000000 0.0000581
2550.0000000 0.0000584
2600.0000000 0.0000587
2650.0000000 0.0000590
2700.0000000 0.0000593
2750.0000000 0.0000596
2800.0000000 0.0000599
2850.0000000 0.0000602
2900.0000000 0.0000605
2950.0000000 0.0000608
3000.0000000 0.0000611
3050.0000000 0.0000614
3100.0000000 0.0000618
3150.0000000 0.0000621
3200.0000000 0.0000624
3250.0000000 0.0000627
3300.0000000 0.0000630
3350.0000000 0.0000634
3400.0000000 0.0000637
3450.0000000 0.0000640
3500.0000000 0.0000643
3550.0000000 0.0000643
3600.0000000 0.0000643
3650.0000000 0.0000643
3700.0000000 0.0000642
3750.0000000 0.0000642
3800.0000000 0.0000642
3850.0000000 0.0000641
3900.0000000 0.0000641
3950.0000000 0.0000641
4000.0000000 0.0000641
4050.0000000 0.0000640
4100.0000000 0.0000640
4150.0000000 0.0000640
4200.0000000 0.0000639
4250.0000000 0.0000639
4300.0000000 0.0000639
4350.0000000 0.0000638
4400.0000000 0.0000638
4450.0000000 0.0000638
4500.0000000 0.0000637
4550.0000000 0.0000637
4600.0000000 0.0000637
4650.0000000 0.0000636
4700.0000000 0.0000636
4750.0000000 0.0000636
4800.0000000 0.0000635
4850.0000000 0.0000635
4900.0000000 0.0000635
4950.0000000 0.0000635
5000.0000000 0.0000634
5050.0000000 0.0000634
5100.0000000 0.0000634
5150.0000000 0.0000634
5200.0000000 0.0000633
5250.0000000 0.0000633
5300.0000000 0.0000633
5350.0000000 0.0000633
5400.0000000 0.0000632
5450.0000000 0.0000632
5500.0000000 0.0000632
5550.0000000 0.0000632
5600.0000000 0.0000632
5650.0000000 0.0000631
5700.0000000 0.0000631
5750.0000000 0.0000631
5800.0000000 0.0000631
5850.0000000 0.0000630
5900.0000000 0.0000630
5950.0000000 0.0000630
6000.0000000 0.0000630
-1 -1
0.000000 1699.975332
-1 -1
0.000000 1.871582
-1 -1
0.000000 0.399994
1074.098000 0.399994
1104.098000 10.000000
-1 -1
71000.000000
0.000000 1544.090000
5.000000 1544.096400
10.000000 1544.125200
15.000000 1544.184500
20.000000 1544.239700
25.000000 1544.305800
30.000000 1544.382300
35.000000 1544.463900
40.000000 1544.535200
45.000000 1544.553900
50.000000 1544.541600
55.000000 1544.473900
60.000000 1544.281000
65.000000 1543.988700
70.000000 1543.591900
75.000000 1543.115200
80.000000 1542.560000
85.000000 1541.949400
90.000000 1541.324200
95.000000 1540.660600
100.000000 1539.983500
105.000000 1539.286800
110.000000 1538.589000
115.000000 1537.898400
120.000000 1537.186800
125.000000 1536.550000
130.000000 1535.856800
135.000000 1535.039400
140.000000 1534.173200
145.000000 1533.241900
150.000000 1532.160600
155.000000 1530.839700
160.000000 1529.543900
165.000000 1528.262600
170.000000 1526.973200
175.000000 1525.767700
180.000000 1524.629400
185.000000 1523.518700
190.000000 1522.342300
195.000000 1521.045800
200.000000 1519.701900
220.000000 1513.756800
240.000000 1509.065800
260.000000 1503.906100
280.000000 1500.254800
300.000000 1497.660600
320.000000 1495.781900
340.000000 1494.726800
360.000000 1493.231600
380.000000 1491.651000
400.000000 1490.370600
420.000000 1489.273900
440.000000 1488.609000
460.000000 1488.030600
480.000000 1487.498700
500.000000 1487.247700
550.000000 1486.908700
600.000000 1486.459400
650.000000 1485.626100
700.000000 1485.199400
750.000000 1485.010000
800.000000 1485.290600
850.000000 1485.417400
900.000000 1485.182300
950.000000 1485.075200
1000.000000 1484.945200
1050.000000 1484.804500
1100.000000 1484.858100
1150.000000 1484.886100
1200.000000 1484.687200
1250.000000 1484.733500
1300.000000 1485.102600
1350.000000 1485.298200
1400.000000 1485.692700
1450.000000 1486.136000
1500.000000 1486.524700
1550.000000 1486.944400
1600.000000 1487.552600
1650.000000 1488.022300
1700.000000 1488.490800
1750.000000 1488.973400
1800.000000 1489.484500
1850.000000 1489.967300
1900.000000 1490.368300
1950.000000 1491.072900
2000.000000 1491.671700
2050.000000 1492.158100
2100.000000 1492.745300
2150.000000 1493.480100
2200.000000 1494.120200
2250.000000 1494.826500
2300.000000 1495.507000
2350.000000 1496.177000
2400.000000 1496.959100
2450.000000 1497.672900
2500.000000 1498.397900
2550.000000 1499.119400
2600.000000 1499.872000
2650.000000 1500.608300
2700.000000 1501.433000
2750.000000 1502.271700
2800.000000 1503.060200
2850.000000 1503.881600
2900.000000 1504.706400
2950.000000 1505.487700
3000.000000 1506.303900
3050.000000 1507.120600
3100.000000 1507.921700
3150.000000 1508.768800
3200.000000 1509.596800
3250.000000 1510.451700
3300.000000 1511.326000
3350.000000 1512.158300
3400.000000 1513.012600
3450.000000 1513.846900
3500.000000 1514.700900
3550.000000 1515.556200
3600.000000 1516.406700
3650.000000 1517.255100
3700.000000 1518.137000
3750.000000 1519.006100
3800.000000 1519.878300
3850.000000 1520.746600
3900.000000 1521.632900
3950.000000 1522.488000
4000.000000 1523.337200
4050.000000 1524.228100
4100.000000 1525.115900
4150.000000 1526.008600
4200.000000 1526.898400
4250.000000 1527.792600
4300.000000 1528.699700
4350.000000 1529.601900
4400.000000 1530.516800
4450.000000 1531.427500
4500.000000 1532.342900
4550.000000 1533.259900
4600.000000 1534.151500
4650.000000 1535.116300
4700.000000 1536.037900
4750.000000 1536.959600
4800.000000 1537.881200
4850.000000 1538.802800
4900.000000 1539.724400
4950.000000 1540.646000
5000.000000 1541.567600
5050.000000 1542.489300
5100.000000 1543.410900
5150.000000 1544.332500
5200.000000 1545.254100
5250.000000 1546.175700
5300.000000 1547.097400
5350.000000 1548.019000
5400.000000 1548.940600
5450.000000 1549.862200
5500.000000 1550.783800
5550.000000 1551.705400
5600.000000 1552.627100
5650.000000 1553.548700
5700.000000 1554.470300
5750.000000 1555.391900
5800.000000 1556.313500
5850.000000 1557.235100
5900.000000 1558.156800
5950.000000 1559.078400
6000.000000 1560.000000
-1 -1
0.0000000 0.0000401
5.0000000 0.0000401
10.0000000 0.0000401
15.0000000 0.0000401
20.0000000 0.0000401
25.0000000 0.0000401
30.0000000 0.0000401
35.0000000 0.0000401
40.0000000 0.0000401
45.0000000 0.0000402
50.0000000 0.0000403
55.0000000 0.0000406
60.0000000 0.0000413
65.0000000 0.0000418
70.0000000 0.0000419
75.0000000 0.0000421
80.0000000 0.0000424
85.0000000 0.0000426
90.0000000 0.0000431
95.0000000 0.0000433
100.0000000 0.0000436
105.0000000 0.0000439
110.0000000 0.0000442
115.0000000 0.0000444
120.0000000 0.0000447
125.0000000 0.0000451
130.0000000 0.0000456
135.0000000 0.0000461
140.0000000 0.0000463
145.0000000 0.0000469
150.0000000 0.0000481
155.0000000 0.0000490
160.0000000 0.0000494
165.0000000 0.0000496
170.0000000 0.0000498
175.0000000 0.0000506
180.0000000 0.0000514
185.0000000 0.0000517
190.0000000 0.0000524
195.0000000 0.0000538
200.0000000 0.0000554
220.0000000 0.0000581
240.0000000 0.0000599
260.0000000 0.0000619
280.0000000 0.0000621
300.0000000 0.0000620
320.0000000 0.0000615
340.0000000 0.0000612
360.0000000 0.0000603
380.0000000 0.0000594
400.0000000 0.0000587
420.0000000 0.0000576
440.0000000 0.0000569
460.0000000 0.0000561
480.0000000 0.0000554
500.0000000 0.0000549
550.0000000 0.0000529
600.0000000 0.0000507
650.0000000 0.0000485
700.0000000 0.0000464
750.0000000 0.0000445
800.0000000 0.0000425
850.0000000 0.0000408
900.0000000 0.0000392
950.0000000 0.0000376
1000.0000000 0.0000360
1050.0000000 0.0000368
1100.0000000 0.0000377
1150.0000000 0.0000385
1200.0000000 0.0000394
1250.0000000 0.0000403
1300.0000000 0.0000411
1350.0000000 0.0000420
1400.0000000 0.0000429
1450.0000000 0.0000438
1500.0000000 0.0000447
1550.0000000 0.0000456
1600.0000000 0.0000465
1650.0000000 0.0000475
1700.0000000 0.0000485
1750.0000000 0.0000495
1800.0000000 0.0000505
1850.0000000 0.0000516
1900.0000000 0.0000527
1950.0000000 0.0000538
2000.0000000 0.0000549
2050.0000000 0.0000553
2100.0000000 0.0000556
2150.0000000 0.0000559
2200.0000000 0.0000562
2250.0000000 0.0000565
2300.0000000 0.0000568
2350.0000000 0.0000571
2400.0000000 0.0000574
2450.0000000 0.0000577
2500.0000000 0.0000581
2550.0000000 0.0000584
2600.0000000 0.0000587
2650.0000000 0.0000590
2700.0000000 0.0000593
2750.0000000 0.0000596
2800.0000000 0.0000599
2850.0000000 0.0000602
2900.0000000 0.0000605
2950.0000000 0.0000608
3000.0000000 0.0000611
3050.0000000 0.0000614
3100.0000000 0.0000618
3150.0000000 0.0000621
3200.0000000 0.0000624
3250.0000000 0.0000627
3300.0000000 0.0000630
3350.0000000 0.0000634
3400.0000000 0.0000637
3450.0000000 0.0000640
3500.0000000 0.0000643
3550.0000000 0.0000643
3600.0000000 0.0000643
3650.0000000 0.0000643
3700.0000000 0.0000642
3750.0000000 0.0000642
3800.0000000 0.0000642
3850.0000000 0.0000641
3900.0000000 0.0000641
3950.0000000 0.0000641
4000.0000000 0.0000641
4050.0000000 0.0000640
4100.0000000 0.0000640
4150.0000000 0.0000640
4200.0000000 0.0000639
4250.0000000 0.0000639
4300.0000000 0.0000639
4350.0000000 0.0000638
4400.0000000 0.0000638
4450.0000000 0.0000638
4500.0000000 0.0000637
4550.0000000 0.0000637
4600.0000000 0.0000637
4650.0000000 0.0000636
4700.0000000 0.0000636
4750.0000000 0.0000636
4800.0000000 0.0000635
4850.0000000 0.0000635
4900.0000000 0.0000635
4950.0000000 0.0000635
5000.0000000 0.0000634
5050.0000000 0.0000634
5100.0000000 0.0000634
5150.0000000 0.0000634
5200.0000000 0.0000633
5250.0000000 0.0000633
5300.0000000 0.0000633
5350.0000000 0.0000633
5400.0000000 0.0000632
5450.0000000 0.0000632
5500.0000000 0.0000632
5550.0000000 0.0000632
5600.0000000 0.0000632
5650.0000000 0.0000631
5700.0000000 0.0000631
5750.0000000 0.0000631
5800.0000000 0.0000631
5850.0000000 0.0000630
5900.0000000 0.0000630
5950.0000000 0.0000630
6000.0000000 0.0000630
-1 -1
0.000000 1701.585448
-1 -1
0.000000 1.871582
-1 -1
0.000000 0.400373
1074.098000 0.400373
1104.098000 10.000000
-1 -1
72000.000000
0.000000 1544.090000
5.000000 1544.096400
10.000000 1544.125200
15.000000 1544.184500
20.000000 1544.239700
25.000000 1544.305800
30.000000 1544.382300
35.000000 1544.463900
40.000000 1544.535200
45.000000 1544.553900
50.000000 1544.541600
55.000000 1544.473900
60.000000 1544.281000
65.000000 1543.988700
70.000000 1543.591900
75.000000 1543.115200
80.000000 1542.560000
85.000000 1541.949400
90.000000 1541.324200
95.000000 1540.660600
100.000000 1539.983500
105.000000 1539.286800
110.000000 1538.589000
115.000000 1537.898400
120.000000 1537.186800
125.000000 1536.550000
130.000000 1535.856800
135.000000 1535.039400
140.000000 1534.173200
145.000000 1533.241900
150.000000 1532.160600
155.000000 1530.839700
160.000000 1529.543900
165.000000 1528.262600
170.000000 1526.973200
175.000000 1525.767700
180.000000 1524.629400
185.000000 1523.518700
190.000000 1522.342300
195.000000 1521.045800
200.000000 1519.701900
220.000000 1513.756800
240.000000 1509.065800
260.000000 1503.906100
280.000000 1500.254800
300.000000 1497.660600
320.000000 1495.781900
340.000000 1494.726800
360.000000 1493.231600
380.000000 1491.651000
400.000000 1490.370600
420.000000 1489.273900
440.000000 1488.609000
460.000000 1488.030600
480.000000 1487.498700
500.000000 1487.247700
550.000000 1486.908700
600.000000 1486.459400
650.000000 1485.626100
700.000000 1485.199400
750.000000 1485.010000
800.000000 1485.290600
850.000000 1485.417400
900.000000 1485.182300
950.000000 1485.075200
1000.000000 1484.945200
1050.000000 1484.804500
1100.000000 1484.858100
1150.000000 1484.886100
1200.000000 1484.687200
1250.000000 1484.733500
1300.000000 1485.102600
1350.000000 1485.298200
1400.000000 1485.692700
1450.000000 1486.136000
1500.000000 1486.524700
1550.000000 1486.944400
1600.000000 1487.552600
1650.000000 1488.022300
1700.000000 1488.490800
1750.000000 1488.973400
1800.000000 1489.484500
1850.000000 1489.967300
1900.000000 1490.368300
1950.000000 1491.072900
2000.000000 1491.671700
2050.000000 1492.158100
2100.000000 1492.745300
2150.000000 1493.480100
2200.000000 1494.120200
2250.000000 1494.826500
2300.000000 1495.507000
2350.000000 1496.177000
2400.000000 1496.959100
2450.000000 1497.672900
2500.000000 1498.397900
2550.000000 1499.119400
2600.000000 1499.872000
2650.000000 1500.608300
2700.000000 1501.433000
2750.000000 1502.271700
2800.000000 1503.060200
2850.000000 1503.881600
2900.000000 1504.706400
2950.000000 1505.487700
3000.000000 1506.303900
3050.000000 1507.120600
3100.000000 1507.921700
3150.000000 1508.768800
3200.000000 1509.596800
3250.000000 1510.451700
3300.000000 1511.326000
3350.000000 1512.158300
3400.000000 1513.012600
3450.000000 1513.846900
3500.000000 1514.700900
3550.000000 1515.556200
3600.000000 1516.406700
3650.000000 1517.255100
3700.000000 1518.137000
3750.000000 1519.006100
3800.000000 1519.878300
3850.000000 1520.746600
3900.000000 1521.632900
3950.000000 1522.488000
4000.000000 1523.337200
4050.000000 1524.228100
4100.000000 1525.115900
4150.000000 1526.008600
4200.000000 1526.898400
4250.000000 1527.792600
4300.000000 1528.699700
4350.000000 1529.601900
4400.000000 1530.516800
4450.000000 1531.427500
4500.000000 1532.342900
4550.000000 1533.259900
4600.000000 1534.151500
4650.000000 1535.116300
4700.000000 1536.037900
4750.000000 1536.959600
4800.000000 1537.881200
4850.000000 1538.802800
4900.000000 1539.724400
4950.000000 1540.646000
5000.000000 1541.567600
5050.000000 1542.489300
5100.000000 1543.410900
5150.000000 1544.332500
5200.000000 1545.254100
5250.000000 1546.175700
5300.000000 1547.097400
5350.000000 1548.019000
5400.000000 1548.940600
5450.000000 1549.862200
5500.000000 1550.783800
5550.000000 1551.705400
5600.000000 1552.627100
5650.000000 1553.548700
5700.000000 1554.470300
5750.000000 1555.391900
5800.000000 1556.313500
5850.000000 1557.235100
5900.000000 1558.156800
5950.000000 1559.078400
6000.000000 1560.000000
-1 -1
0.0000000 0.0000401
5.0000000 0.0000401
10.0000000 0.0000401
15.0000000 0.0000401
20.0000000 0.0000401
25.0000000 0.0000401
30.0000000 0.0000401
35.0000000 0.0000401
40.0000000 0.0000401
45.0000000 0.0000402
50.0000000 0.0000403
55.0000000 0.0000406
60.0000000 0.0000413
65.0000000 0.0000418
70.0000000 0.0000419
75.0000000 0.0000421
80.0000000 0.0000424
85.0000000 0.0000426
90.0000000 0.0000431
95.0000000 0.0000433
100.0000000 0.0000436
105.0000000 0.0000439
110.0000000 0.0000442
115.0000000 0.0000444
120.0000000 0.0000447
125.0000000 0.0000451
130.0000000 0.0000456
135.0000000 0.0000461
140.0000000 0.0000463
145.0000000 0.0000469
150.0000000 0.0000481
155.0000000 0.0000490
160.0000000 0.0000494
165.0000000 0.0000496
170.0000000 0.0000498
175.0000000 0.0000506
180.0000000 0.0000514
185.0000000 0.0000517
190.0000000 0.0000524
195.0000000 0.0000538
200.0000000 0.0000554
220.0000000 0.0000581
240.0000000 0.0000599
260.0000000 0.0000619
280.0000000 0.0000621
300.0000000 0.0000620
320.0000000 0.0000615
340.0000000 0.0000612
360.0000000 0.0000603
380.0000000 0.0000594
400.0000000 0.0000587
420.0000000 0.0000576
440.0000000 0.0000569
460.0000000 0.0000561
480.0000000 0.0000554
500.0000000 0.0000549
550.0000000 0.0000529
600.0000000 0.0000507
650.0000000 0.0000485
700.0000000 0.0000464
750.0000000 0.0000445
800.0000000 0.0000425
850.0000000 0.0000408
900.0000000 0.0000392
950.0000000 0.0000376
1000.0000000 0.0000360
1050.0000000 0.0000368
1100.0000000 0.0000377
1150.0000000 0.0000385
1200.0000000 0.0000394
1250.0000000 0.0000403
1300.0000000 0.0000411
1350.0000000 0.0000420
1400.0000000 0.0000429
1450.0000000 0.0000438
1500.0000000 0.0000447
1550.0000000 0.0000456
1600.0000000 0.0000465
1650.0000000 0.0000475
1700.0000000 0.0000485
1750.0000000 0.0000495
1800.0000000 0.0000505
1850.0000000 0.0000516
1900.0000000 0.0000527
1950.0000000 0.0000538
2000.0000000 0.0000549
2050.0000000 0.0000553
2100.0000000 0.0000556
2150.0000000 0.0000559
2200.0000000 0.0000562
2250.0000000 0.0000565
2300.0000000 0.0000568
2350.0000000 0.0000571
2400.0000000 0.0000574
2450.0000000 0.0000577
2500.0000000 0.0000581
2550.0000000 0.0000584
2600.0000000 0.0000587
2650.0000000 0.0000590
2700.0000000 0.0000593
2750.0000000 0.0000596
2800.0000000 0.0000599
2850.0000000 0.0000602
2900.0000000 0.0000605
2950.0000000 0.0000608
3000.0000000 0.0000611
3050.0000000 0.0000614
3100.0000000 0.0000618
3150.0000000 0.0000621
3200.0000000 0.0000624
3250.0000000 0.0000627
3300.0000000 0.0000630
3350.0000000 0.0000634
3400.0000000 0.0000637
3450.0000000 0.0000640
3500.0000000 0.0000643
3550.0000000 0.0000643
3600.0000000 0.0000643
3650.0000000 0.0000643
3700.0000000 0.0000642
3750.0000000 0.0000642
3800.0000000 0.0000642
3850.0000000 0.0000641
3900.0000000 0.0000641
3950.0000000 0.0000641
4000.0000000 0.0000641
4050.0000000 0.0000640
4100.0000000 0.0000640
4150.0000000 0.0000640
4200.0000000 0.0000639
4250.0000000 0.0000639
4300.0000000 0.0000639
4350.0000000 0.0000638
4400.0000000 0.0000638
4450.0000000 0.0000638
4500.0000000 0.0000637
4550.0000000 0.0000637
4600.0000000 0.0000637
4650.0000000 0.0000636
4700.0000000 0.0000636
4750.0000000 0.0000636
4800.0000000 0.0000635
4850.0000000 0.0000635
4900.0000000 0.0000635
4950.0000000 0.0000635
5000.0000000 0.0000634
5050.0000000 0.0000634
5100.0000000 0.0000634
5150.0000000 0.0000634
5200.0000000 0.0000633
5250.0000000 0.0000633
5300.0000000 0.0000633
5350.0000000 0.0000633
5400.0000000 0.0000632
5450.0000000 0.0000632
5500.0000000 0.0000632
5550.0000000 0.0000632
5600.0000000 0.0000632
5650.0000000 0.0000631
5700.0000000 0.0000631
5750.0000000 0.0000631
5800.0000000 0.0000631
5850.0000000 0.0000630
5900.0000000 0.0000630
5950.0000000 0.0000630
6000.0000000 0.0000630
-1 -1
0.000000 1702.832325
-1 -1
0.000000 1.871582
-1 -1
0.000000 0.400666
1074.098000 0.400666
1104.098000 10.000000
-1 -1
73000.000000
0.000000 1544.090000
5.000000 1544.096400
10.000000 1544.125200
15.000000 1544.184500
20.000000 1544.239700
25.000000 1544.305800
30.000000 1544.382300
35.000000 1544.463900
40.000000 1544.535200
45.000000 1544.553900
50.000000 1544.541600
55.000000 1544.473900
60.000000 1544.281000
65.000000 1543.988700
70.000000 1543.591900
75.000000 1543.115200
80.000000 1542.560000
85.000000 1541.949400
90.000000 1541.324200
95.000000 1540.660600
100.000000 1539.983500
105.000000 1539.286800
110.000000 1538.589000
115.000000 1537.898400
120.000000 1537.186800
125.000000 1536.550000
130.000000 1535.856800
135.000000 1535.039400
140.000000 1534.173200
145.000000 1533.241900
150.000000 1532.160600
155.000000 1530.839700
160.000000 1529.543900
165.000000 1528.262600
170.000000 1526.973200
175.000000 1525.767700
180.000000 1524.629400
185.000000 1523.518700
190.000000 1522.342300
195.000000 1521.045800
200.000000 1519.701900
220.000000 1513.756800
240.000000 1509.065800
260.000000 1503.906100
280.000000 1500.254800
300.000000 1497.660600
320.000000 1495.781900
340.000000 1494.726800
360.000000 1493.231600
380.000000 1491.651000
400.000000 1490.370600
420.000000 1489.273900
440.000000 1488.609000
460.000000 1488.030600
480.000000 1487.498700
500.000000 1487.247700
550.000000 1486.908700
600.000000 1486.459400
650.000000 1485.626100
700.000000 1485.199400
750.000000 1485.010000
800.000000 1485.290600
850.000000 1485.417400
900.000000 1485.182300
950.000000 1485.075200
1000.000000 1484.945200
1050.000000 1484.804500
1100.000000 1484.858100
1150.000000 1484.886100
1200.000000 1484.687200
1250.000000 1484.733500
1300.000000 1485.102600
1350.000000 1485.298200
1400.000000 1485.692700
1450.000000 1486.136000
1500.000000 1486.524700
1550.000000 1486.944400
1600.000000 1487.552600
1650.000000 1488.022300
1700.000000 1488.490800
1750.000000 1488.973400
1800.000000 1489.484500
1850.000000 1489.967300
1900.000000 1490.368300
1950.000000 1491.072900
2000.000000 1491.671700
2050.000000 1492.158100
2100.000000 1492.745300
2150.000000 1493.480100
2200.000000 1494.120200
2250.000000 1494.826500
2300.000000 1495.507000
2350.000000 1496.177000
2400.000000 1496.959100
2450.000000 1497.672900
2500.000000 1498.397900
2550.000000 1499.119400
2600.000000 1499.872000
2650.000000 1500.608300
2700.000000 1501.433000
2750.000000 1502.271700
2800.000000 1503.060200
2850.000000 1503.881600
2900.000000 1504.706400
2950.000000 1505.487700
3000.000000 1506.303900
3050.000000 1507.120600
3100.000000 1507.921700
3150.000000 1508.768800
3200.000000 1509.596800
3250.000000 1510.451700
3300.000000 1511.326000
3350.000000 1512.158300
3400.000000 1513.012600
3450.000000 1513.846900
3500.000000 1514.700900
3550.000000 1515.556200
3600.000000 1516.406700
3650.000000 1517.255100
3700.000000 1518.137000
3750.000000 1519.006100
3800.000000 1519.878300
3850.000000 1520.746600
3900.000000 1521.632900
3950.000000 1522.488000
4000.000000 1523.337200
4050.000000 1524.228100
4100.000000 1525.115900
4150.000000 1526.008600
4200.000000 1526.898400
4250.000000 1527.792600
4300.000000 1528.699700
4350.000000 1529.601900
4400.000000 1530.516800
4450.000000 1531.427500
4500.000000 1532.342900
4550.000000 1533.259900
4600.000000 1534.151500
4650.000000 1535.116300
4700.000000 1536.037900
4750.000000 1536.959600
4800.000000 1537.881200
4850.000000 1538.802800
4900.000000 1539.724400
4950.000000 1540.646000
5000.000000 1541.567600
5050.000000 1542.489300
5100.000000 1543.410900
5150.000000 1544.332500
5200.000000 1545.254100
5250.000000 1546.175700
5300.000000 1547.097400
5350.000000 1548.019000
5400.000000 1548.940600
5450.000000 1549.862200
5500.000000 1550.783800
5550.000000 1551.705400
5600.000000 1552.627100
5650.000000 1553.548700
5700.000000 1554.470300
5750.000000 1555.391900
5800.000000 1556.313500
5850.000000 1557.235100
5900.000000 1558.156800
5950.000000 1559.078400
6000.000000 1560.000000
-1 -1
0.0000000 0.0000401
5.0000000 0.0000401
10.0000000 0.0000401
15.0000000 0.0000401
20.0000000 0.0000401
25.0000000 0.0000401
30.0000000 0.0000401
35.0000000 0.0000401
40.0000000 0.0000401
45.0000000 0.0000402
50.0000000 0.0000403
55.0000000 0.0000406
60.0000000 0.0000413
65.0000000 0.0000418
70.0000000 0.0000419
75.0000000 0.0000421
80.0000000 0.0000424
85.0000000 0.0000426
90.0000000 0.0000431
95.0000000 0.0000433
100.0000000 0.0000436
105.0000000 0.0000439
110.0000000 0.0000442
115.0000000 0.0000444
120.0000000 0.0000447
125.0000000 0.0000451
130.0000000 0.0000456
135.0000000 0.0000461
140.0000000 0.0000463
145.0000000 0.0000469
150.0000000 0.0000481
155.0000000 0.0000490
160.0000000 0.0000494
165.0000000 0.0000496
170.0000000 0.0000498
175.0000000 0.0000506
180.0000000 0.0000514
185.0000000 0.0000517
190.0000000 0.0000524
195.0000000 0.0000538
200.0000000 0.0000554
220.0000000 0.0000581
240.0000000 0.0000599
260.0000000 0.0000619
280.0000000 0.0000621
300.0000000 0.0000620
320.0000000 0.0000615
340.0000000 0.0000612
360.0000000 0.0000603
380.0000000 0.0000594
400.0000000 0.0000587
420.0000000 0.0000576
440.0000000 0.0000569
460.0000000 0.0000561
480.0000000 0.0000554
500.0000000 0.0000549
550.0000000 0.0000529
600.0000000 0.0000507
650.0000000 0.0000485
700.0000000 0.0000464
750.0000000 0.0000445
800.0000000 0.0000425
850.0000000 0.0000408
900.0000000 0.0000392
950.0000000 0.0000376
1000.0000000 0.0000360
1050.0000000 0.0000368
1100.0000000 0.0000377
1150.0000000 0.0000385
1200.0000000 0.0000394
1250.0000000 0.0000403
1300.0000000 0.0000411
1350.0000000 0.0000420
1400.0000000 0.0000429
1450.0000000 0.0000438
1500.0000000 0.0000447
1550.0000000 0.0000456
1600.0000000 0.0000465
1650.0000000 0.0000475
1700.0000000 0.0000485
1750.0000000 0.0000495
1800.0000000 0.0000505
1850.0000000 0.0000516
1900.0000000 0.0000527
1950.0000000 0.0000538
2000.0000000 0.0000549
2050.0000000 0.0000553
2100.0000000 0.0000556
2150.0000000 0.0000559
2200.0000000 0.0000562
2250.0000000 0.0000565
2300.0000000 0.0000568
2350.0000000 0.0000571
2400.0000000 0.0000574
2450.0000000 0.0000577
2500.0000000 0.0000581
2550.0000000 0.0000584
2600.0000000 0.0000587
2650.0000000 0.0000590
2700.0000000 0.0000593
2750.0000000 0.0000596
2800.0000000 0.0000599
2850.0000000 0.0000602
2900.0000000 0.0000605
2950.0000000 0.0000608
3000.0000000 0.0000611
3050.0000000 0.0000614
3100.0000000 0.0000618
3150.0000000 0.0000621
3200.0000000 0.0000624
3250.0000000 0.0000627
3300.0000000 0.0000630
3350.0000000 0.0000634
3400.0000000 0.0000637
3450.0000000 0.0000640
3500.0000000 0.0000643
3550.0000000 0.0000643
3600.0000000 0.0000643
3650.0000000 0.0000643
3700.0000000 0.0000642
3750.0000000 0.0000642
3800.0000000 0.0000642
3850.0000000 0.0000641
3900.0000000 0.0000641
3950.0000000 0.0000641
4000.0000000 0.0000641
4050.0000000 0.0000640
4100.0000000 0.0000640
4150.0000000 0.0000640
4200.0000000 0.0000639
4250.0000000 0.0000639
4300.0000000 0.0000639
4350.0000000 0.0000638
4400.0000000 0.0000638
4450.0000000 0.0000638
4500.0000000 0.0000637
4550.0000000 0.0000637
4600.0000000 0.0000637
4650.0000000 0.0000636
4700.0000000 0.0000636
4750.0000000 0.0000636
4800.0000000 0.0000635
4850.0000000 0.0000635
4900.0000000 0.0000635
4950.0000000 0.0000635
5000.0000000 0.0000634
5050.0000000 0.0000634
5100.0000000 0.0000634
5150.0000000 0.0000634
5200.0000000 0.0000633
5250.0000000 0.0000633
5300.0000000 0.0000633
5350.0000000 0.0000633
5400.0000000 0.0000632
5450.0000000 0.0000632
5500.0000000 0.0000632
5550.0000000 0.0000632
5600.0000000 0.0000632
5650.0000000 0.0000631
5700.0000000 0.0000631
5750.0000000 0.0000631
5800.0000000 0.0000631
5850.0000000 0.0000630
5900.0000000 0.0000630
5950.0000000 0.0000630
6000.0000000 0.0000630
-1 -1
0.000000 1703.866002
-1 -1
0.000000 1.871582
-1 -1
0.000000 0.400910
1074.098000 0.400910
1104.098000 10.000000
-1 -1
74000.000000
0.000000 1544.090000
5.000000 1544.096400
10.000000 1544.125200
15.000000 1544.184500
20.000000 1544.239700
25.000000 1544.305800
30.000000 1544.382300
35.000000 1544.463900
40.000000 1544.535200
45.000000 1544.553900
50.000000 1544.541600
55.000000 1544.473900
60.000000 1544.281000
65.000000 1543.988700
70.000000 1543.591900
75.000000 1543.115200
80.000000 1542.560000
85.000000 1541.949400
90.000000 1541.324200
95.000000 1540.660600
100.000000 1539.983500
105.000000 1539.286800
110.000000 1538.589000
115.000000 1537.898400
120.000000 1537.186800
125.000000 1536.550000
130.000000 1535.856800
135.000000 1535.039400
140.000000 1534.173200
145.000000 1533.241900
150.000000 1532.160600
155.000000 1530.839700
160.000000 1529.543900
165.000000 1528.262600
170.000000 1526.973200
175.000000 1525.767700
180.000000 1524.629400
185.000000 1523.518700
190.000000 1522.342300
195.000000 1521.045800
200.000000 1519.701900
220.000000 1513.756800
240.000000 1509.065800
260.000000 1503.906100
280.000000 1500.254800
300.000000 1497.660600
320.000000 1495.781900
340.000000 1494.726800
360.000000 1493.231600
380.000000 1491.651000
400.000000 1490.370600
420.000000 1489.273900
440.000000 1488.609000
460.000000 1488.030600
480.000000 1487.498700
500.000000 1487.247700
550.000000 1486.908700
600.000000 1486.459400
650.000000 1485.626100
700.000000 1485.199400
750.000000 1485.010000
800.000000 1485.290600
850.000000 1485.417400
900.000000 1485.182300
950.000000 1485.075200
1000.000000 1484.945200
1050.000000 1484.804500
1100.000000 1484.858100
1150.000000 1484.886100
1200.000000 1484.687200
1250.000000 1484.733500
1300.000000 1485.102600
1350.000000 1485.298200
1400.000000 1485.692700
1450.000000 1486.136000
1500.000000 1486.524700
1550.000000 1486.944400
1600.000000 1487.552600
1650.000000 1488.022300
1700.000000 1488.490800
1750.000000 1488.973400
1800.000000 1489.484500
1850.000000 1489.967300
1900.000000 1490.368300
1950.000000 1491.072900
2000.000000 1491.671700
2050.000000 1492.158100
2100.000000 1492.745300
2150.000000 1493.480100
2200.000000 1494.120200
2250.000000 1494.826500
2300.000000 1495.507000
2350.000000 1496.177000
2400.000000 1496.959100
2450.000000 1497.672900
2500.000000 1498.397900
2550.000000 1499.119400
2600.000000 1499.872000
2650.000000 1500.608300
2700.000000 1501.433000
2750.000000 1502.271700
2800.000000 1503.060200
2850.000000 1503.881600
2900.000000 1504.706400
2950.000000 1505.487700
3000.000000 1506.303900
3050.000000 1507.120600
3100.000000 1507.921700
3150.000000 1508.768800
3200.000000 1509.596800
3250.000000 1510.451700
3300.000000 1511.326000
3350.000000 1512.158300
3400.000000 1513.012600
3450.000000 1513.846900
3500.000000 1514.700900
3550.000000 1515.556200
3600.000000 1516.406700
3650.000000 1517.255100
3700.000000 1518.137000
3750.000000 1519.006100
3800.000000 1519.878300
3850.000000 1520.746600
3900.000000 1521.632900
3950.000000 1522.488000
4000.000000 1523.337200
4050.000000 1524.228100
4100.000000 1525.115900
4150.000000 1526.008600
4200.000000 1526.898400
4250.000000 1527.792600
4300.000000 1528.699700
4350.000000 1529.601900
4400.000000 1530.516800
4450.000000 1531.427500
4500.000000 1532.342900
4550.000000 1533.259900
4600.000000 1534.151500
4650.000000 1535.116300
4700.000000 1536.037900
4750.000000 1536.959600
4800.000000 1537.881200
4850.000000 1538.802800
4900.000000 1539.724400
4950.000000 1540.646000
5000.000000 1541.567600
5050.000000 1542.489300
5100.000000 1543.410900
5150.000000 1544.332500
5200.000000 1545.254100
5250.000000 1546.175700
5300.000000 1547.097400
5350.000000 1548.019000
5400.000000 1548.940600
5450.000000 1549.862200
5500.000000 1550.783800
5550.000000 1551.705400
5600.000000 1552.627100
5650.000000 1553.548700
5700.000000 1554.470300
5750.000000 1555.391900
5800.000000 1556.313500
5850.000000 1557.235100
5900.000000 1558.156800
5950.000000 1559.078400
6000.000000 1560.000000
-1 -1
0.0000000 0.0000401
5.0000000 0.0000401
10.0000000 0.0000401
15.0000000 0.0000401
20.0000000 0.0000401
25.0000000 0.0000401
30.0000000 0.0000401
35.0000000 0.0000401
40.0000000 0.0000401
45.0000000 0.0000402
50.0000000 0.0000403
55.0000000 0.0000406
60.0000000 0.0000413
65.0000000 0.0000418
70.0000000 0.0000419
75.0000000 0.0000421
80.0000000 0.0000424
85.0000000 0.0000426
90.0000000 0.0000431
95.0000000 0.0000433
100.0000000 0.0000436
105.0000000 0.0000439
110.0000000 0.0000442
115.0000000 0.0000444
120.0000000 0.0000447
125.0000000 0.0000451
130.0000000 0.0000456
135.0000000 0.0000461
140.0000000 0.0000463
145.0000000 0.0000469
150.0000000 0.0000481
155.0000000 0.0000490
160.0000000 0.0000494
165.0000000 0.0000496
170.0000000 0.0000498
175.0000000 0.0000506
180.0000000 0.0000514
185.0000000 0.0000517
190.0000000 0.0000524
195.0000000 0.0000538
200.0000000 0.0000554
220.0000000 0.0000581
240.0000000 0.0000599
260.0000000 0.0000619
280.0000000 0.0000621
300.0000000 0.0000620
320.0000000 0.0000615
340.0000000 0.0000612
360.0000000 0.0000603
380.0000000 0.0000594
400.0000000 0.0000587
420.0000000 0.0000576
440.0000000 0.0000569
460.0000000 0.0000561
480.0000000 0.0000554
500.0000000 0.0000549
550.0000000 0.0000529
600.0000000 0.0000507
650.0000000 0.0000485
700.0000000 0.0000464
750.0000000 0.0000445
800.0000000 0.0000425
850.0000000 0.0000408
900.0000000 0.0000392
950.0000000 0.0000376
1000.0000000 0.0000360
1050.0000000 0.0000368
1100.0000000 0.0000377
1150.0000000 0.0000385
1200.0000000 0.0000394
1250.0000000 0.0000403
1300.0000000 0.0000411
1350.0000000 0.0000420
1400.0000000 0.0000429
1450.0000000 0.0000438
1500.0000000 0.0000447
1550.0000000 0.0000456
1600.0000000 0.0000465
1650.0000000 0.0000475
1700.0000000 0.0000485
1750.0000000 0.0000495
1800.0000000 0.0000505
1850.0000000 0.0000516
1900.0000000 0.0000527
1950.0000000 0.0000538
2000.0000000 0.0000549
2050.0000000 0.0000553
2100.0000000 0.0000556
2150.0000000 0.0000559
2200.0000000 0.0000562
2250.0000000 0.0000565
2300.0000000 0.0000568
2350.0000000 0.0000571
2400.0000000 0.0000574
2450.0000000 0.0000577
2500.0000000 0.0000581
2550.0000000 0.0000584
2600.0000000 0.0000587
2650.0000000 0.0000590
2700.0000000 0.0000593
2750.0000000 0.0000596
2800.0000000 0.0000599
2850.0000000 0.0000602
2900.0000000 0.0000605
2950.0000000 0.0000608
3000.0000000 0.0000611
3050.0000000 0.0000614
3100.0000000 0.0000618
3150.0000000 0.0000621
3200.0000000 0.0000624
3250.0000000 0.0000627
3300.0000000 0.0000630
3350.0000000 0.0000634
3400.0000000 0.0000637
3450.0000000 0.0000640
3500.0000000 0.0000643
3550.0000000 0.0000643
3600.0000000 0.0000643
3650.0000000 0.0000643
3700.0000000 0.0000642
3750.0000000 0.0000642
3800.0000000 0.0000642
3850.0000000 0.0000641
3900.0000000 0.0000641
3950.0000000 0.0000641
4000.0000000 0.0000641
4050.0000000 0.0000640
4100.0000000 0.0000640
4150.0000000 0.0000640
4200.0000000 0.0000639
4250.0000000 0.0000639
4300.0000000 0.0000639
4350.0000000 0.0000638
4400.0000000 0.0000638
4450.0000000 0.0000638
4500.0000000 0.0000637
4550.0000000 0.0000637
4600.0000000 0.0000637
4650.0000000 0.0000636
4700.0000000 0.0000636
4750.0000000 0.0000636
4800.0000000 0.0000635
4850.0000000 0.0000635
4900.0000000 0.0000635
4950.0000000 0.0000635
5000.0000000 0.0000634
5050.0000000 0.0000634
5100.0000000 0.0000634
5150.0000000 0.0000634
5200.0000000 0.0000633
5250.0000000 0.0000633
5300.0000000 0.0000633
5350.0000000 0.0000633
5400.0000000 0.0000632
5450.0000000 0.0000632
5500.0000000 0.0000632
5550.0000000 0.0000632
5600.0000000 0.0000632
5650.0000000 0.0000631
5700.0000000 0.0000631
5750.0000000 0.0000631
5800.0000000 0.0000631
5850.0000000 0.0000630
5900.0000000 0.0000630
5950.0000000 0.0000630
6000.0000000 0.0000630
-1 -1
0.000000 1704.026761
-1 -1
0.000000 1.871582
-1 -1
0.000000 0.400947
1074.098000 0.400947
1104.098000 10.000000
-1 -1
75000.000000
0.000000 1544.090000
5.000000 1544.096400
10.000000 1544.125200
15.000000 1544.184500
20.000000 1544.239700
25.000000 1544.305800
30.000000 1544.382300
35.000000 1544.463900
40.000000 1544.535200
45.000000 1544.553900
50.000000 1544.541600
55.000000 1544.473900
60.000000 1544.281000
65.000000 1543.988700
70.000000 1543.591900
75.000000 1543.115200
80.000000 1542.560000
85.000000 1541.949400
90.000000 1541.324200
95.000000 1540.660600
100.000000 1539.983500
105.000000 1539.286800
110.000000 1538.589000
115.000000 1537.898400
120.000000 1537.186800
125.000000 1536.550000
130.000000 1535.856800
135.000000 1535.039400
140.000000 1534.173200
145.000000 1533.241900
150.000000 1532.160600
155.000000 1530.839700
160.000000 1529.543900
165.000000 1528.262600
170.000000 1526.973200
175.000000 1525.767700
180.000000 1524.629400
185.000000 1523.518700
190.000000 1522.342300
195.000000 1521.045800
200.000000 1519.701900
220.000000 1513.756800
240.000000 1509.065800
260.000000 1503.906100
280.000000 1500.254800
300.000000 1497.660600
320.000000 1495.781900
340.000000 1494.726800
360.000000 1493.231600
380.000000 1491.651000
400.000000 1490.370600
420.000000 1489.273900
440.000000 1488.609000
460.000000 1488.030600
480.000000 1487.498700
500.000000 1487.247700
550.000000 1486.908700
600.000000 1486.459400
650.000000 1485.626100
700.000000 1485.199400
750.000000 1485.010000
800.000000 1485.290600
850.000000 1485.417400
900.000000 1485.182300
950.000000 1485.075200
1000.000000 1484.945200
1050.000000 1484.804500
1100.000000 1484.858100
1150.000000 1484.886100
1200.000000 1484.687200
1250.000000 1484.733500
1300.000000 1485.102600
1350.000000 1485.298200
1400.000000 1485.692700
1450.000000 1486.136000
1500.000000 1486.524700
1550.000000 1486.944400
1600.000000 1487.552600
1650.000000 1488.022300
1700.000000 1488.490800
1750.000000 1488.973400
1800.000000 1489.484500
1850.000000 1489.967300
1900.000000 1490.368300
1950.000000 1491.072900
2000.000000 1491.671700
2050.000000 1492.158100
2100.000000 1492.745300
2150.000000 1493.480100
2200.000000 1494.120200
2250.000000 1494.826500
2300.000000 1495.507000
2350.000000 1496.177000
2400.000000 1496.959100
2450.000000 1497.672900
2500.000000 1498.397900
2550.000000 1499.119400
2600.000000 1499.872000
2650.000000 1500.608300
2700.000000 1501.433000
2750.000000 1502.271700
2800.000000 1503.060200
2850.000000 1503.881600
2900.000000 1504.706400
2950.000000 1505.487700
3000.000000 1506.303900
3050.000000 1507.120600
3100.000000 1507.921700
3150.000000 1508.768800
3200.000000 1509.596800
3250.000000 1510.451700
3300.000000 1511.326000
3350.000000 1512.158300
3400.000000 1513.012600
3450.000000 1513.846900
3500.000000 1514.700900
3550.000000 1515.556200
3600.000000 1516.406700
3650.000000 1517.255100
3700.000000 1518.137000
3750.000000 1519.006100
3800.000000 1519.878300
3850.000000 1520.746600
3900.000000 1521.632900
3950.000000 1522.488000
4000.000000 1523.337200
4050.000000 1524.228100
4100.000000 1525.115900
4150.000000 1526.008600
4200.000000 1526.898400
4250.000000 1527.792600
4300.000000 1528.699700
4350.000000 1529.601900
4400.000000 1530.516800
4450.000000 1531.427500
4500.000000 1532.342900
4550.000000 1533.259900
4600.000000 1534.151500
4650.000000 1535.116300
4700.000000 1536.037900
4750.000000 1536.959600
4800.000000 1537.881200
4850.000000 1538.802800
4900.000000 1539.724400
4950.000000 1540.646000
5000.000000 1541.567600
5050.000000 1542.489300
5100.000000 1543.410900
5150.000000 1544.332500
5200.000000 1545.254100
5250.000000 1546.175700
5300.000000 1547.097400
5350.000000 1548.019000
5400.000000 1548.940600
5450.000000 1549.862200
5500.000000 1550.783800
5550.000000 1551.705400
5600.000000 1552.627100
5650.000000 1553.548700
5700.000000 1554.470300
5750.000000 1555.391900
5800.000000 1556.313500
5850.000000 1557.235100
5900.000000 1558.156800
5950.000000 1559.078400
6000.000000 1560.000000
-1 -1
0.0000000 0.0000401
5.0000000 0.0000401
10.0000000 0.0000401
15.0000000 0.0000401
20.0000000 0.0000401
25.0000000 0.0000401
30.0000000 0.0000401
35.0000000 0.0000401
40.0000000 0.0000401
45.0000000 0.0000402
50.0000000 0.0000403
55.0000000 0.0000406
60.0000000 0.0000413
65.0000000 0.0000418
70.0000000 0.0000419
75.0000000 0.0000421
80.0000000 0.0000424
85.0000000 0.0000426
90.0000000 0.0000431
95.0000000 0.0000433
100.0000000 0.0000436
105.0000000 0.0000439
110.0000000 0.0000442
115.0000000 0.0000444
120.0000000 0.0000447
125.0000000 0.0000451
130.0000000 0.0000456
135.0000000 0.0000461
140.0000000 0.0000463
145.0000000 0.0000469
150.0000000 0.0000481
155.0000000 0.0000490
160.0000000 0.0000494
165.0000000 0.0000496
170.0000000 0.0000498
175.0000000 0.0000506
180.0000000 0.0000514
185.0000000 0.0000517
190.0000000 0.0000524
195.0000000 0.0000538
200.0000000 0.0000554
220.0000000 0.0000581
240.0000000 0.0000599
260.0000000 0.0000619
280.0000000 0.0000621
300.0000000 0.0000620
320.0000000 0.0000615
340.0000000 0.0000612
360.0000000 0.0000603
380.0000000 0.0000594
400.0000000 0.0000587
420.0000000 0.0000576
440.0000000 0.0000569
460.0000000 0.0000561
480.0000000 0.0000554
500.0000000 0.0000549
550.0000000 0.0000529
600.0000000 0.0000507
650.0000000 0.0000485
700.0000000 0.0000464
750.0000000 0.0000445
800.0000000 0.0000425
850.0000000 0.0000408
900.0000000 0.0000392
950.0000000 0.0000376
1000.0000000 0.0000360
1050.0000000 0.0000368
1100.0000000 0.0000377
1150.0000000 0.0000385
1200.0000000 0.0000394
1250.0000000 0.0000403
1300.0000000 0.0000411
1350.0000000 0.0000420
1400.0000000 0.0000429
1450.0000000 0.0000438
1500.0000000 0.0000447
1550.0000000 0.0000456
1600.0000000 0.0000465
1650.0000000 0.0000475
1700.0000000 0.0000485
1750.0000000 0.0000495
1800.0000000 0.0000505
1850.0000000 0.0000516
1900.0000000 0.0000527
1950.0000000 0.0000538
2000.0000000 0.0000549
2050.0000000 0.0000553
2100.0000000 0.0000556
2150.0000000 0.0000559
2200.0000000 0.0000562
2250.0000000 0.0000565
2300.0000000 0.0000568
2350.0000000 0.0000571
2400.0000000 0.0000574
2450.0000000 0.0000577
2500.0000000 0.0000581
2550.0000000 0.0000584
2600.0000000 0.0000587
2650.0000000 0.0000590
2700.0000000 0.0000593
2750.0000000 0.0000596
2800.0000000 0.0000599
2850.0000000 0.0000602
2900.0000000 0.0000605
2950.0000000 0.0000608
3000.0000000 0.0000611
3050.0000000 0.0000614
3100.0000000 0.0000618
3150.0000000 0.0000621
3200.0000000 0.0000624
3250.0000000 0.0000627
3300.0000000 0.0000630
3350.0000000 0.0000634
3400.0000000 0.0000637
3450.0000000 0.0000640
3500.0000000 0.0000643
3550.0000000 0.0000643
3600.0000000 0.0000643
3650.0000000 0.0000643
3700.0000000 0.0000642
3750.0000000 0.0000642
3800.0000000 0.0000642
3850.0000000 0.0000641
3900.0000000 0.0000641
3950.0000000 0.0000641
4000.0000000 0.0000641
4050.0000000 0.0000640
4100.0000000 0.0000640
4150.0000000 0.0000640
4200.0000000 0.0000639
4250.0000000 0.0000639
4300.0000000 0.0000639
4350.0000000 0.0000638
4400.0000000 0.0000638
4450.0000000 0.0000638
4500.0000000 0.0000637
4550.0000000 0.0000637
4600.0000000 0.0000637
4650.0000000 0.0000636
4700.0000000 0.0000636
4750.0000000 0.0000636
4800.0000000 0.0000635
4850.0000000 0.0000635
4900.0000000 0.0000635
4950.0000000 0.0000635
5000.0000000 0.0000634
5050.0000000 0.0000634
5100.0000000 0.0000634
5150.0000000 0.0000634
5200.0000000 0.0000633
5250.0000000 0.0000633
5300.0000000 0.0000633
5350.0000000 0.0000633
5400.0000000 0.0000632
5450.0000000 0.0000632
5500.0000000 0.0000632
5550.0000000 0.0000632
5600.0000000 0.0000632
5650.0000000 0.0000631
5700.0000000 0.0000631
5750.0000000 0.0000631
5800.0000000 0.0000631
5850.0000000 0.0000630
5900.0000000 0.0000630
5950.0000000 0.0000630
6000.0000000 0.0000630
-1 -1
0.000000 1703.532153
-1 -1
0.000000 1.871582
-1 -1
0.000000 0.400831
1074.098000 0.400831
1104.098000 10.000000
-1 -1
76000.000000
0.000000 1544.090000
5.000000 1544.096400
10.000000 1544.125200
15.000000 1544.184500
20.000000 1544.239700
25.000000 1544.305800
30.000000 1544.382300
35.000000 1544.463900
40.000000 1544.535200
45.000000 1544.553900
50.000000 1544.541600
55.000000 1544.473900
60.000000 1544.281000
65.000000 1543.988700
70.000000 1543.591900
75.000000 1543.115200
80.000000 1542.560000
85.000000 1541.949400
90.000000 1541.324200
95.000000 1540.660600
100.000000 1539.983500
105.000000 1539.286800
110.000000 1538.589000
115.000000 1537.898400
120.000000 1537.186800
125.000000 1536.550000
130.000000 1535.856800
135.000000 1535.039400
140.000000 1534.173200
145.000000 1533.241900
150.000000 1532.160600
155.000000 1530.839700
160.000000 1529.543900
165.000000 1528.262600
170.000000 1526.973200
175.000000 1525.767700
180.000000 1524.629400
185.000000 1523.518700
190.000000 1522.342300
195.000000 1521.045800
200.000000 1519.701900
220.000000 1513.756800
240.000000 1509.065800
260.000000 1503.906100
280.000000 1500.254800
300.000000 1497.660600
320.000000 1495.781900
340.000000 1494.726800
360.000000 1493.231600
380.000000 1491.651000
400.000000 1490.370600
420.000000 1489.273900
440.000000 1488.609000
460.000000 1488.030600
480.000000 1487.498700
500.000000 1487.247700
550.000000 1486.908700
600.000000 1486.459400
650.000000 1485.626100
700.000000 1485.199400
750.000000 1485.010000
800.000000 1485.290600
850.000000 1485.417400
900.000000 1485.182300
950.000000 1485.075200
1000.000000 1484.945200
1050.000000 1484.804500
1100.000000 1484.858100
1150.000000 1484.886100
1200.000000 1484.687200
1250.000000 1484.733500
1300.000000 1485.102600
1350.000000 1485.298200
1400.000000 1485.692700
1450.000000 1486.136000
1500.000000 1486.524700
1550.000000 1486.944400
1600.000000 1487.552600
1650.000000 1488.022300
1700.000000 1488.490800
1750.000000 1488.973400
1800.000000 1489.484500
1850.000000 1489.967300
1900.000000 1490.368300
1950.000000 1491.072900
2000.000000 1491.671700
2050.000000 1492.158100
2100.000000 1492.745300
2150.000000 1493.480100
2200.000000 1494.120200
2250.000000 1494.826500
2300.000000 1495.507000
2350.000000 1496.177000
2400.000000 1496.959100
2450.000000 1497.672900
2500.000000 1498.397900
2550.000000 1499.119400
2600.000000 1499.872000
2650.000000 1500.608300
2700.000000 1501.433000
2750.000000 1502.271700
2800.000000 1503.060200
2850.000000 1503.881600
2900.000000 1504.706400
2950.000000 1505.487700
3000.000000 1506.303900
3050.000000 1507.120600
3100.000000 1507.921700
3150.000000 1508.768800
3200.000000 1509.596800
3250.000000 1510.451700
3300.000000 1511.326000
3350.000000 1512.158300
3400.000000 1513.012600
3450.000000 1513.846900
3500.000000 1514.700900
3550.000000 1515.556200
3600.000000 1516.406700
3650.000000 1517.255100
3700.000000 1518.137000
3750.000000 1519.006100
3800.000000 1519.878300
3850.000000 1520.746600
3900.000000 1521.632900
3950.000000 1522.488000
4000.000000 1523.337200
4050.000000 1524.228100
4100.000000 1525.115900
4150.000000 1526.008600
4200.000000 1526.898400
4250.000000 1527.792600
4300.000000 1528.699700
4350.000000 1529.601900
4400.000000 1530.516800
4450.000000 1531.427500
4500.000000 1532.342900
4550.000000 1533.259900
4600.000000 1534.151500
4650.000000 1535.116300
4700.000000 1536.037900
4750.000000 1536.959600
4800.000000 1537.881200
4850.000000 1538.802800
4900.000000 1539.724400
4950.000000 1540.646000
5000.000000 1541.567600
5050.000000 1542.489300
5100.000000 1543.410900
5150.000000 1544.332500
5200.000000 1545.254100
5250.000000 1546.175700
5300.000000 1547.097400
5350.000000 1548.019000
5400.000000 1548.940600
5450.000000 1549.862200
5500.000000 1550.783800
5550.000000 1551.705400
5600.000000 1552.627100
5650.000000 1553.548700
5700.000000 1554.470300
5750.000000 1555.391900
5800.000000 1556.313500
5850.000000 1557.235100
5900.000000 1558.156800
5950.000000 1559.078400
6000.000000 1560.000000
-1 -1
0.0000000 0.0000401
5.0000000 0.0000401
10.0000000 0.0000401
15.0000000 0.0000401
20.0000000 0.0000401
25.0000000 0.0000401
30.0000000 0.0000401
35.0000000 0.0000401
40.0000000 0.0000401
45.0000000 0.0000402
50.0000000 0.0000403
55.0000000 0.0000406
60.0000000 0.0000413
65.0000000 0.0000418
70.0000000 0.0000419
75.0000000 0.0000421
80.0000000 0.0000424
85.0000000 0.0000426
90.0000000 0.0000431
95.0000000 0.0000433
100.0000000 0.0000436
105.0000000 0.0000439
110.0000000 0.0000442
115.0000000 0.0000444
120.0000000 0.0000447
125.0000000 0.0000451
130.0000000 0.0000456
135.0000000 0.0000461
140.0000000 0.0000463
145.0000000 0.0000469
150.0000000 0.0000481
155.0000000 0.0000490
160.0000000 0.0000494
165.0000000 0.0000496
170.0000000 0.0000498
175.0000000 0.0000506
180.0000000 0.0000514
185.0000000 0.0000517
190.0000000 0.0000524
195.0000000 0.0000538
200.0000000 0.0000554
220.0000000 0.0000581
240.0000000 0.0000599
260.0000000 0.0000619
280.0000000 0.0000621
300.0000000 0.0000620
320.0000000 0.0000615
340.0000000 0.0000612
360.0000000 0.0000603
380.0000000 0.0000594
400.0000000 0.0000587
420.0000000 0.0000576
440.0000000 0.0000569
460.0000000 0.0000561
480.0000000 0.0000554
500.0000000 0.0000549
550.0000000 0.0000529
600.0000000 0.0000507
650.0000000 0.0000485
700.0000000 0.0000464
750.0000000 0.0000445
800.0000000 0.0000425
850.0000000 0.0000408
900.0000000 0.0000392
950.0000000 0.0000376
1000.0000000 0.0000360
1050.0000000 0.0000368
1100.0000000 0.0000377
1150.0000000 0.0000385
1200.0000000 0.0000394
1250.0000000 0.0000403
1300.0000000 0.0000411
1350.0000000 0.0000420
1400.0000000 0.0000429
1450.0000000 0.0000438
1500.0000000 0.0000447
1550.0000000 0.0000456
1600.0000000 0.0000465
1650.0000000 0.0000475
1700.0000000 0.0000485
1750.0000000 0.0000495
1800.0000000 0.0000505
1850.0000000 0.0000516
1900.0000000 0.0000527
1950.0000000 0.0000538
2000.0000000 0.0000549
2050.0000000 0.0000553
2100.0000000 0.0000556
2150.0000000 0.0000559
2200.0000000 0.0000562
2250.0000000 0.0000565
2300.0000000 0.0000568
2350.0000000 0.0000571
2400.0000000 0.0000574
2450.0000000 0.0000577
2500.0000000 0.0000581
2550.0000000 0.0000584
2600.0000000 0.0000587
2650.0000000 0.0000590
2700.0000000 0.0000593
2750.0000000 0.0000596
2800.0000000 0.0000599
2850.0000000 0.0000602
2900.0000000 0.0000605
2950.0000000 0.0000608
3000.0000000 0.0000611
3050.0000000 0.0000614
3100.0000000 0.0000618
3150.0000000 0.0000621
3200.0000000 0.0000624
3250.0000000 0.0000627
3300.0000000 0.0000630
3350.0000000 0.0000634
3400.0000000 0.0000637
3450.0000000 0.0000640
3500.0000000 0.0000643
3550.0000000 0.0000643
3600.0000000 0.0000643
3650.0000000 0.0000643
3700.0000000 0.0000642
3750.0000000 0.0000642
3800.0000000 0.0000642
3850.0000000 0.0000641
3900.0000000 0.0000641
3950.0000000 0.0000641
4000.0000000 0.0000641
4050.0000000 0.0000640
4100.0000000 0.0000640
4150.0000000 0.0000640
4200.0000000 0.0000639
4250.0000000 0.0000639
4300.0000000 0.0000639
4350.0000000 0.0000638
4400.0000000 0.0000638
4450.0000000 0.0000638
4500.0000000 0.0000637
4550.0000000 0.0000637
4600.0000000 0.0000637
4650.0000000 0.0000636
4700.0000000 0.0000636
4750.0000000 0.0000636
4800.0000000 0.0000635
4850.0000000 0.0000635
4900.0000000 0.0000635
4950.0000000 0.0000635
5000.0000000 0.0000634
5050.0000000 0.0000634
5100.0000000 0.0000634
5150.0000000 0.0000634
5200.0000000 0.0000633
5250.0000000 0.0000633
5300.0000000 0.0000633
5350.0000000 0.0000633
5400.0000000 0.0000632
5450.0000000 0.0000632
5500.0000000 0.0000632
5550.0000000 0.0000632
5600.0000000 0.0000632
5650.0000000 0.0000631
5700.0000000 0.0000631
5750.0000000 0.0000631
5800.0000000 0.0000631
5850.0000000 0.0000630
5900.0000000 0.0000630
5950.0000000 0.0000630
6000.0000000 0.0000630
-1 -1
0.000000 1704.728999
-1 -1
0.000000 1.871582
-1 -1
0.000000 0.401113
1074.098000 0.401113
1104.098000 10.000000
-1 -1
77000.000000
0.000000 1544.090000
5.000000 1544.096400
10.000000 1544.125200
15.000000 1544.184500
20.000000 1544.239700
25.000000 1544.305800
30.000000 1544.382300
35.000000 1544.463900
40.000000 1544.535200
45.000000 1544.553900
50.000000 1544.541600
55.000000 1544.473900
60.000000 1544.281000
65.000000 1543.988700
70.000000 1543.591900
75.000000 1543.115200
80.000000 1542.560000
85.000000 1541.949400
90.000000 1541.324200
95.000000 1540.660600
100.000000 1539.983500
105.000000 1539.286800
110.000000 1538.589000
115.000000 1537.898400
120.000000 1537.186800
125.000000 1536.550000
130.000000 1535.856800
135.000000 1535.039400
140.000000 1534.173200
145.000000 1533.241900
150.000000 1532.160600
155.000000 1530.839700
160.000000 1529.543900
165.000000 1528.262600
170.000000 1526.973200
175.000000 1525.767700
180.000000 1524.629400
185.000000 1523.518700
190.000000 1522.342300
195.000000 1521.045800
200.000000 1519.701900
220.000000 1513.756800
240.000000 1509.065800
260.000000 1503.906100
280.000000 1500.254800
300.000000 1497.660600
320.000000 1495.781900
340.000000 1494.726800
360.000000 1493.231600
380.000000 1491.651000
400.000000 1490.370600
420.000000 1489.273900
440.000000 1488.609000
460.000000 1488.030600
480.000000 1487.498700
500.000000 1487.247700
550.000000 1486.908700
600.000000 1486.459400
650.000000 1485.626100
700.000000 1485.199400
750.000000 1485.010000
800.000000 1485.290600
850.000000 1485.417400
900.000000 1485.182300
950.000000 1485.075200
1000.000000 1484.945200
1050.000000 1484.804500
1100.000000 1484.858100
1150.000000 1484.886100
1200.000000 1484.687200
1250.000000 1484.733500
1300.000000 1485.102600
1350.000000 1485.298200
1400.000000 1485.692700
1450.000000 1486.136000
1500.000000 1486.524700
1550.000000 1486.944400
1600.000000 1487.552600
1650.000000 1488.022300
1700.000000 1488.490800
1750.000000 1488.973400
1800.000000 1489.484500
1850.000000 1489.967300
1900.000000 1490.368300
1950.000000 1491.072900
2000.000000 1491.671700
2050.000000 1492.158100
2100.000000 1492.745300
2150.000000 1493.480100
2200.000000 1494.120200
2250.000000 1494.826500
2300.000000 1495.507000
2350.000000 1496.177000
2400.000000 1496.959100
2450.000000 1497.672900
2500.000000 1498.397900
2550.000000 1499.119400
2600.000000 1499.872000
2650.000000 1500.608300
2700.000000 1501.433000
2750.000000 1502.271700
2800.000000 1503.060200
2850.000000 1503.881600
2900.000000 1504.706400
2950.000000 1505.487700
3000.000000 1506.303900
3050.000000 1507.120600
3100.000000 1507.921700
3150.000000 1508.768800
3200.000000 1509.596800
3250.000000 1510.451700
3300.000000 1511.326000
3350.000000 1512.158300
3400.000000 1513.012600
3450.000000 1513.846900
3500.000000 1514.700900
3550.000000 1515.556200
3600.000000 1516.406700
3650.000000 1517.255100
3700.000000 1518.137000
3750.000000 1519.006100
3800.000000 1519.878300
3850.000000 1520.746600
3900.000000 1521.632900
3950.000000 1522.488000
4000.000000 1523.337200
4050.000000 1524.228100
4100.000000 1525.115900
4150.000000 1526.008600
4200.000000 1526.898400
4250.000000 1527.792600
4300.000000 1528.699700
4350.000000 1529.601900
4400.000000 1530.516800
4450.000000 1531.427500
4500.000000 1532.342900
4550.000000 1533.259900
4600.000000 1534.151500
4650.000000 1535.116300
4700.000000 1536.037900
4750.000000 1536.959600
4800.000000 1537.881200
4850.000000 1538.802800
4900.000000 1539.724400
4950.000000 1540.646000
5000.000000 1541.567600
5050.000000 1542.489300
5100.000000 1543.410900
5150.000000 1544.332500
5200.000000 1545.254100
5250.000000 1546.175700
5300.000000 1547.097400
5350.000000 1548.019000
5400.000000 1548.940600
5450.000000 1549.862200
5500.000000 1550.783800
5550.000000 1551.705400
5600.000000 1552.627100
5650.000000 1553.548700
5700.000000 1554.470300
5750.000000 1555.391900
5800.000000 1556.313500
5850.000000 1557.235100
5900.000000 1558.156800
5950.000000 1559.078400
6000.000000 1560.000000
-1 -1
0.0000000 0.0000401
5.0000000 0.0000401
10.0000000 0.0000401
15.0000000 0.0000401
20.0000000 0.0000401
25.0000000 0.0000401
30.0000000 0.0000401
35.0000000 0.0000401
40.0000000 0.0000401
45.0000000 0.0000402
50.0000000 0.0000403
55.0000000 0.0000406
60.0000000 0.0000413
65.0000000 0.0000418
70.0000000 0.0000419
75.0000000 0.0000421
80.0000000 0.0000424
85.0000000 0.0000426
90.0000000 0.0000431
95.0000000 0.0000433
100.0000000 0.0000436
105.0000000 0.0000439
110.0000000 0.0000442
115.0000000 0.0000444
120.0000000 0.0000447
125.0000000 0.0000451
130.0000000 0.0000456
135.0000000 0.0000461
140.0000000 0.0000463
145.0000000 0.0000469
150.0000000 0.0000481
155.0000000 0.0000490
160.0000000 0.0000494
165.0000000 0.0000496
170.0000000 0.0000498
175.0000000 0.0000506
180.0000000 0.0000514
185.0000000 0.0000517
190.0000000 0.0000524
195.0000000 0.0000538
200.0000000 0.0000554
220.0000000 0.0000581
240.0000000 0.0000599
260.0000000 0.0000619
280.0000000 0.0000621
300.0000000 0.0000620
320.0000000 0.0000615
340.0000000 0.0000612
360.0000000 0.0000603
380.0000000 0.0000594
400.0000000 0.0000587
420.0000000 0.0000576
440.0000000 0.0000569
460.0000000 0.0000561
480.0000000 0.0000554
500.0000000 0.0000549
550.0000000 0.0000529
600.0000000 0.0000507
650.0000000 0.0000485
700.0000000 0.0000464
750.0000000 0.0000445
800.0000000 0.0000425
850.0000000 0.0000408
900.0000000 0.0000392
950.0000000 0.0000376
1000.0000000 0.0000360
1050.0000000 0.0000368
1100.0000000 0.0000377
1150.0000000 0.0000385
1200.0000000 0.0000394
1250.0000000 0.0000403
1300.0000000 0.0000411
1350.0000000 0.0000420
1400.0000000 0.0000429
1450.0000000 0.0000438
1500.0000000 0.0000447
1550.0000000 0.0000456
1600.0000000 0.0000465
1650.0000000 0.0000475
1700.0000000 0.0000485
1750.0000000 0.0000495
1800.0000000 0.0000505
1850.0000000 0.0000516
1900.0000000 0.0000527
1950.0000000 0.0000538
2000.0000000 0.0000549
2050.0000000 0.0000553
2100.0000000 0.0000556
2150.0000000 0.0000559
2200.0000000 0.0000562
2250.0000000 0.0000565
2300.0000000 0.0000568
2350.0000000 0.0000571
2400.0000000 0.0000574
2450.0000000 0.0000577
2500.0000000 0.0000581
2550.0000000 0.0000584
2600.0000000 0.0000587
2650.0000000 0.0000590
2700.0000000 0.0000593
2750.0000000 0.0000596
2800.0000000 0.0000599
2850.0000000 0.0000602
2900.0000000 0.0000605
2950.0000000 0.0000608
3000.0000000 0.0000611
3050.0000000 0.0000614
3100.0000000 0.0000618
3150.0000000 0.0000621
3200.0000000 0.0000624
3250.0000000 0.0000627
3300.0000000 0.0000630
3350.0000000 0.0000634
3400.0000000 0.0000637
3450.0000000 0.0000640
3500.0000000 0.0000643
3550.0000000 0.0000643
3600.0000000 0.0000643
3650.0000000 0.0000643
3700.0000000 0.0000642
3750.0000000 0.0000642
3800.0000000 0.0000642
3850.0000000 0.0000641
3900.0000000 0.0000641
3950.0000000 0.0000641
4000.0000000 0.0000641
4050.0000000 0.0000640
4100.0000000 0.0000640
4150.0000000 0.0000640
4200.0000000 0.0000639
4250.0000000 0.0000639
4300.0000000 0.0000639
4350.0000000 0.0000638
4400.0000000 0.0000638
4450.0000000 0.0000638
4500.0000000 0.0000637
4550.0000000 0.0000637
4600.0000000 0.0000637
4650.0000000 0.0000636
4700.0000000 0.0000636
4750.0000000 0.0000636
4800.0000000 0.0000635
4850.0000000 0.0000635
4900.0000000 0.0000635
4950.0000000 0.0000635
5000.0000000 0.0000634
5050.0000000 0.0000634
5100.0000000 0.0000634
5150.0000000 0.0000634
5200.0000000 0.0000633
5250.0000000 0.0000633
5300.0000000 0.0000633
5350.0000000 0.0000633
5400.0000000 0.0000632
5450.0000000 0.0000632
5500.0000000 0.0000632
5550.0000000 0.0000632
5600.0000000 0.0000632
5650.0000000 0.0000631
5700.0000000 0.0000631
5750.0000000 0.0000631
5800.0000000 0.0000631
5850.0000000 0.0000630
5900.0000000 0.0000630
5950.0000000 0.0000630
6000.0000000 0.0000630
-1 -1
0.000000 1706.232138
-1 -1
0.000000 1.871582
-1 -1
0.000000 0.401466
1074.098000 0.401466
1104.098000 10.000000
-1 -1
78000.000000
0.000000 1544.090000
5.000000 1544.096400
10.000000 1544.125200
15.000000 1544.184500
20.000000 1544.239700
25.000000 1544.305800
30.000000 1544.382300
35.000000 1544.463900
40.000000 1544.535200
45.000000 1544.553900
50.000000 1544.541600
55.000000 1544.473900
60.000000 1544.281000
65.000000 1543.988700
70.000000 1543.591900
75.000000 1543.115200
80.000000 1542.560000
85.000000 1541.949400
90.000000 1541.324200
95.000000 1540.660600
100.000000 1539.983500
105.000000 1539.286800
110.000000 1538.589000
115.000000 1537.898400
120.000000 1537.186800
125.000000 1536.550000
130.000000 1535.856800
135.000000 1535.039400
140.000000 1534.173200
145.000000 1533.241900
150.000000 1532.160600
155.000000 1530.839700
160.000000 1529.543900
165.000000 1528.262600
170.000000 1526.973200
175.000000 1525.767700
180.000000 1524.629400
185.000000 1523.518700
190.000000 1522.342300
195.000000 1521.045800
200.000000 1519.701900
220.000000 1513.756800
240.000000 1509.065800
260.000000 1503.906100
280.000000 1500.254800
300.000000 1497.660600
320.000000 1495.781900
340.000000 1494.726800
360.000000 1493.231600
380.000000 1491.651000
400.000000 1490.370600
420.000000 1489.273900
440.000000 1488.609000
460.000000 1488.030600
480.000000 1487.498700
500.000000 1487.247700
550.000000 1486.908700
600.000000 1486.459400
650.000000 1485.626100
700.000000 1485.199400
750.000000 1485.010000
800.000000 1485.290600
850.000000 1485.417400
900.000000 1485.182300
950.000000 1485.075200
1000.000000 1484.945200
1050.000000 1484.804500
1100.000000 1484.858100
1150.000000 1484.886100
1200.000000 1484.687200
1250.000000 1484.733500
1300.000000 1485.102600
1350.000000 1485.298200
1400.000000 1485.692700
1450.000000 1486.136000
1500.000000 1486.524700
1550.000000 1486.944400
1600.000000 1487.552600
1650.000000 1488.022300
1700.000000 1488.490800
1750.000000 1488.973400
1800.000000 1489.484500
1850.000000 1489.967300
1900.000000 1490.368300
1950.000000 1491.072900
2000.000000 1491.671700
2050.000000 1492.158100
2100.000000 1492.745300
2150.000000 1493.480100
2200.000000 1494.120200
2250.000000 1494.826500
2300.000000 1495.507000
2350.000000 1496.177000
2400.000000 1496.959100
2450.000000 1497.672900
2500.000000 1498.397900
2550.000000 1499.119400
2600.000000 1499.872000
2650.000000 1500.608300
2700.000000 1501.433000
2750.000000 1502.271700
2800.000000 1503.060200
2850.000000 1503.881600
2900.000000 1504.706400
2950.000000 1505.487700
3000.000000 1506.303900
3050.000000 1507.120600
3100.000000 1507.921700
3150.000000 1508.768800
3200.000000 1509.596800
3250.000000 1510.451700
3300.000000 1511.326000
3350.000000 1512.158300
3400.000000 1513.012600
3450.000000 1513.846900
3500.000000 1514.700900
3550.000000 1515.556200
3600.000000 1516.406700
3650.000000 1517.255100
3700.000000 1518.137000
3750.000000 1519.006100
3800.000000 1519.878300
3850.000000 1520.746600
3900.000000 1521.632900
3950.000000 1522.488000
4000.000000 1523.337200
4050.000000 1524.228100
4100.000000 1525.115900
4150.000000 1526.008600
4200.000000 1526.898400
4250.000000 1527.792600
4300.000000 1528.699700
4350.000000 1529.601900
4400.000000 1530.516800
4450.000000 1531.427500
4500.000000 1532.342900
4550.000000 1533.259900
4600.000000 1534.151500
4650.000000 1535.116300
4700.000000 1536.037900
4750.000000 1536.959600
4800.000000 1537.881200
4850.000000 1538.802800
4900.000000 1539.724400
4950.000000 1540.646000
5000.000000 1541.567600
5050.000000 1542.489300
5100.000000 1543.410900
5150.000000 1544.332500
5200.000000 1545.254100
5250.000000 1546.175700
5300.000000 1547.097400
5350.000000 1548.019000
5400.000000 1548.940600
5450.000000 1549.862200
5500.000000 1550.783800
5550.000000 1551.705400
5600.000000 1552.627100
5650.000000 1553.548700
5700.000000 1554.470300
5750.000000 1555.391900
5800.000000 1556.313500
5850.000000 1557.235100
5900.000000 1558.156800
5950.000000 1559.078400
6000.000000 1560.000000
-1 -1
0.0000000 0.0000401
5.0000000 0.0000401
10.0000000 0.0000401
15.0000000 0.0000401
20.0000000 0.0000401
25.0000000 0.0000401
30.0000000 0.0000401
35.0000000 0.0000401
40.0000000 0.0000401
45.0000000 0.0000402
50.0000000 0.0000403
55.0000000 0.0000406
60.0000000 0.0000413
65.0000000 0.0000418
70.0000000 0.0000419
75.0000000 0.0000421
80.0000000 0.0000424
85.0000000 0.0000426
90.0000000 0.0000431
95.0000000 0.0000433
100.0000000 0.0000436
105.0000000 0.0000439
110.0000000 0.0000442
115.0000000 0.0000444
120.0000000 0.0000447
125.0000000 0.0000451
130.0000000 0.0000456
135.0000000 0.0000461
140.0000000 0.0000463
145.0000000 0.0000469
150.0000000 0.0000481
155.0000000 0.0000490
160.0000000 0.0000494
165.0000000 0.0000496
170.0000000 0.0000498
175.0000000 0.0000506
180.0000000 0.0000514
185.0000000 0.0000517
190.0000000 0.0000524
195.0000000 0.0000538
200.0000000 0.0000554
220.0000000 0.0000581
240.0000000 0.0000599
260.0000000 0.0000619
280.0000000 0.0000621
300.0000000 0.0000620
320.0000000 0.0000615
340.0000000 0.0000612
360.0000000 0.0000603
380.0000000 0.0000594
400.0000000 0.0000587
420.0000000 0.0000576
440.0000000 0.0000569
460.0000000 0.0000561
480.0000000 0.0000554
500.0000000 0.0000549
550.0000000 0.0000529
600.0000000 0.0000507
650.0000000 0.0000485
700.0000000 0.0000464
750.0000000 0.0000445
800.0000000 0.0000425
850.0000000 0.0000408
900.0000000 0.0000392
950.0000000 0.0000376
1000.0000000 0.0000360
1050.0000000 0.0000368
1100.0000000 0.0000377
1150.0000000 0.0000385
1200.0000000 0.0000394
1250.0000000 0.0000403
1300.0000000 0.0000411
1350.0000000 0.0000420
1400.0000000 0.0000429
1450.0000000 0.0000438
1500.0000000 0.0000447
1550.0000000 0.0000456
1600.0000000 0.0000465
1650.0000000 0.0000475
1700.0000000 0.0000485
1750.0000000 0.0000495
1800.0000000 0.0000505
1850.0000000 0.0000516
1900.0000000 0.0000527
1950.0000000 0.0000538
2000.0000000 0.0000549
2050.0000000 0.0000553
2100.0000000 0.0000556
2150.0000000 0.0000559
2200.0000000 0.0000562
2250.0000000 0.0000565
2300.0000000 0.0000568
2350.0000000 0.0000571
2400.0000000 0.0000574
2450.0000000 0.0000577
2500.0000000 0.0000581
2550.0000000 0.0000584
2600.0000000 0.0000587
2650.0000000 0.0000590
2700.0000000 0.0000593
2750.0000000 0.0000596
2800.0000000 0.0000599
2850.0000000 0.0000602
2900.0000000 0.0000605
2950.0000000 0.0000608
3000.0000000 0.0000611
3050.0000000 0.0000614
3100.0000000 0.0000618
3150.0000000 0.0000621
3200.0000000 0.0000624
3250.0000000 0.0000627
3300.0000000 0.0000630
3350.0000000 0.0000634
3400.0000000 0.0000637
3450.0000000 0.0000640
3500.0000000 0.0000643
3550.0000000 0.0000643
3600.0000000 0.0000643
3650.0000000 0.0000643
3700.0000000 0.0000642
3750.0000000 0.0000642
3800.0000000 0.0000642
3850.0000000 0.0000641
3900.0000000 0.0000641
3950.0000000 0.0000641
4000.0000000 0.0000641
4050.0000000 0.0000640
4100.0000000 0.0000640
4150.0000000 0.0000640
4200.0000000 0.0000639
4250.0000000 0.0000639
4300.0000000 0.0000639
4350.0000000 0.0000638
4400.0000000 0.0000638
4450.0000000 0.0000638
4500.0000000 0.0000637
4550.0000000 0.0000637
4600.0000000 0.0000637
4650.0000000 0.0000636
4700.0000000 0.0000636
4750.0000000 0.0000636
4800.0000000 0.0000635
4850.0000000 0.0000635
4900.0000000 0.0000635
4950.0000000 0.0000635
5000.0000000 0.0000634
5050.0000000 0.0000634
5100.0000000 0.0000634
5150.0000000 0.0000634
5200.0000000 0.0000633
5250.0000000 0.0000633
5300.0000000 0.0000633
5350.0000000 0.0000633
5400.0000000 0.0000632
5450.0000000 0.0000632
5500.0000000 0.0000632
5550.0000000 0.0000632
5600.0000000 0.0000632
5650.0000000 0.0000631
5700.0000000 0.0000631
5750.0000000 0.0000631
5800.0000000 0.0000631
5850.0000000 0.0000630
5900.0000000 0.0000630
5950.0000000 0.0000630
6000.0000000 0.0000630
-1 -1
0.000000 1708.387289
-1 -1
0.000000 1.871582
-1 -1
0.000000 0.401973
1074.098000 0.401973
1104.098000 10.000000
-1 -1
79000.000000
0.000000 1544.090000
5.000000 1544.096400
10.000000 1544.125200
15.000000 1544.184500
20.000000 1544.239700
25.000000 1544.305800
30.000000 1544.382300
35.000000 1544.463900
40.000000 1544.535200
45.000000 1544.553900
50.000000 1544.541600
55.000000 1544.473900
60.000000 1544.281000
65.000000 1543.988700
70.000000 1543.591900
75.000000 1543.115200
80.000000 1542.560000
85.000000 1541.949400
90.000000 1541.324200
95.000000 1540.660600
100.000000 1539.983500
105.000000 1539.286800
110.000000 1538.589000
115.000000 1537.898400
120.000000 1537.186800
125.000000 1536.550000
130.000000 1535.856800
135.000000 1535.039400
140.000000 1534.173200
145.000000 1533.241900
150.000000 1532.160600
155.000000 1530.839700
160.000000 1529.543900
165.000000 1528.262600
170.000000 1526.973200
175.000000 1525.767700
180.000000 1524.629400
185.000000 1523.518700
190.000000 1522.342300
195.000000 1521.045800
200.000000 1519.701900
220.000000 1513.756800
240.000000 1509.065800
260.000000 1503.906100
280.000000 1500.254800
300.000000 1497.660600
320.000000 1495.781900
340.000000 1494.726800
360.000000 1493.231600
380.000000 1491.651000
400.000000 1490.370600
420.000000 1489.273900
440.000000 1488.609000
460.000000 1488.030600
480.000000 1487.498700
500.000000 1487.247700
550.000000 1486.908700
600.000000 1486.459400
650.000000 1485.626100
700.000000 1485.199400
750.000000 1485.010000
800.000000 1485.290600
850.000000 1485.417400
900.000000 1485.182300
950.000000 1485.075200
1000.000000 1484.945200
1050.000000 1484.804500
1100.000000 1484.858100
1150.000000 1484.886100
1200.000000 1484.687200
1250.000000 1484.733500
1300.000000 1485.102600
1350.000000 1485.298200
1400.000000 1485.692700
1450.000000 1486.136000
1500.000000 1486.524700
1550.000000 1486.944400
1600.000000 1487.552600
1650.000000 1488.022300
1700.000000 1488.490800
1750.000000 1488.973400
1800.000000 1489.484500
1850.000000 1489.967300
1900.000000 1490.368300
1950.000000 1491.072900
2000.000000 1491.671700
2050.000000 1492.158100
2100.000000 1492.745300
2150.000000 1493.480100
2200.000000 1494.120200
2250.000000 1494.826500
2300.000000 1495.507000
2350.000000 1496.177000
2400.000000 1496.959100
2450.000000 1497.672900
2500.000000 1498.397900
2550.000000 1499.119400
2600.000000 1499.872000
2650.000000 1500.608300
2700.000000 1501.433000
2750.000000 1502.271700
2800.000000 1503.060200
2850.000000 1503.881600
2900.000000 1504.706400
2950.000000 1505.487700
3000.000000 1506.303900
3050.000000 1507.120600
3100.000000 1507.921700
3150.000000 1508.768800
3200.000000 1509.596800
3250.000000 1510.451700
3300.000000 1511.326000
3350.000000 1512.158300
3400.000000 1513.012600
3450.000000 1513.846900
3500.000000 1514.700900
3550.000000 1515.556200
3600.000000 1516.406700
3650.000000 1517.255100
3700.000000 1518.137000
3750.000000 1519.006100
3800.000000 1519.878300
3850.000000 1520.746600
3900.000000 1521.632900
3950.000000 1522.488000
4000.000000 1523.337200
4050.000000 1524.228100
4100.000000 1525.115900
4150.000000 1526.008600
4200.000000 1526.898400
4250.000000 1527.792600
4300.000000 1528.699700
4350.000000 1529.601900
4400.000000 1530.516800
4450.000000 1531.427500
4500.000000 1532.342900
4550.000000 1533.259900
4600.000000 1534.151500
4650.000000 1535.116300
4700.000000 1536.037900
4750.000000 1536.959600
4800.000000 1537.881200
4850.000000 1538.802800
4900.000000 1539.724400
4950.000000 1540.646000
5000.000000 1541.567600
5050.000000 1542.489300
5100.000000 1543.410900
5150.000000 1544.332500
5200.000000 1545.254100
5250.000000 1546.175700
5300.000000 1547.097400
5350.000000 1548.019000
5400.000000 1548.940600
5450.000000 1549.862200
5500.000000 1550.783800
5550.000000 1551.705400
5600.000000 1552.627100
5650.000000 1553.548700
5700.000000 1554.470300
5750.000000 1555.391900
5800.000000 1556.313500
5850.000000 1557.235100
5900.000000 1558.156800
5950.000000 1559.078400
6000.000000 1560.000000
-1 -1
0.0000000 0.0000401
5.0000000 0.0000401
10.0000000 0.0000401
15.0000000 0.0000401
20.0000000 0.0000401
25.0000000 0.0000401
30.0000000 0.0000401
35.0000000 0.0000401
40.0000000 0.0000401
45.0000000 0.0000402
50.0000000 0.0000403
55.0000000 0.0000406
60.0000000 0.0000413
65.0000000 0.0000418
70.0000000 0.0000419
75.0000000 0.0000421
80.0000000 0.0000424
85.0000000 0.0000426
90.0000000 0.0000431
95.0000000 0.0000433
100.0000000 0.0000436
105.0000000 0.0000439
110.0000000 0.0000442
115.0000000 0.0000444
120.0000000 0.0000447
125.0000000 0.0000451
130.0000000 0.0000456
135.0000000 0.0000461
140.0000000 0.0000463
145.0000000 0.0000469
150.0000000 0.0000481
155.0000000 0.0000490
160.0000000 0.0000494
165.0000000 0.0000496
170.0000000 0.0000498
175.0000000 0.0000506
180.0000000 0.0000514
185.0000000 0.0000517
190.0000000 0.0000524
195.0000000 0.0000538
200.0000000 0.0000554
220.0000000 0.0000581
240.0000000 0.0000599
260.0000000 0.0000619
280.0000000 0.0000621
300.0000000 0.0000620
320.0000000 0.0000615
340.0000000 0.0000612
360.0000000 0.0000603
380.0000000 0.0000594
400.0000000 0.0000587
420.0000000 0.0000576
440.0000000 0.0000569
460.0000000 0.0000561
480.0000000 0.0000554
500.0000000 0.0000549
550.0000000 0.0000529
600.0000000 0.0000507
650.0000000 0.0000485
700.0000000 0.0000464
750.0000000 0.0000445
800.0000000 0.0000425
850.0000000 0.0000408
900.0000000 0.0000392
950.0000000 0.0000376
1000.0000000 0.0000360
1050.0000000 0.0000368
1100.0000000 0.0000377
1150.0000000 0.0000385
1200.0000000 0.0000394
1250.0000000 0.0000403
1300.0000000 0.0000411
1350.0000000 0.0000420
1400.0000000 0.0000429
1450.0000000 0.0000438
1500.0000000 0.0000447
1550.0000000 0.0000456
1600.0000000 0.0000465
1650.0000000 0.0000475
1700.0000000 0.0000485
1750.0000000 0.0000495
1800.0000000 0.0000505
1850.0000000 0.0000516
1900.0000000 0.0000527
1950.0000000 0.0000538
2000.0000000 0.0000549
2050.0000000 0.0000553
2100.0000000 0.0000556
2150.0000000 0.0000559
2200.0000000 0.0000562
2250.0000000 0.0000565
2300.0000000 0.0000568
2350.0000000 0.0000571
2400.0000000 0.0000574
2450.0000000 0.0000577
2500.0000000 0.0000581
2550.0000000 0.0000584
2600.0000000 0.0000587
2650.0000000 0.0000590
2700.0000000 0.0000593
2750.0000000 0.0000596
2800.0000000 0.0000599
2850.0000000 0.0000602
2900.0000000 0.0000605
2950.0000000 0.0000608
3000.0000000 0.0000611
3050.0000000 0.0000614
3100.0000000 0.0000618
3150.0000000 0.0000621
3200.0000000 0.0000624
3250.0000000 0.0000627
3300.0000000 0.0000630
3350.0000000 0.0000634
3400.0000000 0.0000637
3450.0000000 0.0000640
3500.0000000 0.0000643
3550.0000000 0.0000643
3600.0000000 0.0000643
3650.0000000 0.0000643
3700.0000000 0.0000642
3750.0000000 0.0000642
3800.0000000 0.0000642
3850.0000000 0.0000641
3900.0000000 0.0000641
3950.0000000 0.0000641
4000.0000000 0.0000641
4050.0000000 0.0000640
4100.0000000 0.0000640
4150.0000000 0.0000640
4200.0000000 0.0000639
4250.0000000 0.0000639
4300.0000000 0.0000639
4350.0000000 0.0000638
4400.0000000 0.0000638
4450.0000000 0.0000638
4500.0000000 0.0000637
4550.0000000 0.0000637
4600.0000000 0.0000637
4650.0000000 0.0000636
4700.0000000 0.0000636
4750.0000000 0.0000636
4800.0000000 0.0000635
4850.0000000 0.0000635
4900.0000000 0.0000635
4950.0000000 0.0000635
5000.0000000 0.0000634
5050.0000000 0.0000634
5100.0000000 0.0000634
5150.0000000 0.0000634
5200.0000000 0.0000633
5250.0000000 0.0000633
5300.0000000 0.0000633
5350.0000000 0.0000633
5400.0000000 0.0000632
5450.0000000 0.0000632
5500.0000000 0.0000632
5550.0000000 0.0000632
5600.0000000 0.0000632
5650.0000000 0.0000631
5700.0000000 0.0000631
5750.0000000 0.0000631
5800.0000000 0.0000631
5850.0000000 0.0000630
5900.0000000 0.0000630
5950.0000000 0.0000630
6000.0000000 0.0000630
-1 -1
0.000000 1707.307060
-1 -1
0.000000 1.871582
-1 -1
0.000000 0.401719
1074.098000 0.401719
1104.098000 10.000000
-1 -1
80000.000000
0.000000 1544.090000
5.000000 1544.096400
10.000000 1544.125200
15.000000 1544.184500
20.000000 1544.239700
25.000000 1544.305800
30.000000 1544.382300
35.000000 1544.463900
40.000000 1544.535200
45.000000 1544.553900
50.000000 1544.541600
55.000000 1544.473900
60.000000 1544.281000
65.000000 1543.988700
70.000000 1543.591900
75.000000 1543.115200
80.000000 1542.560000
85.000000 1541.949400
90.000000 1541.324200
95.000000 1540.660600
100.000000 1539.983500
105.000000 1539.286800
110.000000 1538.589000
115.000000 1537.898400
120.000000 1537.186800
125.000000 1536.550000
130.000000 1535.856800
135.000000 1535.039400
140.000000 1534.173200
145.000000 1533.241900
150.000000 1532.160600
155.000000 1530.839700
160.000000 1529.543900
165.000000 1528.262600
170.000000 1526.973200
175.000000 1525.767700
180.000000 1524.629400
185.000000 1523.518700
190.000000 1522.342300
195.000000 1521.045800
200.000000 1519.701900
220.000000 1513.756800
240.000000 1509.065800
260.000000 1503.906100
280.000000 1500.254800
300.000000 1497.660600
320.000000 1495.781900
340.000000 1494.726800
360.000000 1493.231600
380.000000 1491.651000
400.000000 1490.370600
420.000000 1489.273900
440.000000 1488.609000
460.000000 1488.030600
480.000000 1487.498700
500.000000 1487.247700
550.000000 1486.908700
600.000000 1486.459400
650.000000 1485.626100
700.000000 1485.199400
750.000000 1485.010000
800.000000 1485.290600
850.000000 1485.417400
900.000000 1485.182300
950.000000 1485.075200
1000.000000 1484.945200
1050.000000 1484.804500
1100.000000 1484.858100
1150.000000 1484.886100
1200.000000 1484.687200
1250.000000 1484.733500
1300.000000 1485.102600
1350.000000 1485.298200
1400.000000 1485.692700
1450.000000 1486.136000
1500.000000 1486.524700
1550.000000 1486.944400
1600.000000 1487.552600
1650.000000 1488.022300
1700.000000 1488.490800
1750.000000 1488.973400
1800.000000 1489.484500
1850.000000 1489.967300
1900.000000 1490.368300
1950.000000 1491.072900
2000.000000 1491.671700
2050.000000 1492.158100
2100.000000 1492.745300
2150.000000 1493.480100
2200.000000 1494.120200
2250.000000 1494.826500
2300.000000 1495.507000
2350.000000 1496.177000
2400.000000 1496.959100
2450.000000 1497.672900
2500.000000 1498.397900
2550.000000 1499.119400
2600.000000 1499.872000
2650.000000 1500.608300
2700.000000 1501.433000
2750.000000 1502.271700
2800.000000 1503.060200
2850.000000 1503.881600
2900.000000 1504.706400
2950.000000 1505.487700
3000.000000 1506.303900
3050.000000 1507.120600
3100.000000 1507.921700
3150.000000 1508.768800
3200.000000 1509.596800
3250.000000 1510.451700
3300.000000 1511.326000
3350.000000 1512.158300
3400.000000 1513.012600
3450.000000 1513.846900
3500.000000 1514.700900
3550.000000 1515.556200
3600.000000 1516.406700
3650.000000 1517.255100
3700.000000 1518.137000
3750.000000 1519.006100
3800.000000 1519.878300
3850.000000 1520.746600
3900.000000 1521.632900
3950.000000 1522.488000
4000.000000 1523.337200
4050.000000 1524.228100
4100.000000 1525.115900
4150.000000 1526.008600
4200.000000 1526.898400
4250.000000 1527.792600
4300.000000 1528.699700
4350.000000 1529.601900
4400.000000 1530.516800
4450.000000 1531.427500
4500.000000 1532.342900
4550.000000 1533.259900
4600.000000 1534.151500
4650.000000 1535.116300
4700.000000 1536.037900
4750.000000 1536.959600
4800.000000 1537.881200
4850.000000 1538.802800
4900.000000 1539.724400
4950.000000 1540.646000
5000.000000 1541.567600
5050.000000 1542.489300
5100.000000 1543.410900
5150.000000 1544.332500
5200.000000 1545.254100
5250.000000 1546.175700
5300.000000 1547.097400
5350.000000 1548.019000
5400.000000 1548.940600
5450.000000 1549.862200
5500.000000 1550.783800
5550.000000 1551.705400
5600.000000 1552.627100
5650.000000 1553.548700
5700.000000 1554.470300
5750.000000 1555.391900
5800.000000 1556.313500
5850.000000 1557.235100
5900.000000 1558.156800
5950.000000 1559.078400
6000.000000 1560.000000
-1 -1
0.0000000 0.0000401
5.0000000 0.0000401
10.0000000 0.0000401
15.0000000 0.0000401
20.0000000 0.0000401
25.0000000 0.0000401
30.0000000 0.0000401
35.0000000 0.0000401
40.0000000 0.0000401
45.0000000 0.0000402
50.0000000 0.0000403
55.0000000 0.0000406
60.0000000 0.0000413
65.0000000 0.0000418
70.0000000 0.0000419
75.0000000 0.0000421
80.0000000 0.0000424
85.0000000 0.0000426
90.0000000 0.0000431
95.0000000 0.0000433
100.0000000 0.0000436
105.0000000 0.0000439
110.0000000 0.0000442
115.0000000 0.0000444
120.0000000 0.0000447
125.0000000 0.0000451
130.0000000 0.0000456
135.0000000 0.0000461
140.0000000 0.0000463
145.0000000 0.0000469
150.0000000 0.0000481
155.0000000 0.0000490
160.0000000 0.0000494
165.0000000 0.0000496
170.0000000 0.0000498
175.0000000 0.0000506
180.0000000 0.0000514
185.0000000 0.0000517
190.0000000 0.0000524
195.0000000 0.0000538
200.0000000 0.0000554
220.0000000 0.0000581
240.0000000 0.0000599
260.0000000 0.0000619
280.0000000 0.0000621
300.0000000 0.0000620
320.0000000 0.0000615
340.0000000 0.0000612
360.0000000 0.0000603
380.0000000 0.0000594
400.0000000 0.0000587
420.0000000 0.0000576
440.0000000 0.0000569
460.0000000 0.0000561
480.0000000 0.0000554
500.0000000 0.0000549
550.0000000 0.0000529
600.0000000 0.0000507
650.0000000 0.0000485
700.0000000 0.0000464
750.0000000 0.0000445
800.0000000 0.0000425
850.0000000 0.0000408
900.0000000 0.0000392
950.0000000 0.0000376
1000.0000000 0.0000360
1050.0000000 0.0000368
1100.0000000 0.0000377
1150.0000000 0.0000385
1200.0000000 0.0000394
1250.0000000 0.0000403
1300.0000000 0.0000411
1350.0000000 0.0000420
1400.0000000 0.0000429
1450.0000000 0.0000438
1500.0000000 0.0000447
1550.0000000 0.0000456
1600.0000000 0.0000465
1650.0000000 0.0000475
1700.0000000 0.0000485
1750.0000000 0.0000495
1800.0000000 0.0000505
1850.0000000 0.0000516
1900.0000000 0.0000527
1950.0000000 0.0000538
2000.0000000 0.0000549
2050.0000000 0.0000553
2100.0000000 0.0000556
2150.0000000 0.0000559
2200.0000000 0.0000562
2250.0000000 0.0000565
2300.0000000 0.0000568
2350.0000000 0.0000571
2400.0000000 0.0000574
2450.0000000 0.0000577
2500.0000000 0.0000581
2550.0000000 0.0000584
2600.0000000 0.0000587
2650.0000000 0.0000590
2700.0000000 0.0000593
2750.0000000 0.0000596
2800.0000000 0.0000599
2850.0000000 0.0000602
2900.0000000 0.0000605
2950.0000000 0.0000608
3000.0000000 0.0000611
3050.0000000 0.0000614
3100.0000000 0.0000618
3150.0000000 0.0000621
3200.0000000 0.0000624
3250.0000000 0.0000627
3300.0000000 0.0000630
3350.0000000 0.0000634
3400.0000000 0.0000637
3450.0000000 0.0000640
3500.0000000 0.0000643
3550.0000000 0.0000643
3600.0000000 0.0000643
3650.0000000 0.0000643
3700.0000000 0.0000642
3750.0000000 0.0000642
3800.0000000 0.0000642
3850.0000000 0.0000641
3900.0000000 0.0000641
3950.0000000 0.0000641
4000.0000000 0.0000641
4050.0000000 0.0000640
4100.0000000 0.0000640
4150.0000000 0.0000640
4200.0000000 0.0000639
4250.0000000 0.0000639
4300.0000000 0.0000639
4350.0000000 0.0000638
4400.0000000 0.0000638
4450.0000000 0.0000638
4500.0000000 0.0000637
4550.0000000 0.0000637
4600.0000000 0.0000637
4650.0000000 0.0000636
4700.0000000 0.0000636
4750.0000000 0.0000636
4800.0000000 0.0000635
4850.0000000 0.0000635
4900.0000000 0.0000635
4950.0000000 0.0000635
5000.0000000 0.0000634
5050.0000000 0.0000634
5100.0000000 0.0000634
5150.0000000 0.0000634
5200.0000000 0.0000633
5250.0000000 0.0000633
5300.0000000 0.0000633
5350.0000000 0.0000633
5400.0000000 0.0000632
5450.0000000 0.0000632
5500.0000000 0.0000632
5550.0000000 0.0000632
5600.0000000 0.0000632
5650.0000000 0.0000631
5700.0000000 0.0000631
5750.0000000 0.0000631
5800.0000000 0.0000631
5850.0000000 0.0000630
5900.0000000 0.0000630
5950.0000000 0.0000630
6000.0000000 0.0000630
-1 -1
0.000000 1710.341638
-1 -1
0.000000 1.871582
-1 -1
0.000000 0.402433
1074.098000 0.402433
1104.098000 10.000000
-1 -1
81000.000000
0.000000 1544.090000
5.000000 1544.096400
10.000000 1544.125200
15.000000 1544.184500
20.000000 1544.239700
25.000000 1544.305800
30.000000 1544.382300
35.000000 1544.463900
40.000000 1544.535200
45.000000 1544.553900
50.000000 1544.541600
55.000000 1544.473900
60.000000 1544.281000
65.000000 1543.988700
70.000000 1543.591900
75.000000 1543.115200
80.000000 1542.560000
85.000000 1541.949400
90.000000 1541.324200
95.000000 1540.660600
100.000000 1539.983500
105.000000 1539.286800
110.000000 1538.589000
115.000000 1537.898400
120.000000 1537.186800
125.000000 1536.550000
130.000000 1535.856800
135.000000 1535.039400
140.000000 1534.173200
145.000000 1533.241900
150.000000 1532.160600
155.000000 1530.839700
160.000000 1529.543900
165.000000 1528.262600
170.000000 1526.973200
175.000000 1525.767700
180.000000 1524.629400
185.000000 1523.518700
190.000000 1522.342300
195.000000 1521.045800
200.000000 1519.701900
220.000000 1513.756800
240.000000 1509.065800
260.000000 1503.906100
280.000000 1500.254800
300.000000 1497.660600
320.000000 1495.781900
340.000000 1494.726800
360.000000 1493.231600
380.000000 1491.651000
400.000000 1490.370600
420.000000 1489.273900
440.000000 1488.609000
460.000000 1488.030600
480.000000 1487.498700
500.000000 1487.247700
550.000000 1486.908700
600.000000 1486.459400
650.000000 1485.626100
700.000000 1485.199400
750.000000 1485.010000
800.000000 1485.290600
850.000000 1485.417400
900.000000 1485.182300
950.000000 1485.075200
1000.000000 1484.945200
1050.000000 1484.804500
1100.000000 1484.858100
1150.000000 1484.886100
1200.000000 1484.687200
1250.000000 1484.733500
1300.000000 1485.102600
1350.000000 1485.298200
1400.000000 1485.692700
1450.000000 1486.136000
1500.000000 1486.524700
1550.000000 1486.944400
1600.000000 1487.552600
1650.000000 1488.022300
1700.000000 1488.490800
1750.000000 1488.973400
1800.000000 1489.484500
1850.000000 1489.967300
1900.000000 1490.368300
1950.000000 1491.072900
2000.000000 1491.671700
2050.000000 1492.158100
2100.000000 1492.745300
2150.000000 1493.480100
2200.000000 1494.120200
2250.000000 1494.826500
2300.000000 1495.507000
2350.000000 1496.177000
2400.000000 1496.959100
2450.000000 1497.672900
2500.000000 1498.397900
2550.000000 1499.119400
2600.000000 1499.872000
2650.000000 1500.608300
2700.000000 1501.433000
2750.000000 1502.271700
2800.000000 1503.060200
2850.000000 1503.881600
2900.000000 1504.706400
2950.000000 1505.487700
3000.000000 1506.303900
3050.000000 1507.120600
3100.000000 1507.921700
3150.000000 1508.768800
3200.000000 1509.596800
3250.000000 1510.451700
3300.000000 1511.326000
3350.000000 1512.158300
3400.000000 1513.012600
3450.000000 1513.846900
3500.000000 1514.700900
3550.000000 1515.556200
3600.000000 1516.406700
3650.000000 1517.255100
3700.000000 1518.137000
3750.000000 1519.006100
3800.000000 1519.878300
3850.000000 1520.746600
3900.000000 1521.632900
3950.000000 1522.488000
4000.000000 1523.337200
4050.000000 1524.228100
4100.000000 1525.115900
4150.000000 1526.008600
4200.000000 1526.898400
4250.000000 1527.792600
4300.000000 1528.699700
4350.000000 1529.601900
4400.000000 1530.516800
4450.000000 1531.427500
4500.000000 1532.342900
4550.000000 1533.259900
4600.000000 1534.151500
4650.000000 1535.116300
4700.000000 1536.037900
4750.000000 1536.959600
4800.000000 1537.881200
4850.000000 1538.802800
4900.000000 1539.724400
4950.000000 1540.646000
5000.000000 1541.567600
5050.000000 1542.489300
5100.000000 1543.410900
5150.000000 1544.332500
5200.000000 1545.254100
5250.000000 1546.175700
5300.000000 1547.097400
5350.000000 1548.019000
5400.000000 1548.940600
5450.000000 1549.862200
5500.000000 1550.783800
5550.000000 1551.705400
5600.000000 1552.627100
5650.000000 1553.548700
5700.000000 1554.470300
5750.000000 1555.391900
5800.000000 1556.313500
5850.000000 1557.235100
5900.000000 1558.156800
5950.000000 1559.078400
6000.000000 1560.000000
-1 -1
0.0000000 0.0000401
5.0000000 0.0000401
10.0000000 0.0000401
15.0000000 0.0000401
20.0000000 0.0000401
25.0000000 0.0000401
30.0000000 0.0000401
35.0000000 0.0000401
40.0000000 0.0000401
45.0000000 0.0000402
50.0000000 0.0000403
55.0000000 0.0000406
60.0000000 0.0000413
65.0000000 0.0000418
70.0000000 0.0000419
75.0000000 0.0000421
80.0000000 0.0000424
85.0000000 0.0000426
90.0000000 0.0000431
95.0000000 0.0000433
100.0000000 0.0000436
105.0000000 0.0000439
110.0000000 0.0000442
115.0000000 0.0000444
120.0000000 0.0000447
125.0000000 0.0000451
130.0000000 0.0000456
135.0000000 0.0000461
140.0000000 0.0000463
145.0000000 0.0000469
150.0000000 0.0000481
155.0000000 0.0000490
160.0000000 0.0000494
165.0000000 0.0000496
170.0000000 0.0000498
175.0000000 0.0000506
180.0000000 0.0000514
185.0000000 0.0000517
190.0000000 0.0000524
195.0000000 0.0000538
200.0000000 0.0000554
220.0000000 0.0000581
240.0000000 0.0000599
260.0000000 0.0000619
280.0000000 0.0000621
300.0000000 0.0000620
320.0000000 0.0000615
340.0000000 0.0000612
360.0000000 0.0000603
380.0000000 0.0000594
400.0000000 0.0000587
420.0000000 0.0000576
440.0000000 0.0000569
460.0000000 0.0000561
480.0000000 0.0000554
500.0000000 0.0000549
550.0000000 0.0000529
600.0000000 0.0000507
650.0000000 0.0000485
700.0000000 0.0000464
750.0000000 0.0000445
800.0000000 0.0000425
850.0000000 0.0000408
900.0000000 0.0000392
950.0000000 0.0000376
1000.0000000 0.0000360
1050.0000000 0.0000368
1100.0000000 0.0000377
1150.0000000 0.0000385
1200.0000000 0.0000394
1250.0000000 0.0000403
1300.0000000 0.0000411
1350.0000000 0.0000420
1400.0000000 0.0000429
1450.0000000 0.0000438
1500.0000000 0.0000447
1550.0000000 0.0000456
1600.0000000 0.0000465
1650.0000000 0.0000475
1700.0000000 0.0000485
1750.0000000 0.0000495
1800.0000000 0.0000505
1850.0000000 0.0000516
1900.0000000 0.0000527
1950.0000000 0.0000538
2000.0000000 0.0000549
2050.0000000 0.0000553
2100.0000000 0.0000556
2150.0000000 0.0000559
2200.0000000 0.0000562
2250.0000000 0.0000565
2300.0000000 0.0000568
2350.0000000 0.0000571
2400.0000000 0.0000574
2450.0000000 0.0000577
2500.0000000 0.0000581
2550.0000000 0.0000584
2600.0000000 0.0000587
2650.0000000 0.0000590
2700.0000000 0.0000593
2750.0000000 0.0000596
2800.0000000 0.0000599
2850.0000000 0.0000602
2900.0000000 0.0000605
2950.0000000 0.0000608
3000.0000000 0.0000611
3050.0000000 0.0000614
3100.0000000 0.0000618
3150.0000000 0.0000621
3200.0000000 0.0000624
3250.0000000 0.0000627
3300.0000000 0.0000630
3350.0000000 0.0000634
3400.0000000 0.0000637
3450.0000000 0.0000640
3500.0000000 0.0000643
3550.0000000 0.0000643
3600.0000000 0.0000643
3650.0000000 0.0000643
3700.0000000 0.0000642
3750.0000000 0.0000642
3800.0000000 0.0000642
3850.0000000 0.0000641
3900.0000000 0.0000641
3950.0000000 0.0000641
4000.0000000 0.0000641
4050.0000000 0.0000640
4100.0000000 0.0000640
4150.0000000 0.0000640
4200.0000000 0.0000639
4250.0000000 0.0000639
4300.0000000 0.0000639
4350.0000000 0.0000638
4400.0000000 0.0000638
4450.0000000 0.0000638
4500.0000000 0.0000637
4550.0000000 0.0000637
4600.0000000 0.0000637
4650.0000000 0.0000636
4700.0000000 0.0000636
4750.0000000 0.0000636
4800.0000000 0.0000635
4850.0000000 0.0000635
4900.0000000 0.0000635
4950.0000000 0.0000635
5000.0000000 0.0000634
5050.0000000 0.0000634
5100.0000000 0.0000634
5150.0000000 0.0000634
5200.0000000 0.0000633
5250.0000000 0.0000633
5300.0000000 0.0000633
5350.0000000 0.0000633
5400.0000000 0.0000632
5450.0000000 0.0000632
5500.0000000 0.0000632
5550.0000000 0.0000632
5600.0000000 0.0000632
5650.0000000 0.0000631
5700.0000000 0.0000631
5750.0000000 0.0000631
5800.0000000 0.0000631
5850.0000000 0.0000630
5900.0000000 0.0000630
5950.0000000 0.0000630
6000.0000000 0.0000630
-1 -1
0.000000 1710.558406
-1 -1
0.000000 1.871582
-1 -1
0.000000 0.402484
1074.098000 0.402484
1104.098000 10.000000
-1 -1
82000.000000
0.000000 1544.090000
5.000000 1544.096400
10.000000 1544.125200
15.000000 1544.184500
20.000000 1544.239700
25.000000 1544.305800
30.000000 1544.382300
35.000000 1544.463900
40.000000 1544.535200
45.000000 1544.553900
50.000000 1544.541600
55.000000 1544.473900
60.000000 1544.281000
65.000000 1543.988700
70.000000 1543.591900
75.000000 1543.115200
80.000000 1542.560000
85.000000 1541.949400
90.000000 1541.324200
95.000000 1540.660600
100.000000 1539.983500
105.000000 1539.286800
110.000000 1538.589000
115.000000 1537.898400
120.000000 1537.186800
125.000000 1536.550000
130.000000 1535.856800
135.000000 1535.039400
140.000000 1534.173200
145.000000 1533.241900
150.000000 1532.160600
155.000000 1530.839700
160.000000 1529.543900
165.000000 1528.262600
170.000000 1526.973200
175.000000 1525.767700
180.000000 1524.629400
185.000000 1523.518700
190.000000 1522.342300
195.000000 1521.045800
200.000000 1519.701900
220.000000 1513.756800
240.000000 1509.065800
260.000000 1503.906100
280.000000 1500.254800
300.000000 1497.660600
320.000000 1495.781900
340.000000 1494.726800
360.000000 1493.231600
380.000000 1491.651000
400.000000 1490.370600
420.000000 1489.273900
440.000000 1488.609000
460.000000 1488.030600
480.000000 1487.498700
500.000000 1487.247700
550.000000 1486.908700
600.000000 1486.459400
650.000000 1485.626100
700.000000 1485.199400
750.000000 1485.010000
800.000000 1485.290600
850.000000 1485.417400
900.000000 1485.182300
950.000000 1485.075200
1000.000000 1484.945200
1050.000000 1484.804500
1100.000000 1484.858100
1150.000000 1484.886100
1200.000000 1484.687200
1250.000000 1484.733500
1300.000000 1485.102600
1350.000000 1485.298200
1400.000000 1485.692700
1450.000000 1486.136000
1500.000000 1486.524700
1550.000000 1486.944400
1600.000000 1487.552600
1650.000000 1488.022300
1700.000000 1488.490800
1750.000000 1488.973400
1800.000000 1489.484500
1850.000000 1489.967300
1900.000000 1490.368300
1950.000000 1491.072900
2000.000000 1491.671700
2050.000000 1492.158100
2100.000000 1492.745300
2150.000000 1493.480100
2200.000000 1494.120200
2250.000000 1494.826500
2300.000000 1495.507000
2350.000000 1496.177000
2400.000000 1496.959100
2450.000000 1497.672900
2500.000000 1498.397900
2550.000000 1499.119400
2600.000000 1499.872000
2650.000000 1500.608300
2700.000000 1501.433000
2750.000000 1502.271700
2800.000000 1503.060200
2850.000000 1503.881600
2900.000000 1504.706400
2950.000000 1505.487700
3000.000000 1506.303900
3050.000000 1507.120600
3100.000000 1507.921700
3150.000000 1508.768800
3200.000000 1509.596800
3250.000000 1510.451700
3300.000000 1511.326000
3350.000000 1512.158300
3400.000000 1513.012600
3450.000000 1513.846900
3500.000000 1514.700900
3550.000000 1515.556200
3600.000000 1516.406700
3650.000000 1517.255100
3700.000000 1518.137000
3750.000000 1519.006100
3800.000000 1519.878300
3850.000000 1520.746600
3900.000000 1521.632900
3950.000000 1522.488000
4000.000000 1523.337200
4050.000000 1524.228100
4100.000000 1525.115900
4150.000000 1526.008600
4200.000000 1526.898400
4250.000000 1527.792600
4300.000000 1528.699700
4350.000000 1529.601900
4400.000000 1530.516800
4450.000000 1531.427500
4500.000000 1532.342900
4550.000000 1533.259900
4600.000000 1534.151500
4650.000000 1535.116300
4700.000000 1536.037900
4750.000000 1536.959600
4800.000000 1537.881200
4850.000000 1538.802800
4900.000000 1539.724400
4950.000000 1540.646000
5000.000000 1541.567600
5050.000000 1542.489300
5100.000000 1543.410900
5150.000000 1544.332500
5200.000000 1545.254100
5250.000000 1546.175700
5300.000000 1547.097400
5350.000000 1548.019000
5400.000000 1548.940600
5450.000000 1549.862200
5500.000000 1550.783800
5550.000000 1551.705400
5600.000000 1552.627100
5650.000000 1553.548700
5700.000000 1554.470300
5750.000000 1555.391900
5800.000000 1556.313500
5850.000000 1557.235100
5900.000000 1558.156800
5950.000000 1559.078400
6000.000000 1560.000000
-1 -1
0.0000000 0.0000401
5.0000000 0.0000401
10.0000000 0.0000401
15.0000000 0.0000401
20.0000000 0.0000401
25.0000000 0.0000401
30.0000000 0.0000401
35.0000000 0.0000401
40.0000000 0.0000401
45.0000000 0.0000402
50.0000000 0.0000403
55.0000000 0.0000406
60.0000000 0.0000413
65.0000000 0.0000418
70.0000000 0.0000419
75.0000000 0.0000421
80.0000000 0.0000424
85.0000000 0.0000426
90.0000000 0.0000431
95.0000000 0.0000433
100.0000000 0.0000436
105.0000000 0.0000439
110.0000000 0.0000442
115.0000000 0.0000444
120.0000000 0.0000447
125.0000000 0.0000451
130.0000000 0.0000456
135.0000000 0.0000461
140.0000000 0.0000463
145.0000000 0.0000469
150.0000000 0.0000481
155.0000000 0.0000490
160.0000000 0.0000494
165.0000000 0.0000496
170.0000000 0.0000498
175.0000000 0.0000506
180.0000000 0.0000514
185.0000000 0.0000517
190.0000000 0.0000524
195.0000000 0.0000538
200.0000000 0.0000554
220.0000000 0.0000581
240.0000000 0.0000599
260.0000000 0.0000619
280.0000000 0.0000621
300.0000000 0.0000620
320.0000000 0.0000615
340.0000000 0.0000612
360.0000000 0.0000603
380.0000000 0.0000594
400.0000000 0.0000587
420.0000000 0.0000576
440.0000000 0.0000569
460.0000000 0.0000561
480.0000000 0.0000554
500.0000000 0.0000549
550.0000000 0.0000529
600.0000000 0.0000507
650.0000000 0.0000485
700.0000000 0.0000464
750.0000000 0.0000445
800.0000000 0.0000425
850.0000000 0.0000408
900.0000000 0.0000392
950.0000000 0.0000376
1000.0000000 0.0000360
1050.0000000 0.0000368
1100.0000000 0.0000377
1150.0000000 0.0000385
1200.0000000 0.0000394
1250.0000000 0.0000403
1300.0000000 0.0000411
1350.0000000 0.0000420
1400.0000000 0.0000429
1450.0000000 0.0000438
1500.0000000 0.0000447
1550.0000000 0.0000456
1600.0000000 0.0000465
1650.0000000 0.0000475
1700.0000000 0.0000485
1750.0000000 0.0000495
1800.0000000 0.0000505
1850.0000000 0.0000516
1900.0000000 0.0000527
1950.0000000 0.0000538
2000.0000000 0.0000549
2050.0000000 0.0000553
2100.0000000 0.0000556
2150.0000000 0.0000559
2200.0000000 0.0000562
2250.0000000 0.0000565
2300.0000000 0.0000568
2350.0000000 0.0000571
2400.0000000 0.0000574
2450.0000000 0.0000577
2500.0000000 0.0000581
2550.0000000 0.0000584
2600.0000000 0.0000587
2650.0000000 0.0000590
2700.0000000 0.0000593
2750.0000000 0.0000596
2800.0000000 0.0000599
2850.0000000 0.0000602
2900.0000000 0.0000605
2950.0000000 0.0000608
3000.0000000 0.0000611
3050.0000000 0.0000614
3100.0000000 0.0000618
3150.0000000 0.0000621
3200.0000000 0.0000624
3250.0000000 0.0000627
3300.0000000 0.0000630
3350.0000000 0.0000634
3400.0000000 0.0000637
3450.0000000 0.0000640
3500.0000000 0.0000643
3550.0000000 0.0000643
3600.0000000 0.0000643
3650.0000000 0.0000643
3700.0000000 0.0000642
3750.0000000 0.0000642
3800.0000000 0.0000642
3850.0000000 0.0000641
3900.0000000 0.0000641
3950.0000000 0.0000641
4000.0000000 0.0000641
4050.0000000 0.0000640
4100.0000000 0.0000640
4150.0000000 0.0000640
4200.0000000 0.0000639
4250.0000000 0.0000639
4300.0000000 0.0000639
4350.0000000 0.0000638
4400.0000000 0.0000638
4450.0000000 0.0000638
4500.0000000 0.0000637
4550.0000000 0.0000637
4600.0000000 0.0000637
4650.0000000 0.0000636
4700.0000000 0.0000636
4750.0000000 0.0000636
4800.0000000 0.0000635
4850.0000000 0.0000635
4900.0000000 0.0000635
4950.0000000 0.0000635
5000.0000000 0.0000634
5050.0000000 0.0000634
5100.0000000 0.0000634
5150.0000000 0.0000634
5200.0000000 0.0000633
5250.0000000 0.0000633
5300.0000000 0.0000633
5350.0000000 0.0000633
5400.0000000 0.0000632
5450.0000000 0.0000632
5500.0000000 0.0000632
5550.0000000 0.0000632
5600.0000000 0.0000632
5650.0000000 0.0000631
5700.0000000 0.0000631
5750.0000000 0.0000631
5800.0000000 0.0000631
5850.0000000 0.0000630
5900.0000000 0.0000630
5950.0000000 0.0000630
6000.0000000 0.0000630
-1 -1
0.000000 1709.144692
-1 -1
0.000000 1.871582
-1 -1
0.000000 0.402152
1074.098000 0.402152
1104.098000 10.000000
-1 -1
82000.000000
